Incident ID,Date,State,City,Attack,Severity,Sector,Financial Loss,Affected Users,Source,Status
CR00001,05-12-2024,Karnataka,Mangaluru,Identity Theft,Medium,E-commerce,4236007,46179,User Report,Resolved
CR00002,07-03-2025,Karnataka,Mangaluru,Phishing,Low,Banking,2593248,38772,User Report,Open
CR00003,26-12-2024,Puducherry,Puducherry,Online Fraud,Medium,Personal,4373794,549,News,Open
CR00004,28-02-2025,Chandigarh,Chandigarh,Online Fraud,Medium,Personal,688052,38985,News,Open
CR00005,09-03-2025,Chhattisgarh,Raipur,Identity Theft,Medium,Education,1990350,21986,Organization,Open
CR00006,23-12-2024,Tamil Nadu,Madurai,DDoS,Critical,Education,881779,10057,CERT-In,Open
CR00007,12-05-2026,West Bengal,Durgapur,Identity Theft,Medium,Personal,4226597,14023,CERT-In,Open
CR00008,02-11-2024,Gujarat,Rajkot,Data Breach,Low,Government,1758636,49472,Organization,Resolved
CR00009,02-09-2025,Jammu and Kashmir,Jammu,Data Breach,High,Government,4429541,1736,User Report,Open
CR00010,29-07-2024,Karnataka,Mysuru,Phishing,Critical,Education,79181,1028,News,Investigating
CR00011,24-05-2026,Ladakh,Leh,DDoS,Medium,Banking,3752677,38203,Organization,Investigating
CR00012,12-07-2024,Lakshadweep,Kavaratti,Phishing,Low,IT,551219,42973,User Report,Open
CR00013,30-06-2024,Himachal Pradesh,Dharamshala,DDoS,Medium,Corporate,3756102,14997,CERT-In,Investigating
CR00014,16-07-2025,Kerala,Thiruvananthapuram,Identity Theft,Critical,Education,2554020,34986,User Report,Open
CR00015,09-06-2024,Ladakh,Leh,Online Fraud,Medium,E-commerce,3941001,44987,CERT-In,Resolved
CR00016,04-06-2025,Nagaland,Kohima,Malware,Critical,Education,882438,13161,CERT-In,Open
CR00017,19-05-2026,Jharkhand,Jamshedpur,DDoS,Low,E-commerce,3092320,43161,Organization,Resolved
CR00018,07-08-2025,Karnataka,Mysuru,Malware,Critical,IT,3054984,29671,User Report,Open
CR00019,02-04-2025,Telangana,Warangal,Online Fraud,Low,E-commerce,4195402,1082,Organization,Investigating
CR00020,10-09-2025,Gujarat,Surat,DDoS,Low,E-commerce,2015873,24451,CERT-In,Open
CR00021,13-07-2025,Haryana,Panipat,Identity Theft,High,Healthcare,4051210,20340,News,Investigating
CR00022,19-01-2026,Karnataka,Mysuru,DDoS,Low,Personal,4742283,40639,User Report,Open
CR00023,22-08-2025,Arunachal Pradesh,Naharlagun,DDoS,Critical,IT,4584155,36020,User Report,Resolved
CR00024,08-05-2026,Gujarat,Ahmedabad,Identity Theft,High,Corporate,85435,34542,Organization,Resolved
CR00025,12-02-2024,Jammu and Kashmir,Srinagar,Online Fraud,Critical,Government,3954913,5181,User Report,Open
CR00026,18-01-2026,Arunachal Pradesh,Itanagar,Data Breach,Medium,Healthcare,3120892,13455,CERT-In,Open
CR00027,16-05-2024,Sikkim,Gangtok,Malware,Critical,Personal,4712505,48009,User Report,Investigating
CR00028,07-05-2025,Uttar Pradesh,Noida,Phishing,High,E-commerce,2900596,30002,News,Resolved
CR00029,08-08-2024,Manipur,Imphal,DDoS,Critical,Government,1662077,30442,Organization,Investigating
CR00030,04-04-2025,Jammu and Kashmir,Jammu,Data Breach,Medium,E-commerce,1626742,45286,Organization,Resolved
CR00031,25-08-2024,Ladakh,Leh,DDoS,High,Education,4817611,23932,CERT-In,Resolved
CR00032,04-03-2025,Uttarakhand,Dehradun,Malware,Medium,Personal,2207760,4469,User Report,Resolved
CR00033,02-04-2026,Chandigarh,Chandigarh,DDoS,Low,Corporate,2321378,10192,User Report,Open
CR00034,06-04-2024,Uttarakhand,Haridwar,DDoS,High,Personal,2717311,39701,User Report,Open
CR00035,22-12-2025,Telangana,Hyderabad,DDoS,Critical,Banking,4206810,47710,Organization,Resolved
CR00036,16-04-2024,Meghalaya,Shillong,Phishing,Low,Education,2369800,21751,News,Resolved
CR00037,06-01-2026,Manipur,Imphal,Data Breach,Critical,Government,1931431,34878,User Report,Investigating
CR00038,04-04-2024,Jharkhand,Ranchi,Phishing,Critical,IT,3603693,43104,Organization,Open
CR00039,22-08-2025,Manipur,Imphal,Phishing,Medium,Corporate,2492550,42443,News,Open
CR00040,28-05-2026,Delhi,New Delhi,Online Fraud,Critical,Healthcare,2862724,45824,Organization,Investigating
CR00041,14-02-2026,Tamil Nadu,Chennai,Ransomware,High,Corporate,3346657,39438,Organization,Investigating
CR00042,08-04-2025,Manipur,Imphal,DDoS,Medium,Personal,4613432,13124,User Report,Open
CR00043,30-10-2024,Karnataka,Bengaluru,Phishing,Low,Government,1901138,40318,CERT-In,Investigating
CR00044,07-02-2025,Andhra Pradesh,Vijayawada,Online Fraud,Medium,Education,1061134,23996,News,Resolved
CR00045,29-06-2024,Karnataka,Mangaluru,Data Breach,Medium,Banking,2374232,3326,User Report,Resolved
CR00046,15-03-2025,Kerala,Kozhikode,Malware,Medium,Personal,471556,49508,News,Investigating
CR00047,10-04-2025,Maharashtra,Mumbai,Data Breach,Medium,Personal,1060060,12974,Organization,Investigating
CR00048,19-01-2024,Nagaland,Kohima,Identity Theft,Low,IT,2919027,41440,User Report,Resolved
CR00049,11-10-2024,Telangana,Hyderabad,Ransomware,High,Corporate,1541602,44085,CERT-In,Open
CR00050,14-01-2024,Andaman and Nicobar Islands,Port Blair,DDoS,Low,E-commerce,1761899,2668,CERT-In,Open
CR00051,12-01-2026,Mizoram,Aizawl,Identity Theft,Critical,Banking,230575,49003,User Report,Resolved
CR00052,01-05-2026,Dadra and Nagar Haveli and Daman and Diu,Silvassa,Identity Theft,Critical,IT,780806,22526,User Report,Investigating
CR00053,20-01-2024,Himachal Pradesh,Shimla,Malware,High,E-commerce,175238,17612,Organization,Open
CR00054,02-05-2025,Arunachal Pradesh,Naharlagun,Data Breach,Low,Banking,2297542,26031,User Report,Investigating
CR00055,27-04-2025,Mizoram,Aizawl,Data Breach,Low,Banking,658965,23338,News,Open
CR00056,12-12-2025,Maharashtra,Pune,Identity Theft,Medium,Government,3698674,32307,CERT-In,Investigating
CR00057,13-06-2026,Andhra Pradesh,Visakhapatnam,Ransomware,Critical,E-commerce,2610266,23696,CERT-In,Resolved
CR00058,29-09-2025,Tripura,Agartala,Phishing,High,Personal,200402,11453,User Report,Investigating
CR00059,23-05-2025,Karnataka,Mysuru,Data Breach,Critical,IT,4998347,4712,News,Open
CR00060,02-01-2025,Madhya Pradesh,Gwalior,Data Breach,Medium,E-commerce,4185629,43350,Organization,Open
CR00061,18-04-2025,Maharashtra,Nashik,Data Breach,Medium,IT,15590,19918,CERT-In,Investigating
CR00062,19-09-2025,Odisha,Bhubaneswar,Ransomware,Low,E-commerce,1110149,16920,News,Resolved
CR00063,02-12-2024,Sikkim,Gangtok,Online Fraud,Medium,Government,1717185,46650,CERT-In,Investigating
CR00064,12-10-2025,Odisha,Cuttack,Phishing,Low,Corporate,3377701,2181,User Report,Resolved
CR00065,10-04-2026,Manipur,Imphal,Ransomware,Low,IT,2030866,38489,CERT-In,Open
CR00066,22-03-2024,Delhi,New Delhi,DDoS,Low,Education,1982705,46094,User Report,Investigating
CR00067,10-07-2024,Delhi,New Delhi,Online Fraud,Critical,Corporate,1515082,47541,News,Investigating
CR00068,27-12-2024,Tripura,Agartala,Identity Theft,High,E-commerce,2160534,6663,Organization,Open
CR00069,15-03-2025,Lakshadweep,Kavaratti,Data Breach,Low,E-commerce,3679653,4486,News,Resolved
CR00070,17-10-2024,Karnataka,Mangaluru,Ransomware,High,Banking,4036532,21606,News,Investigating
CR00071,09-10-2025,Chhattisgarh,Bilaspur,Identity Theft,Medium,Education,4993777,39217,News,Investigating
CR00072,31-01-2025,Ladakh,Leh,Malware,Critical,E-commerce,937125,26059,News,Resolved
CR00073,20-10-2025,Sikkim,Gangtok,Phishing,Medium,Education,449611,25712,User Report,Open
CR00074,13-04-2024,West Bengal,Durgapur,DDoS,Medium,Government,1205089,9715,News,Investigating
CR00075,12-10-2025,Meghalaya,Shillong,Phishing,Medium,Banking,2403518,28708,CERT-In,Resolved
CR00076,16-01-2025,Andhra Pradesh,Visakhapatnam,Phishing,Low,Personal,2095336,30950,Organization,Resolved
CR00077,04-09-2024,Mizoram,Aizawl,Ransomware,Low,Government,3225025,38010,CERT-In,Resolved
CR00078,19-03-2024,Madhya Pradesh,Bhopal,Ransomware,Low,Personal,4961754,38247,CERT-In,Open
CR00079,20-02-2025,Punjab,Amritsar,DDoS,High,Healthcare,4231414,11490,User Report,Investigating
CR00080,01-01-2026,Uttar Pradesh,Lucknow,Identity Theft,Critical,E-commerce,1959486,32451,News,Investigating
CR00081,09-05-2024,Sikkim,Gangtok,Malware,High,Personal,2845893,42951,User Report,Open
CR00082,21-07-2025,Andaman and Nicobar Islands,Port Blair,Ransomware,Low,Personal,92328,14836,User Report,Investigating
CR00083,01-11-2025,Mizoram,Aizawl,Identity Theft,Critical,Education,2548664,19631,User Report,Resolved
CR00084,15-12-2024,Puducherry,Puducherry,Malware,Critical,Corporate,1433409,27870,Organization,Resolved
CR00085,22-01-2026,Uttar Pradesh,Varanasi,Online Fraud,High,Education,3051546,15265,News,Investigating
CR00086,18-01-2026,Maharashtra,Mumbai,Ransomware,Critical,E-commerce,158613,19320,Organization,Open
CR00087,27-08-2024,Chandigarh,Chandigarh,Data Breach,Critical,Personal,624407,39572,CERT-In,Open
CR00088,24-11-2025,Chandigarh,Chandigarh,Online Fraud,Critical,Personal,1601330,19492,News,Resolved
CR00089,14-05-2024,Maharashtra,Nagpur,Malware,Critical,Government,3218599,32678,Organization,Resolved
CR00090,21-12-2024,Uttarakhand,Haridwar,Online Fraud,Medium,E-commerce,3541861,17630,User Report,Resolved
CR00091,09-12-2024,West Bengal,Durgapur,Online Fraud,High,Education,3818245,33664,User Report,Open
CR00092,12-06-2025,Haryana,Gurugram,Ransomware,Low,Personal,2045733,42715,News,Investigating
CR00093,11-12-2024,Mizoram,Aizawl,Data Breach,Medium,Personal,955740,36742,User Report,Open
CR00094,21-12-2024,Haryana,Gurugram,Identity Theft,High,Corporate,1684839,41142,User Report,Resolved
CR00095,22-09-2025,Kerala,Kochi,Ransomware,Critical,IT,708900,40053,News,Open
CR00096,08-01-2026,Telangana,Warangal,Malware,Critical,Government,1150580,11606,User Report,Open
CR00097,18-02-2025,Uttar Pradesh,Varanasi,Online Fraud,High,Personal,4327405,3653,CERT-In,Investigating
CR00098,20-07-2025,Puducherry,Puducherry,Phishing,Low,Banking,3004716,27131,User Report,Resolved
CR00099,16-10-2024,Tripura,Agartala,Online Fraud,Medium,IT,4704746,11947,News,Open
CR00100,07-09-2025,Lakshadweep,Kavaratti,Data Breach,High,Healthcare,4581905,29725,Organization,Resolved
CR00101,19-12-2025,Telangana,Hyderabad,Phishing,Critical,Personal,2488683,24334,User Report,Investigating
CR00102,13-04-2025,Bihar,Muzaffarpur,Online Fraud,High,Banking,3968987,12479,Organization,Open
CR00103,25-07-2026,West Bengal,Kolkata,Identity Theft,Critical,Banking,150865,14357,User Report,Open
CR00104,19-03-2025,Nagaland,Kohima,Data Breach,Low,Banking,1051947,18383,CERT-In,Investigating
CR00105,20-04-2026,Kerala,Kochi,Ransomware,Low,Personal,4353095,9806,User Report,Resolved
CR00106,05-10-2025,Chandigarh,Chandigarh,DDoS,Low,E-commerce,1587198,41198,CERT-In,Resolved
CR00107,05-11-2024,Dadra and Nagar Haveli and Daman and Diu,Daman,Phishing,Low,Corporate,1881151,49079,Organization,Resolved
CR00108,28-01-2025,Jammu and Kashmir,Srinagar,Ransomware,Medium,Personal,995238,39760,Organization,Resolved
CR00109,14-10-2024,Tamil Nadu,Coimbatore,Data Breach,Critical,Healthcare,4297158,16396,User Report,Open
CR00110,22-07-2026,Ladakh,Leh,Data Breach,Low,IT,140080,16717,User Report,Resolved
CR00111,11-02-2024,Chhattisgarh,Raipur,Malware,Critical,E-commerce,1050890,47001,CERT-In,Investigating
CR00112,27-03-2025,Uttar Pradesh,Noida,Malware,Medium,Banking,1742861,24287,CERT-In,Investigating
CR00113,06-06-2024,Chandigarh,Chandigarh,DDoS,High,Banking,857253,30657,News,Investigating
CR00114,19-12-2024,Kerala,Kochi,Ransomware,Medium,Personal,799965,47530,Organization,Open
CR00115,30-05-2025,Delhi,New Delhi,Malware,Critical,Government,3508799,48372,News,Investigating
CR00116,14-04-2024,Lakshadweep,Kavaratti,Malware,High,E-commerce,3081603,3608,User Report,Investigating
CR00117,29-07-2025,Madhya Pradesh,Gwalior,Data Breach,Medium,E-commerce,1791227,17359,News,Resolved
CR00118,16-09-2024,Lakshadweep,Kavaratti,Phishing,Medium,IT,1057214,19204,CERT-In,Resolved
CR00119,01-07-2024,Maharashtra,Nashik,Online Fraud,Critical,Corporate,2120380,20049,Organization,Resolved
CR00120,21-06-2025,Mizoram,Aizawl,Data Breach,Low,Personal,3712647,38966,News,Open
CR00121,30-07-2026,Delhi,New Delhi,Malware,Medium,Corporate,2942959,17453,CERT-In,Investigating
CR00122,24-09-2025,Gujarat,Rajkot,Malware,High,Corporate,3839344,43434,User Report,Investigating
CR00123,13-11-2024,Bihar,Patna,Ransomware,High,Healthcare,1335576,7142,User Report,Investigating
CR00124,04-06-2024,Kerala,Kochi,Malware,Low,Healthcare,1196354,27457,News,Resolved
CR00125,10-01-2025,Delhi,New Delhi,Identity Theft,Critical,Personal,4629291,12193,User Report,Resolved
CR00126,12-12-2024,Goa,Margao,Ransomware,Critical,Government,3099234,44833,User Report,Resolved
CR00127,07-03-2024,Lakshadweep,Kavaratti,Data Breach,Critical,Personal,1832321,46119,CERT-In,Investigating
CR00128,29-09-2025,Bihar,Muzaffarpur,Ransomware,Medium,Government,1883283,38062,Organization,Resolved
CR00129,09-05-2025,Bihar,Muzaffarpur,Online Fraud,Critical,E-commerce,4269002,26487,News,Investigating
CR00130,31-10-2025,Maharashtra,Nashik,Data Breach,Medium,E-commerce,2497169,26784,Organization,Resolved
CR00131,03-05-2026,Chhattisgarh,Raipur,Identity Theft,Critical,Personal,3137291,16397,News,Investigating
CR00132,16-11-2025,Maharashtra,Pune,Data Breach,High,Healthcare,3133232,9289,News,Resolved
CR00133,04-05-2025,Chhattisgarh,Raipur,DDoS,High,Education,517423,46555,CERT-In,Resolved
CR00134,07-04-2026,Tamil Nadu,Coimbatore,Data Breach,Low,E-commerce,1805931,7508,CERT-In,Investigating
CR00135,23-03-2026,Kerala,Kochi,Malware,Medium,Education,1818379,19049,CERT-In,Resolved
CR00136,26-08-2025,Tripura,Agartala,Ransomware,Low,IT,440593,13277,User Report,Investigating
CR00137,05-09-2024,Dadra and Nagar Haveli and Daman and Diu,Daman,Ransomware,Low,Personal,4452519,21818,User Report,Open
CR00138,19-01-2026,Puducherry,Puducherry,Ransomware,Low,Personal,4330982,21876,News,Investigating
CR00139,26-02-2024,Delhi,New Delhi,Online Fraud,High,Healthcare,3383054,46380,User Report,Open
CR00140,28-02-2024,Meghalaya,Shillong,Phishing,Medium,E-commerce,4147123,11924,News,Investigating
CR00141,23-06-2025,Puducherry,Puducherry,Online Fraud,Low,Banking,4845343,34442,News,Resolved
CR00142,16-03-2025,West Bengal,Siliguri,Phishing,High,E-commerce,1294476,13844,CERT-In,Open
CR00143,10-02-2024,Goa,Margao,Ransomware,High,IT,227596,14891,News,Open
CR00144,19-02-2025,Meghalaya,Shillong,Phishing,Critical,E-commerce,2721975,30907,CERT-In,Resolved
CR00145,27-11-2024,Gujarat,Surat,DDoS,Low,Healthcare,1325711,24166,CERT-In,Open
CR00146,30-04-2024,Maharashtra,Nashik,Malware,High,Healthcare,4135538,3935,CERT-In,Open
CR00147,05-03-2026,Andhra Pradesh,Vijayawada,Malware,Medium,Government,3104061,45510,CERT-In,Resolved
CR00148,28-09-2025,Uttarakhand,Haridwar,DDoS,Low,Healthcare,2475846,13454,User Report,Investigating
CR00149,19-03-2026,Jammu and Kashmir,Jammu,Identity Theft,Critical,IT,4028093,14439,Organization,Open
CR00150,09-10-2024,Dadra and Nagar Haveli and Daman and Diu,Daman,Identity Theft,Low,Personal,1004567,37196,News,Investigating
CR00151,17-09-2025,Odisha,Cuttack,Online Fraud,Medium,Personal,1635851,22644,CERT-In,Investigating
CR00152,18-12-2024,Jharkhand,Ranchi,Data Breach,Critical,IT,4625222,38634,Organization,Investigating
CR00153,29-07-2024,Telangana,Warangal,Identity Theft,Low,Education,3169878,21348,Organization,Resolved
CR00154,14-01-2026,Puducherry,Puducherry,Ransomware,High,Government,3554426,40054,User Report,Open
CR00155,07-02-2024,Telangana,Hyderabad,Identity Theft,Medium,Government,3858218,33005,News,Resolved
CR00156,28-01-2025,Goa,Panaji,Data Breach,Critical,Personal,3869948,3998,News,Resolved
CR00157,16-04-2024,Uttar Pradesh,Lucknow,DDoS,Critical,E-commerce,1243405,3358,News,Resolved
CR00158,05-07-2024,Andaman and Nicobar Islands,Port Blair,Malware,Low,Personal,1569923,9438,User Report,Open
CR00159,21-07-2026,Assam,Dibrugarh,Identity Theft,Low,Government,4830958,28616,User Report,Investigating
CR00160,18-07-2026,Kerala,Kochi,Data Breach,Critical,Government,1952298,49286,User Report,Resolved
CR00161,25-11-2025,Jharkhand,Jamshedpur,Online Fraud,Medium,Education,4516867,12111,User Report,Open
CR00162,24-06-2024,Gujarat,Vadodara,Ransomware,Medium,Government,907006,6918,Organization,Resolved
CR00163,26-05-2026,Uttar Pradesh,Lucknow,Identity Theft,Medium,Education,1454611,41291,CERT-In,Resolved
CR00164,24-10-2025,Dadra and Nagar Haveli and Daman and Diu,Silvassa,Phishing,Critical,IT,3161858,10973,Organization,Investigating
CR00165,16-09-2025,Gujarat,Surat,Identity Theft,Medium,Corporate,982907,37121,User Report,Resolved
CR00166,22-07-2025,Odisha,Cuttack,Data Breach,Low,Education,1745712,8705,CERT-In,Investigating
CR00167,05-05-2024,Meghalaya,Shillong,Data Breach,Medium,Government,791267,14941,News,Open
CR00168,31-10-2025,Jharkhand,Ranchi,DDoS,Medium,Personal,2672563,22952,News,Investigating
CR00169,10-06-2024,Haryana,Panipat,Ransomware,Medium,IT,2160854,33597,CERT-In,Open
CR00170,01-02-2026,Lakshadweep,Kavaratti,DDoS,Critical,Healthcare,3647778,19572,User Report,Investigating
CR00171,06-06-2024,Ladakh,Leh,Identity Theft,Low,IT,2293457,11091,CERT-In,Resolved
CR00172,12-06-2024,Karnataka,Bengaluru,DDoS,Low,IT,4487349,46309,CERT-In,Investigating
CR00173,12-01-2026,Puducherry,Puducherry,Identity Theft,Critical,Government,1320450,6502,Organization,Investigating
CR00174,01-03-2025,Chandigarh,Chandigarh,Identity Theft,High,Education,1347901,15539,User Report,Open
CR00175,23-02-2024,Gujarat,Rajkot,Identity Theft,Medium,Personal,3307597,23000,User Report,Investigating
CR00176,23-07-2024,Jharkhand,Ranchi,Identity Theft,Low,E-commerce,645028,8736,Organization,Open
CR00177,17-06-2024,Puducherry,Puducherry,Online Fraud,Critical,E-commerce,1662460,30047,User Report,Resolved
CR00178,05-04-2026,Delhi,New Delhi,Data Breach,Medium,Personal,174919,18821,User Report,Resolved
CR00179,27-04-2024,Telangana,Hyderabad,Ransomware,Low,E-commerce,3191530,36865,News,Investigating
CR00180,22-01-2026,Nagaland,Kohima,DDoS,High,Personal,4296245,20392,User Report,Open
CR00181,16-05-2026,Manipur,Imphal,Malware,Medium,Government,2117048,3583,Organization,Resolved
CR00182,24-10-2024,Andhra Pradesh,Visakhapatnam,DDoS,High,E-commerce,1731708,34875,News,Open
CR00183,27-04-2025,Uttar Pradesh,Varanasi,Phishing,Critical,Education,1453731,41338,User Report,Resolved
CR00184,03-03-2025,Rajasthan,Jodhpur,Online Fraud,Low,IT,1814229,49317,CERT-In,Open
CR00185,18-08-2025,Ladakh,Leh,Data Breach,High,Personal,348654,42526,CERT-In,Resolved
CR00186,13-09-2025,Arunachal Pradesh,Naharlagun,Phishing,Medium,Personal,4948416,40592,Organization,Resolved
CR00187,30-11-2024,Chandigarh,Chandigarh,Ransomware,Medium,Education,2154401,43196,User Report,Resolved
CR00188,30-06-2025,Haryana,Gurugram,Malware,Low,Healthcare,2267742,1577,User Report,Investigating
CR00189,02-10-2025,Delhi,New Delhi,Online Fraud,High,Banking,1289370,20613,News,Investigating
CR00190,25-04-2026,Rajasthan,Udaipur,Identity Theft,Critical,E-commerce,4744250,48870,News,Open
CR00191,26-06-2026,Ladakh,Leh,Phishing,Critical,IT,4395366,9012,User Report,Investigating
CR00192,09-01-2024,Goa,Margao,Online Fraud,Medium,E-commerce,2059161,10522,News,Investigating
CR00193,04-02-2024,Puducherry,Puducherry,Data Breach,Low,Personal,1610884,41188,CERT-In,Investigating
CR00194,25-09-2025,Nagaland,Dimapur,Ransomware,Medium,Healthcare,2197813,25723,Organization,Resolved
CR00195,04-03-2024,Puducherry,Puducherry,Malware,Critical,Education,1343753,38364,Organization,Resolved
CR00196,12-06-2024,Lakshadweep,Kavaratti,Online Fraud,High,Education,4111211,20769,Organization,Open
CR00197,13-08-2024,Sikkim,Gangtok,Malware,Critical,E-commerce,4671686,14035,User Report,Resolved
CR00198,29-10-2024,Delhi,New Delhi,Phishing,Low,IT,2530441,14865,News,Investigating
CR00199,14-12-2025,Chhattisgarh,Raipur,Malware,Low,Personal,953199,10417,User Report,Resolved
CR00200,29-11-2025,Andhra Pradesh,Vijayawada,Ransomware,Medium,Banking,4272125,28069,News,Open
CR00201,09-09-2024,Maharashtra,Mumbai,DDoS,Medium,Healthcare,3141741,38905,CERT-In,Investigating
CR00202,11-07-2025,Haryana,Panipat,Malware,High,Healthcare,4515195,32115,User Report,Resolved
CR00203,20-02-2026,Haryana,Gurugram,Malware,Low,Personal,2047147,28485,User Report,Open
CR00204,22-10-2025,Tamil Nadu,Chennai,Ransomware,Medium,IT,3557875,33530,News,Investigating
CR00205,19-02-2026,Lakshadweep,Kavaratti,DDoS,High,IT,2456638,48413,News,Open
CR00206,16-06-2024,Assam,Dibrugarh,Phishing,High,IT,2306596,8753,Organization,Investigating
CR00207,13-02-2026,Goa,Panaji,Identity Theft,Critical,Personal,1240885,26017,News,Resolved
CR00208,16-07-2026,Meghalaya,Shillong,Data Breach,Low,IT,3443796,1666,User Report,Resolved
CR00209,07-05-2025,Chhattisgarh,Bilaspur,Ransomware,Critical,Education,1099043,49045,User Report,Investigating
CR00210,08-01-2024,Chhattisgarh,Bilaspur,Ransomware,Medium,Banking,4568683,45556,Organization,Open
CR00211,01-12-2024,Bihar,Patna,Phishing,Medium,Education,3941023,28398,User Report,Resolved
CR00212,28-09-2024,Andhra Pradesh,Vijayawada,Malware,Critical,E-commerce,2216455,5750,CERT-In,Resolved
CR00213,30-01-2025,West Bengal,Kolkata,Malware,Low,E-commerce,2296634,41115,User Report,Investigating
CR00214,27-09-2024,Haryana,Gurugram,Ransomware,Low,E-commerce,4237501,39335,News,Resolved
CR00215,05-05-2026,Ladakh,Leh,Phishing,Critical,Corporate,1849962,40791,CERT-In,Open
CR00216,01-04-2025,Rajasthan,Udaipur,Identity Theft,High,Corporate,978514,31150,CERT-In,Resolved
CR00217,21-08-2025,Manipur,Imphal,Online Fraud,Medium,Corporate,3625967,33263,User Report,Resolved
CR00218,24-10-2025,Jharkhand,Jamshedpur,Phishing,Low,Government,1249704,6967,User Report,Open
CR00219,17-07-2025,Assam,Dibrugarh,Data Breach,Medium,E-commerce,4581065,20327,Organization,Open
CR00220,18-10-2024,Assam,Silchar,Data Breach,Critical,Healthcare,1366540,6671,News,Investigating
CR00221,24-10-2024,Uttar Pradesh,Kanpur,Identity Theft,High,Personal,2243133,14908,CERT-In,Resolved
CR00222,14-10-2025,Andaman and Nicobar Islands,Port Blair,Online Fraud,Medium,Banking,416913,41231,Organization,Open
CR00223,01-10-2025,Chandigarh,Chandigarh,Online Fraud,High,E-commerce,1256440,30043,News,Investigating
CR00224,28-12-2024,Maharashtra,Pune,Data Breach,Low,IT,527232,12977,User Report,Resolved
CR00225,19-03-2024,Kerala,Thiruvananthapuram,Online Fraud,Medium,Banking,272141,17266,CERT-In,Open
CR00226,22-05-2024,Punjab,Amritsar,Data Breach,Medium,Personal,964024,13912,News,Resolved
CR00227,05-02-2025,Lakshadweep,Kavaratti,Ransomware,High,Corporate,4275247,47402,News,Resolved
CR00228,24-05-2026,Nagaland,Dimapur,Malware,Critical,Corporate,4835462,15839,Organization,Investigating
CR00229,27-02-2026,Gujarat,Ahmedabad,Data Breach,Medium,Education,3060313,10010,News,Open
CR00230,16-09-2025,Maharashtra,Nashik,Malware,Critical,Healthcare,1123171,20222,CERT-In,Open
CR00231,30-12-2025,Chhattisgarh,Raipur,Identity Theft,High,Education,3504263,10198,Organization,Resolved
CR00232,27-08-2025,Bihar,Patna,Identity Theft,Medium,Corporate,21642,22873,User Report,Open
CR00233,15-04-2024,Uttarakhand,Haridwar,Ransomware,High,IT,1309698,48823,Organization,Open
CR00234,25-11-2024,Himachal Pradesh,Dharamshala,Ransomware,Low,Education,2240348,2316,News,Resolved
CR00235,23-06-2024,Karnataka,Mysuru,Malware,High,Education,1590235,42940,User Report,Investigating
CR00236,11-06-2024,Odisha,Cuttack,Ransomware,Critical,Personal,2441520,20608,Organization,Open
CR00237,28-07-2026,Telangana,Hyderabad,Identity Theft,Low,IT,3034504,18107,User Report,Open
CR00238,30-06-2024,Karnataka,Mangaluru,Data Breach,Low,Banking,1569235,2959,Organization,Open
CR00239,28-08-2024,Jammu and Kashmir,Jammu,Malware,High,Corporate,1307328,37891,CERT-In,Resolved
CR00240,23-12-2025,Jammu and Kashmir,Srinagar,DDoS,Low,IT,3060744,31485,Organization,Open
CR00241,27-01-2025,Tripura,Agartala,Online Fraud,Low,Corporate,157891,30730,User Report,Investigating
CR00242,29-01-2026,Meghalaya,Shillong,Malware,Medium,Banking,4733909,27433,CERT-In,Open
CR00243,25-06-2026,Himachal Pradesh,Shimla,Phishing,Critical,Government,3651475,29339,CERT-In,Resolved
CR00244,05-12-2024,Arunachal Pradesh,Itanagar,Phishing,High,E-commerce,3441654,25521,User Report,Open
CR00245,17-06-2026,Assam,Dibrugarh,Identity Theft,Low,E-commerce,3957027,47741,News,Investigating
CR00246,01-03-2026,Delhi,New Delhi,Phishing,High,Personal,4856754,46755,CERT-In,Investigating
CR00247,19-12-2024,Assam,Dibrugarh,Online Fraud,High,Healthcare,3360483,13708,CERT-In,Resolved
CR00248,27-03-2025,Puducherry,Puducherry,Phishing,Medium,Government,2815183,24005,News,Investigating
CR00249,03-02-2025,Lakshadweep,Kavaratti,Online Fraud,Medium,E-commerce,2648885,38586,CERT-In,Investigating
CR00250,29-11-2025,Jammu and Kashmir,Srinagar,DDoS,Low,Corporate,414755,1314,News,Open
CR00251,27-03-2024,Tamil Nadu,Coimbatore,Malware,Low,Personal,1703561,41311,CERT-In,Open
CR00252,28-08-2025,Dadra and Nagar Haveli and Daman and Diu,Daman,Malware,High,Education,4346057,9166,User Report,Open
CR00253,27-08-2024,Andhra Pradesh,Guntur,Online Fraud,Low,Healthcare,4600161,29690,CERT-In,Resolved
CR00254,04-07-2024,Sikkim,Gangtok,Data Breach,Low,E-commerce,39448,31859,News,Open
CR00255,24-01-2025,Bihar,Muzaffarpur,Data Breach,High,Banking,4190424,6260,User Report,Resolved
CR00256,13-07-2024,Telangana,Hyderabad,Data Breach,Low,Corporate,4087240,3302,User Report,Open
CR00257,21-04-2024,Jammu and Kashmir,Jammu,Online Fraud,Low,Corporate,2767930,16667,CERT-In,Resolved
CR00258,06-08-2025,Assam,Guwahati,DDoS,High,Personal,4133825,24888,Organization,Open
CR00259,29-06-2024,Uttar Pradesh,Kanpur,Ransomware,Medium,Government,804856,927,News,Resolved
CR00260,21-05-2026,Bihar,Muzaffarpur,Malware,Critical,E-commerce,217867,7302,Organization,Investigating
CR00261,19-04-2025,Meghalaya,Shillong,Identity Theft,Medium,IT,1351793,15142,User Report,Investigating
CR00262,31-08-2024,Uttar Pradesh,Varanasi,Online Fraud,Critical,Corporate,1109848,6581,CERT-In,Resolved
CR00263,30-01-2024,Manipur,Imphal,Malware,High,Education,3427295,20084,User Report,Resolved
CR00264,20-03-2024,Uttar Pradesh,Lucknow,Online Fraud,Critical,E-commerce,2619468,42807,User Report,Open
CR00265,10-08-2024,Lakshadweep,Kavaratti,Malware,Low,Education,2351123,46704,CERT-In,Open
CR00266,20-07-2025,Lakshadweep,Kavaratti,DDoS,Low,Corporate,1565719,35000,CERT-In,Open
CR00267,06-05-2026,Himachal Pradesh,Dharamshala,Online Fraud,Medium,Healthcare,4858419,40590,CERT-In,Investigating
CR00268,01-10-2025,Tamil Nadu,Chennai,Data Breach,High,Personal,1443355,30608,CERT-In,Investigating
CR00269,03-01-2024,Punjab,Chandigarh,Online Fraud,Critical,Healthcare,945682,38302,Organization,Resolved
CR00270,13-03-2026,Uttarakhand,Haridwar,Online Fraud,Medium,E-commerce,1055688,47579,User Report,Open
CR00271,11-05-2024,Goa,Margao,Ransomware,Medium,Corporate,4766053,36434,News,Resolved
CR00272,29-01-2025,Andhra Pradesh,Vijayawada,Identity Theft,Low,Banking,647340,39828,CERT-In,Investigating
CR00273,11-03-2025,Karnataka,Mysuru,Phishing,Critical,Education,4475442,16253,CERT-In,Open
CR00274,21-11-2024,Andaman and Nicobar Islands,Port Blair,Malware,Critical,Healthcare,3562755,47796,User Report,Open
CR00275,10-03-2025,Punjab,Amritsar,Phishing,Low,E-commerce,4359422,2575,CERT-In,Open
CR00276,04-04-2024,Ladakh,Leh,DDoS,High,Healthcare,3933309,29908,News,Investigating
CR00277,10-10-2024,Arunachal Pradesh,Naharlagun,Data Breach,Medium,Banking,3432771,26442,Organization,Investigating
CR00278,14-03-2024,Haryana,Faridabad,Phishing,Critical,E-commerce,745519,47001,User Report,Investigating
CR00279,05-01-2025,Madhya Pradesh,Indore,Data Breach,Low,E-commerce,4182803,44254,CERT-In,Investigating
CR00280,20-12-2025,Uttarakhand,Haridwar,Online Fraud,High,IT,567385,26204,CERT-In,Investigating
CR00281,28-05-2025,Himachal Pradesh,Dharamshala,Ransomware,High,Personal,4394099,5278,CERT-In,Open
CR00282,15-11-2025,Delhi,New Delhi,Ransomware,Medium,Healthcare,3766184,6489,News,Open
CR00283,09-12-2024,Punjab,Ludhiana,Malware,High,Government,887985,4133,User Report,Investigating
CR00284,02-09-2024,Mizoram,Aizawl,Phishing,High,E-commerce,2217214,33108,CERT-In,Resolved
CR00285,21-12-2025,Uttar Pradesh,Kanpur,Phishing,Low,Personal,4529706,1380,Organization,Resolved
CR00286,07-08-2025,Manipur,Imphal,DDoS,High,Government,3005281,20794,User Report,Investigating
CR00287,31-03-2026,Jammu and Kashmir,Jammu,Online Fraud,High,Healthcare,4349037,4090,News,Investigating
CR00288,04-08-2024,Maharashtra,Nashik,Online Fraud,Low,Corporate,3368097,210,Organization,Open
CR00289,24-01-2025,Jharkhand,Jamshedpur,Data Breach,Medium,IT,4552070,10373,News,Resolved
CR00290,19-02-2024,Assam,Guwahati,Ransomware,Critical,Personal,1206965,15062,User Report,Resolved
CR00291,27-01-2024,Tripura,Agartala,Data Breach,Critical,Banking,4861820,9345,News,Resolved
CR00292,15-06-2025,West Bengal,Siliguri,Online Fraud,High,E-commerce,3366283,6704,Organization,Investigating
CR00293,28-12-2025,Meghalaya,Shillong,Ransomware,Critical,Education,364637,10209,User Report,Resolved
CR00294,09-03-2025,Odisha,Bhubaneswar,Malware,Low,Personal,960971,11622,CERT-In,Investigating
CR00295,04-10-2025,Nagaland,Kohima,Online Fraud,Critical,Education,2801537,25795,Organization,Open
CR00296,15-10-2025,Assam,Silchar,Malware,Low,Education,884662,7320,CERT-In,Resolved
CR00297,25-12-2025,West Bengal,Durgapur,Data Breach,Critical,E-commerce,4051634,27984,User Report,Open
CR00298,22-02-2024,Arunachal Pradesh,Naharlagun,Data Breach,Medium,Education,954402,39038,CERT-In,Resolved
CR00299,07-09-2025,Goa,Margao,Malware,Critical,Corporate,2418208,12537,News,Open
CR00300,19-04-2025,Telangana,Warangal,DDoS,High,Healthcare,2989259,7019,News,Open
CR00301,07-05-2025,Sikkim,Gangtok,DDoS,High,IT,4895437,21143,Organization,Investigating
CR00302,11-02-2024,Chandigarh,Chandigarh,Online Fraud,Critical,E-commerce,338227,9085,User Report,Investigating
CR00303,11-12-2024,Andaman and Nicobar Islands,Port Blair,Identity Theft,Medium,Education,324745,15316,News,Investigating
CR00304,17-09-2025,Puducherry,Puducherry,Phishing,Low,Personal,3807359,30156,CERT-In,Resolved
CR00305,22-05-2024,Bihar,Muzaffarpur,Data Breach,High,E-commerce,919439,2960,News,Open
CR00306,19-08-2025,Punjab,Amritsar,Online Fraud,Medium,IT,3955725,43649,User Report,Resolved
CR00307,23-11-2024,Bihar,Patna,Data Breach,Low,Personal,4527982,34435,News,Resolved
CR00308,10-12-2025,Sikkim,Gangtok,Data Breach,Low,IT,2696520,13359,News,Investigating
CR00309,11-11-2025,Ladakh,Leh,Ransomware,Medium,Personal,3892643,3907,User Report,Open
CR00310,29-10-2025,Delhi,New Delhi,Phishing,High,Personal,4241079,30751,CERT-In,Resolved
CR00311,11-12-2025,Mizoram,Aizawl,Identity Theft,Low,Government,4131938,6244,CERT-In,Investigating
CR00312,29-03-2025,Odisha,Cuttack,Identity Theft,Medium,Banking,174233,22367,News,Resolved
CR00313,13-07-2024,Telangana,Warangal,Ransomware,High,E-commerce,1330238,9689,CERT-In,Investigating
CR00314,10-08-2025,Karnataka,Mysuru,Malware,Critical,Corporate,4665614,1750,Organization,Open
CR00315,20-01-2024,Jharkhand,Jamshedpur,Online Fraud,Low,Banking,618194,31044,User Report,Open
CR00316,27-04-2024,Haryana,Panipat,Phishing,Critical,Corporate,4669163,22432,News,Resolved
CR00317,30-05-2025,Chhattisgarh,Bilaspur,Phishing,Low,IT,362048,30726,User Report,Resolved
CR00318,30-03-2025,Manipur,Imphal,Phishing,Medium,IT,1919933,35127,User Report,Resolved
CR00319,18-04-2025,Manipur,Imphal,Ransomware,High,E-commerce,1640671,32790,CERT-In,Resolved
CR00320,04-12-2024,Puducherry,Puducherry,Phishing,Critical,Banking,1699998,46528,User Report,Investigating
CR00321,06-07-2025,Jammu and Kashmir,Jammu,Malware,Low,Corporate,4748931,11821,News,Open
CR00322,11-12-2025,Uttar Pradesh,Kanpur,Phishing,Low,Personal,2113923,27476,CERT-In,Investigating
CR00323,29-04-2025,Telangana,Hyderabad,Identity Theft,Low,Personal,4032008,23597,Organization,Investigating
CR00324,23-07-2025,Jammu and Kashmir,Jammu,Online Fraud,Critical,Education,322663,14194,CERT-In,Open
CR00325,26-12-2025,West Bengal,Siliguri,Phishing,High,E-commerce,3433485,14418,News,Resolved
CR00326,09-04-2026,Goa,Margao,Phishing,High,E-commerce,29295,25463,Organization,Resolved
CR00327,09-05-2024,Dadra and Nagar Haveli and Daman and Diu,Daman,Phishing,Critical,Banking,744946,12020,News,Resolved
CR00328,23-07-2025,West Bengal,Durgapur,Phishing,High,IT,344860,12166,News,Resolved
CR00329,10-05-2025,West Bengal,Siliguri,Data Breach,High,Healthcare,1144550,38968,News,Resolved
CR00330,24-04-2026,Maharashtra,Mumbai,Ransomware,High,E-commerce,4349836,14875,CERT-In,Open
CR00331,24-04-2025,Uttar Pradesh,Lucknow,Phishing,Critical,Healthcare,4247991,28288,CERT-In,Open
CR00332,05-11-2024,Jharkhand,Jamshedpur,Online Fraud,Medium,IT,3720854,49000,User Report,Resolved
CR00333,26-07-2026,Arunachal Pradesh,Naharlagun,Data Breach,Medium,Banking,1402883,33921,Organization,Open
CR00334,12-08-2025,Madhya Pradesh,Indore,Data Breach,Critical,Education,1552656,46883,Organization,Investigating
CR00335,31-10-2024,Andaman and Nicobar Islands,Port Blair,Online Fraud,High,Personal,3399910,9821,CERT-In,Resolved
CR00336,29-01-2025,Tamil Nadu,Coimbatore,Data Breach,Low,Banking,4700958,14980,Organization,Investigating
CR00337,22-04-2025,Goa,Margao,Identity Theft,High,E-commerce,3645745,580,CERT-In,Resolved
CR00338,14-11-2025,Bihar,Gaya,Malware,High,IT,4794628,37753,User Report,Resolved
CR00339,14-07-2026,Bihar,Muzaffarpur,Phishing,High,Banking,2289575,42169,Organization,Open
CR00340,21-01-2026,Uttarakhand,Haridwar,DDoS,Medium,Education,2842030,30339,User Report,Open
CR00341,17-08-2024,Himachal Pradesh,Shimla,DDoS,Low,IT,110724,47036,News,Open
CR00342,11-06-2026,West Bengal,Siliguri,DDoS,Low,Personal,3348814,40117,CERT-In,Resolved
CR00343,01-02-2026,Maharashtra,Pune,Phishing,High,Personal,3467806,34002,News,Resolved
CR00344,02-01-2024,Arunachal Pradesh,Naharlagun,Identity Theft,Critical,Personal,4446659,30933,User Report,Investigating
CR00345,18-05-2024,Nagaland,Dimapur,Online Fraud,High,Personal,1967282,8993,User Report,Open
CR00346,26-06-2025,Sikkim,Gangtok,Data Breach,Medium,Healthcare,196898,21743,Organization,Investigating
CR00347,25-03-2026,Andaman and Nicobar Islands,Port Blair,Data Breach,Critical,E-commerce,1165317,254,News,Resolved
CR00348,11-11-2024,Kerala,Thiruvananthapuram,Identity Theft,Medium,IT,516713,39776,User Report,Open
CR00349,05-12-2025,Tripura,Agartala,Phishing,High,IT,1660119,45003,News,Resolved
CR00350,14-05-2026,Nagaland,Kohima,Ransomware,Low,Government,861647,26812,User Report,Open
CR00351,14-05-2025,Lakshadweep,Kavaratti,Malware,Medium,Personal,2087355,6157,Organization,Open
CR00352,17-02-2024,West Bengal,Kolkata,Identity Theft,Critical,IT,586511,48891,Organization,Resolved
CR00353,12-04-2026,Nagaland,Kohima,Online Fraud,Low,Banking,648390,27071,Organization,Resolved
CR00354,06-02-2025,Kerala,Kozhikode,Phishing,Low,Healthcare,1444152,35572,Organization,Investigating
CR00355,09-04-2025,Andhra Pradesh,Guntur,Ransomware,Medium,IT,131950,22536,CERT-In,Investigating
CR00356,03-04-2026,Arunachal Pradesh,Itanagar,Identity Theft,Low,IT,2156714,11391,News,Open
CR00357,03-09-2024,Punjab,Chandigarh,Data Breach,Critical,Education,424841,31528,User Report,Investigating
CR00358,23-02-2024,Punjab,Chandigarh,DDoS,Low,Personal,4099060,25575,CERT-In,Resolved
CR00359,27-12-2024,Assam,Silchar,Phishing,Medium,IT,2690064,3178,Organization,Open
CR00360,18-09-2024,Bihar,Patna,DDoS,Medium,Banking,142064,251,CERT-In,Resolved
CR00361,25-04-2026,Jammu and Kashmir,Srinagar,DDoS,Medium,Personal,2674624,16165,Organization,Investigating
CR00362,07-03-2025,Maharashtra,Nashik,DDoS,Critical,Personal,2374509,2570,Organization,Open
CR00363,13-06-2026,Madhya Pradesh,Bhopal,Ransomware,Low,E-commerce,3577477,49191,News,Open
CR00364,24-05-2024,Arunachal Pradesh,Naharlagun,Phishing,Critical,Education,4198374,623,CERT-In,Open
CR00365,07-05-2025,Assam,Dibrugarh,DDoS,High,E-commerce,2146007,1201,News,Resolved
CR00366,11-07-2026,Chhattisgarh,Raipur,Phishing,Critical,Corporate,4320356,41573,CERT-In,Investigating
CR00367,25-12-2025,Telangana,Warangal,Online Fraud,Critical,Banking,3650192,15898,Organization,Investigating
CR00368,21-01-2026,Nagaland,Dimapur,Online Fraud,Low,E-commerce,2998690,9543,CERT-In,Open
CR00369,01-03-2025,Nagaland,Kohima,Phishing,Medium,Healthcare,92644,6369,Organization,Investigating
CR00370,14-06-2024,Arunachal Pradesh,Itanagar,Ransomware,High,Healthcare,871854,37148,User Report,Resolved
CR00371,22-12-2025,Himachal Pradesh,Dharamshala,Phishing,High,IT,3933203,37944,CERT-In,Resolved
CR00372,31-08-2024,Uttar Pradesh,Noida,Online Fraud,High,Banking,2260874,37965,CERT-In,Investigating
CR00373,11-10-2025,Chhattisgarh,Bilaspur,Malware,Medium,IT,2344932,20377,News,Open
CR00374,23-04-2026,Tripura,Agartala,Data Breach,Medium,Education,1584450,12657,Organization,Open
CR00375,14-01-2024,Rajasthan,Udaipur,Ransomware,Critical,Banking,2147893,12032,News,Open
CR00376,19-08-2024,Mizoram,Aizawl,Phishing,High,Government,1507520,35868,News,Investigating
CR00377,13-09-2024,Karnataka,Mysuru,Identity Theft,Critical,E-commerce,1447025,4397,Organization,Open
CR00378,20-03-2026,Mizoram,Aizawl,Data Breach,Critical,E-commerce,2048149,31274,News,Open
CR00379,28-07-2024,Andhra Pradesh,Visakhapatnam,Online Fraud,Medium,Personal,3682822,18323,News,Resolved
CR00380,01-01-2026,Rajasthan,Jodhpur,Data Breach,Critical,Education,2496936,13668,Organization,Resolved
CR00381,29-08-2024,Rajasthan,Udaipur,Online Fraud,Low,Government,4893901,4785,CERT-In,Open
CR00382,30-11-2025,Chhattisgarh,Bilaspur,Data Breach,High,Education,3523692,41445,Organization,Open
CR00383,03-05-2026,Lakshadweep,Kavaratti,Online Fraud,Low,Personal,2289846,47581,Organization,Resolved
CR00384,11-11-2025,Kerala,Kozhikode,Identity Theft,Low,IT,4357767,14908,Organization,Open
CR00385,29-02-2024,Assam,Silchar,Identity Theft,Low,Government,1522262,44922,Organization,Investigating
CR00386,15-05-2024,Arunachal Pradesh,Itanagar,Data Breach,High,Government,2442218,48774,User Report,Investigating
CR00387,28-08-2025,Himachal Pradesh,Dharamshala,Identity Theft,Low,Healthcare,2200369,2879,Organization,Resolved
CR00388,17-07-2026,Himachal Pradesh,Shimla,Data Breach,High,Personal,4994265,33867,News,Resolved
CR00389,03-03-2025,Haryana,Gurugram,Data Breach,Critical,Education,4599622,35086,User Report,Open
CR00390,05-08-2024,Mizoram,Aizawl,Malware,Low,Banking,3570252,36056,User Report,Investigating
CR00391,28-01-2025,Mizoram,Aizawl,Malware,Critical,Corporate,3658320,10781,CERT-In,Open
CR00392,19-07-2025,Goa,Margao,Malware,Medium,Healthcare,4290182,30857,Organization,Investigating
CR00393,27-12-2024,Andhra Pradesh,Vijayawada,Identity Theft,Medium,Banking,4093070,23692,User Report,Investigating
CR00394,02-01-2024,Chandigarh,Chandigarh,Data Breach,Low,Personal,4463535,20653,CERT-In,Open
CR00395,31-08-2024,Punjab,Chandigarh,Phishing,Critical,E-commerce,3374728,47638,Organization,Resolved
CR00396,28-08-2024,Mizoram,Aizawl,Online Fraud,Critical,Education,2828477,37672,News,Resolved
CR00397,16-09-2024,Lakshadweep,Kavaratti,Identity Theft,High,Banking,4547776,14731,Organization,Investigating
CR00398,28-03-2026,Bihar,Patna,Online Fraud,Low,E-commerce,1480336,16592,News,Resolved
CR00399,22-11-2025,Kerala,Kochi,DDoS,Critical,Education,3724151,31984,CERT-In,Resolved
CR00400,23-02-2024,Bihar,Patna,DDoS,Critical,E-commerce,146482,21723,User Report,Investigating
CR00401,24-06-2025,Puducherry,Puducherry,Ransomware,High,Education,4804957,7225,User Report,Investigating
CR00402,30-03-2026,Arunachal Pradesh,Naharlagun,DDoS,Medium,IT,4302037,3379,CERT-In,Investigating
CR00403,04-09-2024,Punjab,Amritsar,Data Breach,Medium,E-commerce,969814,17956,CERT-In,Open
CR00404,26-07-2024,Tamil Nadu,Chennai,Data Breach,Low,IT,709895,11323,News,Open
CR00405,14-06-2024,Delhi,New Delhi,Ransomware,Medium,Healthcare,1178317,2544,CERT-In,Open
CR00406,12-06-2025,Puducherry,Puducherry,Ransomware,Critical,Corporate,2326574,10569,Organization,Open
CR00407,16-01-2026,Karnataka,Mangaluru,Phishing,Critical,Education,286962,47238,User Report,Investigating
CR00408,12-02-2024,Chhattisgarh,Raipur,Online Fraud,High,Banking,1418466,2378,CERT-In,Open
CR00409,01-12-2025,Uttar Pradesh,Varanasi,DDoS,Low,IT,443116,48168,User Report,Investigating
CR00410,11-03-2026,Himachal Pradesh,Shimla,Online Fraud,Medium,E-commerce,3490831,15046,User Report,Investigating
CR00411,17-06-2026,Chandigarh,Chandigarh,Identity Theft,Low,Personal,1950405,11187,CERT-In,Investigating
CR00412,17-08-2024,Himachal Pradesh,Shimla,DDoS,Critical,E-commerce,2321797,19639,Organization,Open
CR00413,06-11-2024,Andhra Pradesh,Visakhapatnam,Data Breach,Medium,Personal,844979,9964,Organization,Open
CR00414,12-01-2024,Rajasthan,Jodhpur,DDoS,Critical,Government,287578,24595,Organization,Open
CR00415,06-05-2026,Delhi,New Delhi,Phishing,High,Corporate,104490,24825,Organization,Resolved
CR00416,12-02-2026,Dadra and Nagar Haveli and Daman and Diu,Silvassa,DDoS,Critical,IT,4420146,23516,Organization,Investigating
CR00417,26-07-2025,Karnataka,Mangaluru,Malware,Low,IT,740580,6685,Organization,Investigating
CR00418,28-04-2025,Tripura,Agartala,Ransomware,High,Personal,4272065,7125,User Report,Investigating
CR00419,12-12-2024,Uttarakhand,Haridwar,Malware,Critical,IT,1968234,18005,News,Resolved
CR00420,04-12-2025,Dadra and Nagar Haveli and Daman and Diu,Daman,Phishing,Low,Banking,114880,11469,CERT-In,Resolved
CR00421,24-01-2024,Chhattisgarh,Raipur,Ransomware,High,Government,2938736,15406,CERT-In,Open
CR00422,17-04-2025,Maharashtra,Pune,Malware,Low,Government,3164589,319,CERT-In,Investigating
CR00423,15-02-2026,Assam,Dibrugarh,Identity Theft,High,IT,2690730,49425,News,Open
CR00424,20-01-2024,Delhi,New Delhi,Ransomware,High,IT,2235980,42592,Organization,Investigating
CR00425,20-01-2025,Karnataka,Mysuru,Identity Theft,Low,Corporate,3163466,47042,Organization,Open
CR00426,31-03-2026,Andhra Pradesh,Guntur,Data Breach,Low,Healthcare,3116312,4507,CERT-In,Resolved
CR00427,01-01-2024,Arunachal Pradesh,Naharlagun,Online Fraud,Medium,Banking,2470972,23089,User Report,Open
CR00428,20-11-2024,Punjab,Chandigarh,Ransomware,Medium,IT,2462147,35218,Organization,Open
CR00429,19-06-2024,Nagaland,Dimapur,Identity Theft,High,Government,47157,4766,Organization,Investigating
CR00430,28-07-2026,Kerala,Thiruvananthapuram,Ransomware,Medium,Education,4465997,36606,User Report,Investigating
CR00431,06-03-2026,Himachal Pradesh,Shimla,Online Fraud,Critical,Healthcare,274377,15028,Organization,Resolved
CR00432,07-03-2025,Madhya Pradesh,Indore,DDoS,Medium,Personal,2586688,37721,News,Open
CR00433,08-03-2025,Assam,Dibrugarh,Identity Theft,Low,E-commerce,1175630,21795,CERT-In,Investigating
CR00434,12-06-2026,Arunachal Pradesh,Itanagar,Malware,Critical,Corporate,476249,36191,CERT-In,Resolved
CR00435,10-03-2024,Andhra Pradesh,Vijayawada,Malware,Medium,Corporate,661636,44417,News,Investigating
CR00436,26-09-2025,Chhattisgarh,Raipur,DDoS,Low,Healthcare,2118153,34800,News,Open
CR00437,07-06-2026,Telangana,Hyderabad,Phishing,Critical,E-commerce,2934562,190,CERT-In,Open
CR00438,08-04-2026,Andaman and Nicobar Islands,Port Blair,Data Breach,High,Government,3520745,6333,Organization,Resolved
CR00439,07-06-2025,Andhra Pradesh,Vijayawada,Phishing,Low,IT,3684708,28821,News,Open
CR00440,07-03-2025,Chhattisgarh,Raipur,Phishing,High,Corporate,3920896,9088,News,Resolved
CR00441,15-06-2024,Jharkhand,Ranchi,Malware,High,Corporate,3999985,43314,Organization,Open
CR00442,12-12-2024,Karnataka,Mangaluru,Malware,Critical,Government,719153,2985,User Report,Investigating
CR00443,05-06-2024,Meghalaya,Shillong,Identity Theft,Medium,Education,4192647,17224,Organization,Open
CR00444,20-04-2025,Telangana,Warangal,Phishing,Medium,Corporate,2530631,36817,CERT-In,Investigating
CR00445,26-10-2025,Manipur,Imphal,Ransomware,Medium,IT,211439,45838,User Report,Open
CR00446,05-02-2025,Bihar,Patna,Malware,Critical,Education,4943756,15191,User Report,Investigating
CR00447,07-10-2025,Punjab,Amritsar,DDoS,Low,Healthcare,2296252,32464,CERT-In,Resolved
CR00448,26-06-2025,Jharkhand,Jamshedpur,Identity Theft,Low,Personal,753618,35337,CERT-In,Resolved
CR00449,12-11-2025,Madhya Pradesh,Indore,Ransomware,Medium,E-commerce,3558795,11735,Organization,Investigating
CR00450,27-07-2024,Dadra and Nagar Haveli and Daman and Diu,Silvassa,DDoS,Critical,IT,3199558,14007,CERT-In,Investigating
CR00451,11-12-2024,Rajasthan,Udaipur,Phishing,Low,Education,1584096,37101,CERT-In,Resolved
CR00452,14-08-2024,Uttarakhand,Dehradun,Ransomware,Medium,Personal,1939397,21265,News,Resolved
CR00453,28-01-2026,Andhra Pradesh,Visakhapatnam,Online Fraud,Critical,IT,1962620,23507,CERT-In,Open
CR00454,21-01-2025,Andaman and Nicobar Islands,Port Blair,DDoS,Medium,Government,1954259,30211,News,Resolved
CR00455,10-04-2026,Kerala,Kozhikode,Phishing,High,Government,4130844,7616,Organization,Resolved
CR00456,24-02-2024,Telangana,Warangal,Data Breach,Low,E-commerce,4101714,18430,News,Open
CR00457,26-02-2026,Rajasthan,Jaipur,Identity Theft,Low,IT,4805034,41664,User Report,Open
CR00458,27-04-2026,Manipur,Imphal,Phishing,Medium,Personal,1125048,28930,User Report,Resolved
CR00459,30-09-2025,Lakshadweep,Kavaratti,Online Fraud,Critical,Government,3050611,5920,User Report,Investigating
CR00460,12-09-2025,Jharkhand,Ranchi,Malware,Medium,Healthcare,2688081,26796,Organization,Investigating
CR00461,24-04-2024,Assam,Guwahati,Phishing,High,E-commerce,1684992,15996,CERT-In,Open
CR00462,06-06-2025,Kerala,Kozhikode,Online Fraud,Low,IT,3714043,25644,News,Resolved
CR00463,17-05-2025,Delhi,New Delhi,Data Breach,High,Government,905849,28009,CERT-In,Investigating
CR00464,11-03-2024,Jammu and Kashmir,Jammu,Malware,Critical,Banking,3143426,23511,CERT-In,Resolved
CR00465,16-03-2024,Tripura,Agartala,Online Fraud,Medium,Healthcare,574258,42648,News,Resolved
CR00466,19-02-2026,Arunachal Pradesh,Naharlagun,Data Breach,High,Education,3134481,25766,User Report,Resolved
CR00467,28-06-2025,Bihar,Gaya,Malware,Medium,Corporate,333228,45877,CERT-In,Open
CR00468,19-09-2025,Chhattisgarh,Raipur,Data Breach,High,Healthcare,1231886,39228,User Report,Investigating
CR00469,02-02-2026,Maharashtra,Pune,DDoS,Critical,Banking,4711207,16124,Organization,Open
CR00470,03-11-2025,Assam,Silchar,Phishing,Critical,Personal,4309543,17492,News,Open
CR00471,21-06-2024,Nagaland,Kohima,Ransomware,Medium,Personal,942591,12454,User Report,Resolved
CR00472,06-03-2026,Puducherry,Puducherry,Data Breach,Critical,Banking,2161529,28098,Organization,Resolved
CR00473,20-10-2025,Ladakh,Leh,Malware,Critical,Government,297691,4314,Organization,Open
CR00474,20-07-2024,Madhya Pradesh,Indore,Malware,High,Corporate,3973609,18461,User Report,Resolved
CR00475,05-06-2026,Odisha,Bhubaneswar,Online Fraud,Critical,Personal,24310,47395,Organization,Resolved
CR00476,22-08-2025,Delhi,New Delhi,Malware,Medium,Corporate,1883016,22002,CERT-In,Investigating
CR00477,04-01-2026,Sikkim,Gangtok,Phishing,Low,Corporate,615410,43356,User Report,Resolved
CR00478,01-01-2024,Arunachal Pradesh,Naharlagun,Online Fraud,Medium,Banking,3913941,21174,User Report,Investigating
CR00479,31-07-2026,Assam,Guwahati,Online Fraud,Critical,Personal,1778396,24338,CERT-In,Resolved
CR00480,03-05-2026,Telangana,Warangal,Online Fraud,High,E-commerce,1623123,39649,News,Resolved
CR00481,14-09-2025,Chhattisgarh,Bilaspur,Online Fraud,Medium,Personal,497159,35462,News,Resolved
CR00482,20-02-2024,Telangana,Warangal,Malware,Low,E-commerce,2994821,21809,News,Resolved
CR00483,25-07-2025,Arunachal Pradesh,Naharlagun,Ransomware,Critical,Personal,4999970,31826,News,Investigating
CR00484,29-09-2024,Haryana,Gurugram,Identity Theft,Low,E-commerce,1747633,10437,CERT-In,Open
CR00485,17-10-2024,Dadra and Nagar Haveli and Daman and Diu,Daman,Identity Theft,Medium,Healthcare,3423693,32527,User Report,Open
CR00486,21-04-2026,Tripura,Agartala,DDoS,Critical,Education,331713,10657,User Report,Open
CR00487,04-09-2025,Andhra Pradesh,Guntur,Identity Theft,Low,Education,1157819,32583,News,Resolved
CR00488,21-08-2024,Assam,Dibrugarh,Online Fraud,Low,Government,1077560,32474,CERT-In,Investigating
CR00489,24-01-2026,Puducherry,Puducherry,Phishing,Medium,IT,3625135,35286,User Report,Resolved
CR00490,28-06-2026,Bihar,Muzaffarpur,Malware,Medium,Corporate,83449,49464,CERT-In,Resolved
CR00491,30-04-2026,Andhra Pradesh,Vijayawada,Identity Theft,Critical,Corporate,4310165,40776,News,Investigating
CR00492,10-07-2026,Dadra and Nagar Haveli and Daman and Diu,Silvassa,Data Breach,High,Healthcare,3189298,13841,User Report,Resolved
CR00493,05-04-2026,Delhi,New Delhi,Online Fraud,Low,E-commerce,3995908,41724,CERT-In,Investigating
CR00494,02-07-2025,Manipur,Imphal,Identity Theft,Critical,Banking,4337684,4615,News,Resolved
CR00495,23-01-2024,West Bengal,Siliguri,DDoS,High,Education,393147,25338,Organization,Open
CR00496,25-04-2025,Uttarakhand,Haridwar,Data Breach,Low,Banking,3732306,14206,Organization,Investigating
CR00497,02-10-2024,Lakshadweep,Kavaratti,Ransomware,Medium,Corporate,4859422,9711,Organization,Investigating
CR00498,22-03-2026,Ladakh,Leh,DDoS,Low,Government,4187496,15881,User Report,Open
CR00499,08-04-2026,Himachal Pradesh,Shimla,Identity Theft,Critical,Corporate,2947092,48005,Organization,Investigating
CR00500,07-05-2024,Arunachal Pradesh,Naharlagun,Data Breach,High,Personal,1398781,3678,User Report,Resolved
CR00501,19-10-2025,Ladakh,Leh,Ransomware,Medium,Government,1595109,37815,Organization,Resolved
CR00502,10-11-2024,Andhra Pradesh,Visakhapatnam,DDoS,Medium,Education,1492586,46220,Organization,Open
CR00503,07-07-2024,Jammu and Kashmir,Jammu,Online Fraud,Low,Corporate,416013,5089,Organization,Open
CR00504,24-04-2024,Haryana,Gurugram,Identity Theft,Critical,Education,4254527,48654,News,Investigating
CR00505,30-04-2025,Mizoram,Aizawl,DDoS,High,Education,2620435,27776,User Report,Resolved
CR00506,16-02-2026,Bihar,Patna,DDoS,Medium,E-commerce,3075564,2763,User Report,Resolved
CR00507,07-06-2024,Maharashtra,Mumbai,Malware,High,Banking,2619770,8861,Organization,Investigating
CR00508,18-09-2025,Andhra Pradesh,Visakhapatnam,Malware,Medium,Education,3146978,6019,User Report,Resolved
CR00509,22-01-2024,Chandigarh,Chandigarh,Data Breach,Medium,Government,162659,21301,News,Open
CR00510,14-10-2025,Arunachal Pradesh,Naharlagun,Online Fraud,Low,E-commerce,1097138,5422,News,Resolved
CR00511,06-04-2026,Himachal Pradesh,Dharamshala,Data Breach,High,Personal,3073333,1305,News,Investigating
CR00512,30-03-2024,Sikkim,Gangtok,Online Fraud,Critical,Healthcare,1573238,3117,User Report,Resolved
CR00513,10-09-2025,Madhya Pradesh,Gwalior,Identity Theft,Low,Government,3493204,23387,News,Investigating
CR00514,29-05-2025,Jammu and Kashmir,Jammu,Identity Theft,Critical,E-commerce,167541,22654,News,Open
CR00515,02-08-2024,Sikkim,Gangtok,Data Breach,Low,Government,269354,34577,User Report,Open
CR00516,29-10-2024,Uttar Pradesh,Lucknow,DDoS,High,Government,1862110,34858,Organization,Resolved
CR00517,03-09-2025,Mizoram,Aizawl,Online Fraud,High,IT,4304621,30882,CERT-In,Open
CR00518,27-03-2026,Chandigarh,Chandigarh,Phishing,Medium,Healthcare,4386606,5736,User Report,Investigating
CR00519,30-08-2024,Haryana,Panipat,Identity Theft,Low,E-commerce,1644936,8598,Organization,Investigating
CR00520,17-05-2025,Meghalaya,Shillong,Identity Theft,Critical,Education,2171107,38219,CERT-In,Investigating
CR00521,06-05-2024,Himachal Pradesh,Shimla,Online Fraud,Critical,IT,673155,19219,Organization,Resolved
CR00522,25-08-2024,Meghalaya,Shillong,Malware,Medium,Government,2263756,13801,Organization,Open
CR00523,12-05-2026,Nagaland,Dimapur,Online Fraud,Low,Personal,653570,38688,CERT-In,Open
CR00524,10-08-2024,Haryana,Faridabad,Phishing,Critical,Banking,2882037,6633,Organization,Resolved
CR00525,12-02-2024,Arunachal Pradesh,Naharlagun,Malware,Low,IT,3812287,27830,CERT-In,Investigating
CR00526,14-06-2024,Telangana,Warangal,Data Breach,Critical,Personal,2379046,13773,Organization,Resolved
CR00527,17-03-2025,Tamil Nadu,Madurai,DDoS,High,Healthcare,4387035,25813,CERT-In,Open
CR00528,08-09-2024,Mizoram,Aizawl,Online Fraud,Medium,Banking,2521073,16215,User Report,Resolved
CR00529,21-07-2026,Bihar,Muzaffarpur,Phishing,Low,Banking,1676741,6095,CERT-In,Open
CR00530,27-06-2025,Meghalaya,Shillong,Online Fraud,Low,Government,984719,14611,User Report,Investigating
CR00531,12-09-2025,Puducherry,Puducherry,Phishing,Low,E-commerce,778402,21508,CERT-In,Resolved
CR00532,30-06-2026,Telangana,Hyderabad,Ransomware,Low,Corporate,4259544,7433,CERT-In,Investigating
CR00533,22-04-2024,Maharashtra,Nashik,Ransomware,High,E-commerce,3904478,12959,Organization,Investigating
CR00534,15-07-2025,Dadra and Nagar Haveli and Daman and Diu,Silvassa,Phishing,Medium,IT,4327489,34684,News,Investigating
CR00535,20-07-2025,Assam,Dibrugarh,Ransomware,Critical,IT,4275013,29834,CERT-In,Resolved
CR00536,17-03-2026,Dadra and Nagar Haveli and Daman and Diu,Silvassa,Identity Theft,Low,IT,2281121,7760,Organization,Resolved
CR00537,17-01-2024,Arunachal Pradesh,Naharlagun,Phishing,High,Banking,3885599,914,Organization,Resolved
CR00538,16-09-2024,Mizoram,Aizawl,Identity Theft,Medium,E-commerce,552933,21916,User Report,Investigating
CR00539,05-02-2025,Jharkhand,Jamshedpur,Data Breach,Low,Healthcare,4149954,47056,News,Resolved
CR00540,08-05-2024,Goa,Margao,Malware,Critical,Healthcare,999484,5588,User Report,Resolved
CR00541,01-09-2025,Kerala,Kozhikode,Data Breach,Low,E-commerce,3481919,19910,User Report,Investigating
CR00542,04-12-2025,Odisha,Cuttack,Identity Theft,High,Banking,2050989,2772,CERT-In,Investigating
CR00543,26-08-2025,Assam,Silchar,Ransomware,Critical,Education,2908088,37808,User Report,Open
CR00544,29-01-2026,Maharashtra,Nagpur,Phishing,Medium,IT,121337,27745,News,Open
CR00545,03-02-2026,Uttarakhand,Haridwar,Identity Theft,Low,Personal,4819731,5600,User Report,Open
CR00546,30-12-2024,Odisha,Cuttack,Online Fraud,High,Personal,228219,29530,User Report,Open
CR00547,16-02-2026,Andaman and Nicobar Islands,Port Blair,Data Breach,High,IT,2933209,39597,News,Open
CR00548,15-12-2024,Manipur,Imphal,DDoS,High,E-commerce,1373530,26785,News,Resolved
CR00549,30-12-2024,Tamil Nadu,Chennai,Phishing,High,Healthcare,2020319,14625,Organization,Investigating
CR00550,13-06-2024,Mizoram,Aizawl,DDoS,High,Government,3256651,49237,News,Resolved
CR00551,26-06-2026,Gujarat,Rajkot,Identity Theft,Critical,E-commerce,2960547,26751,CERT-In,Investigating
CR00552,18-10-2024,Arunachal Pradesh,Naharlagun,Data Breach,High,Personal,2530661,6881,Organization,Open
CR00553,05-07-2025,Himachal Pradesh,Dharamshala,Data Breach,Low,IT,3863995,29653,Organization,Investigating
CR00554,30-06-2025,Sikkim,Gangtok,Malware,High,E-commerce,1846499,40151,User Report,Resolved
CR00555,05-01-2026,Mizoram,Aizawl,Data Breach,High,Banking,315221,23077,News,Resolved
CR00556,04-03-2025,Chhattisgarh,Bilaspur,Identity Theft,High,IT,787667,9235,User Report,Resolved
CR00557,06-06-2025,Arunachal Pradesh,Naharlagun,Malware,Low,IT,572134,49205,Organization,Resolved
CR00558,31-10-2024,West Bengal,Durgapur,Ransomware,High,Personal,4399541,13048,User Report,Resolved
CR00559,05-04-2025,Tripura,Agartala,Data Breach,Low,Corporate,1587102,14740,News,Investigating
CR00560,30-06-2024,Lakshadweep,Kavaratti,Phishing,Critical,Education,1638645,16203,News,Open
CR00561,07-02-2026,Haryana,Gurugram,Data Breach,Low,Healthcare,1516679,8453,Organization,Open
CR00562,11-11-2025,Sikkim,Gangtok,DDoS,Medium,IT,387203,36899,User Report,Open
CR00563,12-05-2024,Assam,Dibrugarh,Phishing,Medium,Education,2490400,35641,News,Investigating
CR00564,13-11-2024,Odisha,Bhubaneswar,Ransomware,Medium,Government,4940018,16059,User Report,Resolved
CR00565,06-01-2026,Madhya Pradesh,Indore,Data Breach,Medium,Government,3472472,33748,User Report,Open
CR00566,17-01-2026,Mizoram,Aizawl,Online Fraud,High,Education,1813788,31271,CERT-In,Open
CR00567,20-12-2025,Telangana,Warangal,Identity Theft,High,IT,64248,28810,User Report,Investigating
CR00568,01-02-2024,Dadra and Nagar Haveli and Daman and Diu,Daman,Identity Theft,Critical,Government,813738,44547,CERT-In,Investigating
CR00569,27-02-2026,West Bengal,Kolkata,Phishing,Critical,E-commerce,4704225,23364,News,Open
CR00570,24-12-2025,Meghalaya,Shillong,Malware,Critical,Healthcare,2198857,9379,User Report,Open
CR00571,29-11-2024,Dadra and Nagar Haveli and Daman and Diu,Daman,Malware,Critical,Corporate,2280665,36884,User Report,Open
CR00572,09-03-2026,West Bengal,Siliguri,DDoS,Medium,Government,778759,6641,News,Investigating
CR00573,10-04-2026,West Bengal,Durgapur,Malware,Medium,IT,1132902,31683,News,Investigating
CR00574,02-06-2025,Jammu and Kashmir,Jammu,DDoS,Critical,Government,1312651,43142,User Report,Resolved
CR00575,01-07-2026,Ladakh,Leh,Identity Theft,Medium,Government,2084202,12553,Organization,Resolved
CR00576,11-05-2025,Dadra and Nagar Haveli and Daman and Diu,Daman,DDoS,Medium,E-commerce,193493,33765,CERT-In,Resolved
CR00577,07-06-2026,Gujarat,Rajkot,Online Fraud,Critical,Healthcare,3450024,32711,CERT-In,Investigating
CR00578,08-07-2025,Assam,Silchar,Ransomware,Low,Healthcare,4479449,4159,CERT-In,Investigating
CR00579,14-05-2026,Uttar Pradesh,Kanpur,Ransomware,Medium,IT,4588978,2185,Organization,Resolved
CR00580,14-09-2025,Telangana,Warangal,Data Breach,Medium,IT,4685709,17674,User Report,Open
CR00581,31-07-2025,Kerala,Kozhikode,Malware,Medium,IT,2383279,3170,CERT-In,Resolved
CR00582,19-07-2024,Chhattisgarh,Bilaspur,Identity Theft,Critical,Personal,1431333,15672,News,Investigating
CR00583,04-07-2026,Telangana,Hyderabad,Data Breach,Low,E-commerce,3254171,13982,CERT-In,Resolved
CR00584,09-06-2025,Punjab,Ludhiana,Online Fraud,High,Education,1439005,31885,User Report,Open
CR00585,25-10-2025,Himachal Pradesh,Dharamshala,Identity Theft,High,E-commerce,2044355,7694,Organization,Resolved
CR00586,09-05-2026,Dadra and Nagar Haveli and Daman and Diu,Silvassa,Data Breach,Critical,Government,4878382,22360,News,Investigating
CR00587,26-05-2024,Chandigarh,Chandigarh,DDoS,High,Banking,3176969,18918,News,Open
CR00588,25-09-2025,Assam,Guwahati,Phishing,Low,Banking,657263,39208,News,Investigating
CR00589,04-05-2026,Uttarakhand,Dehradun,Data Breach,High,Personal,2992874,47575,Organization,Open
CR00590,04-06-2026,Punjab,Chandigarh,Online Fraud,Critical,IT,2087431,26671,Organization,Investigating
CR00591,01-06-2025,Nagaland,Kohima,Ransomware,Low,Corporate,1956518,37762,Organization,Resolved
CR00592,12-03-2025,Goa,Margao,Phishing,Critical,Healthcare,2699725,16726,CERT-In,Investigating
CR00593,10-06-2025,Karnataka,Mysuru,Data Breach,Medium,Healthcare,2668413,10580,Organization,Resolved
CR00594,24-02-2026,Chhattisgarh,Bilaspur,Identity Theft,Low,Education,2807479,24727,News,Resolved
CR00595,12-01-2026,Rajasthan,Jaipur,Identity Theft,Low,Personal,2340045,12697,CERT-In,Resolved
CR00596,24-04-2024,Chhattisgarh,Bilaspur,Malware,High,E-commerce,3372536,20568,Organization,Open
CR00597,10-04-2025,Manipur,Imphal,Malware,High,Government,2306447,19720,CERT-In,Investigating
CR00598,17-07-2025,Maharashtra,Mumbai,DDoS,High,E-commerce,3580010,17126,Organization,Investigating
CR00599,23-03-2026,Gujarat,Vadodara,Malware,High,Banking,4763441,26358,User Report,Open
CR00600,08-06-2026,Telangana,Warangal,DDoS,Critical,E-commerce,4715118,4846,User Report,Open
CR00601,05-11-2024,Chhattisgarh,Raipur,Malware,Medium,Education,844204,4080,CERT-In,Open
CR00602,06-05-2026,Meghalaya,Shillong,Identity Theft,High,Government,837407,4988,News,Open
CR00603,01-01-2025,Sikkim,Gangtok,Identity Theft,Low,Healthcare,4873602,27388,Organization,Resolved
CR00604,19-08-2024,Bihar,Gaya,Online Fraud,High,IT,4284610,29565,News,Open
CR00605,16-03-2024,Bihar,Muzaffarpur,Phishing,Low,Government,1672704,12363,CERT-In,Resolved
CR00606,05-09-2024,Arunachal Pradesh,Naharlagun,DDoS,Critical,Government,4247372,24848,Organization,Open
CR00607,12-06-2025,Puducherry,Puducherry,Data Breach,Low,Corporate,2724541,37027,Organization,Resolved
CR00608,19-01-2025,Assam,Guwahati,Phishing,Low,Banking,4933585,46958,User Report,Resolved
CR00609,16-09-2025,Manipur,Imphal,Data Breach,High,Government,2622933,45835,CERT-In,Open
CR00610,09-10-2025,Bihar,Muzaffarpur,DDoS,Critical,E-commerce,128673,39583,News,Open
CR00611,02-08-2025,Chandigarh,Chandigarh,DDoS,Medium,Healthcare,4106148,42986,CERT-In,Open
CR00612,21-08-2025,Gujarat,Surat,Online Fraud,Low,Personal,3639771,23762,News,Investigating
CR00613,12-05-2026,Jammu and Kashmir,Jammu,Identity Theft,Medium,Banking,967053,43942,User Report,Resolved
CR00614,05-01-2024,Manipur,Imphal,Online Fraud,Critical,IT,1849530,37599,News,Resolved
CR00615,12-06-2024,Madhya Pradesh,Gwalior,Identity Theft,Low,Healthcare,2525654,49718,News,Resolved
CR00616,30-07-2026,Assam,Dibrugarh,Ransomware,Critical,E-commerce,3979103,15331,Organization,Investigating
CR00617,05-05-2025,Goa,Panaji,Data Breach,Medium,Corporate,4893615,9855,Organization,Resolved
CR00618,26-02-2026,Madhya Pradesh,Gwalior,Ransomware,Low,Healthcare,4900300,30877,CERT-In,Investigating
CR00619,06-01-2024,Dadra and Nagar Haveli and Daman and Diu,Silvassa,Identity Theft,High,Corporate,4730621,21616,CERT-In,Resolved
CR00620,03-07-2025,Goa,Panaji,Online Fraud,Medium,Banking,448737,25344,CERT-In,Open
CR00621,14-02-2024,Arunachal Pradesh,Itanagar,Ransomware,Critical,Healthcare,4258270,34455,CERT-In,Open
CR00622,05-05-2026,Uttar Pradesh,Noida,Online Fraud,High,E-commerce,2935220,30174,User Report,Open
CR00623,15-03-2024,Andhra Pradesh,Vijayawada,Identity Theft,Low,Healthcare,3974731,35064,CERT-In,Resolved
CR00624,16-11-2025,Andaman and Nicobar Islands,Port Blair,DDoS,Critical,Banking,3155319,32607,CERT-In,Resolved
CR00625,16-05-2026,Arunachal Pradesh,Itanagar,Phishing,Low,Corporate,2216928,49276,News,Resolved
CR00626,12-07-2024,Goa,Panaji,Online Fraud,Critical,E-commerce,3282330,48627,News,Investigating
CR00627,31-10-2025,Odisha,Bhubaneswar,Identity Theft,High,Corporate,3914497,18692,CERT-In,Investigating
CR00628,28-07-2026,Andhra Pradesh,Guntur,Malware,Low,E-commerce,2072485,26082,CERT-In,Investigating
CR00629,02-06-2026,Lakshadweep,Kavaratti,DDoS,Critical,Healthcare,2767891,31782,User Report,Resolved
CR00630,10-12-2024,Jharkhand,Ranchi,Ransomware,Critical,Education,565936,41110,User Report,Open
CR00631,26-04-2026,Rajasthan,Udaipur,Identity Theft,Low,Healthcare,3434075,8105,News,Investigating
CR00632,10-03-2026,Puducherry,Puducherry,Data Breach,Critical,Personal,426794,11016,News,Resolved
CR00633,07-05-2024,Andhra Pradesh,Vijayawada,Data Breach,Low,IT,2598922,2757,CERT-In,Resolved
CR00634,07-04-2024,Sikkim,Gangtok,Data Breach,Low,Banking,3349303,9630,CERT-In,Investigating
CR00635,01-05-2025,Andhra Pradesh,Visakhapatnam,Online Fraud,High,Personal,142255,12569,Organization,Investigating
CR00636,17-04-2026,Punjab,Amritsar,Identity Theft,Critical,Healthcare,145156,22981,User Report,Investigating
CR00637,15-07-2026,Ladakh,Leh,Identity Theft,Medium,Education,1846119,7585,News,Investigating
CR00638,18-02-2026,Rajasthan,Udaipur,Identity Theft,Medium,Government,4834821,2848,News,Investigating
CR00639,10-07-2025,Punjab,Ludhiana,Phishing,Critical,E-commerce,612180,15397,User Report,Resolved
CR00640,09-03-2026,Nagaland,Kohima,Phishing,Low,Government,812726,28425,News,Investigating
CR00641,08-12-2024,Uttar Pradesh,Lucknow,Phishing,Critical,Education,2830909,16429,Organization,Investigating
CR00642,20-02-2025,Meghalaya,Shillong,Malware,Low,Personal,728719,1064,Organization,Investigating
CR00643,04-07-2024,Tripura,Agartala,Ransomware,Low,Personal,4096327,2133,Organization,Investigating
CR00644,26-02-2026,Goa,Margao,Identity Theft,Critical,IT,1803538,36814,CERT-In,Resolved
CR00645,22-05-2025,Rajasthan,Jodhpur,DDoS,Low,IT,581194,46889,CERT-In,Open
CR00646,29-10-2024,Uttarakhand,Haridwar,DDoS,Critical,Corporate,4331199,42732,CERT-In,Investigating
CR00647,21-09-2025,Andaman and Nicobar Islands,Port Blair,Phishing,Medium,Education,4065484,32854,News,Resolved
CR00648,31-05-2026,Haryana,Panipat,Identity Theft,High,Banking,3873777,29347,User Report,Open
CR00649,23-01-2026,Tripura,Agartala,DDoS,Medium,Education,3776855,35810,CERT-In,Open
CR00650,29-01-2024,Punjab,Amritsar,Ransomware,High,Corporate,3043526,6422,CERT-In,Open
CR00651,24-12-2024,Andaman and Nicobar Islands,Port Blair,Online Fraud,Critical,Government,4468660,17717,News,Resolved
CR00652,19-03-2026,Telangana,Warangal,Phishing,Critical,Personal,2418312,31884,Organization,Resolved
CR00653,21-02-2025,Maharashtra,Pune,Online Fraud,Low,Healthcare,609052,42731,News,Open
CR00654,07-05-2026,Arunachal Pradesh,Naharlagun,Identity Theft,Critical,Healthcare,536617,35901,Organization,Resolved
CR00655,04-02-2024,Karnataka,Bengaluru,Ransomware,Medium,E-commerce,4932065,1789,User Report,Open
CR00656,07-06-2024,Jammu and Kashmir,Srinagar,Ransomware,High,Personal,3850499,14394,User Report,Investigating
CR00657,07-07-2025,Delhi,New Delhi,Data Breach,Critical,Healthcare,2235136,14541,User Report,Resolved
CR00658,14-05-2024,Himachal Pradesh,Dharamshala,Identity Theft,High,Healthcare,499380,44374,CERT-In,Investigating
CR00659,24-01-2026,Ladakh,Leh,Online Fraud,Low,E-commerce,2844295,35609,Organization,Open
CR00660,17-09-2025,Chhattisgarh,Raipur,Malware,Medium,Healthcare,687662,47688,News,Resolved
CR00661,07-07-2024,Meghalaya,Shillong,Online Fraud,Critical,Government,2739463,8486,User Report,Resolved
CR00662,18-06-2025,Nagaland,Dimapur,Phishing,Medium,Personal,575057,32940,CERT-In,Open
CR00663,01-07-2024,Jammu and Kashmir,Jammu,Identity Theft,Critical,Education,1708107,37329,CERT-In,Investigating
CR00664,24-01-2024,Nagaland,Dimapur,DDoS,Critical,Personal,3931902,42077,News,Resolved
CR00665,09-02-2026,Sikkim,Gangtok,Ransomware,Medium,IT,4889237,4487,CERT-In,Investigating
CR00666,27-02-2026,Sikkim,Gangtok,Malware,Critical,IT,4726030,29175,Organization,Open
CR00667,02-05-2026,Chhattisgarh,Bilaspur,Identity Theft,Medium,Healthcare,896062,6343,News,Investigating
CR00668,19-11-2024,Bihar,Muzaffarpur,Malware,Critical,Corporate,384562,13988,News,Investigating
CR00669,01-10-2025,Puducherry,Puducherry,Identity Theft,High,Banking,4673013,12571,News,Open
CR00670,23-02-2025,Uttar Pradesh,Lucknow,Ransomware,Medium,Education,4737384,39520,CERT-In,Investigating
CR00671,28-10-2025,Haryana,Panipat,Data Breach,High,Education,4692078,43166,Organization,Resolved
CR00672,07-07-2024,Ladakh,Leh,Phishing,Critical,Banking,1645822,47486,User Report,Resolved
CR00673,06-09-2024,Jharkhand,Jamshedpur,Malware,Low,Personal,332857,1441,Organization,Investigating
CR00674,20-01-2025,Tripura,Agartala,Data Breach,Medium,Corporate,780802,16844,News,Investigating
CR00675,30-05-2024,Chandigarh,Chandigarh,Data Breach,Low,Corporate,2500398,11943,Organization,Investigating
CR00676,18-02-2025,Jharkhand,Jamshedpur,Ransomware,Medium,E-commerce,1421062,5249,Organization,Open
CR00677,09-12-2025,Dadra and Nagar Haveli and Daman and Diu,Daman,Phishing,Critical,Corporate,1524828,20430,User Report,Resolved
CR00678,05-05-2026,Goa,Margao,Online Fraud,Critical,IT,1197025,25278,CERT-In,Resolved
CR00679,23-03-2025,Maharashtra,Nagpur,Data Breach,High,Education,1590096,26638,News,Investigating
CR00680,05-09-2025,Tripura,Agartala,DDoS,High,IT,2938020,13863,Organization,Resolved
CR00681,28-12-2024,Puducherry,Puducherry,Phishing,High,Healthcare,2409255,43962,CERT-In,Open
CR00682,10-11-2024,Punjab,Chandigarh,Ransomware,High,Government,2644552,44542,News,Open
CR00683,29-08-2025,Chhattisgarh,Raipur,Phishing,Critical,E-commerce,3029655,48970,CERT-In,Resolved
CR00684,02-04-2025,Goa,Panaji,DDoS,High,Personal,4423598,12990,Organization,Investigating
CR00685,10-01-2025,Andhra Pradesh,Visakhapatnam,Identity Theft,Medium,Education,3610294,33710,User Report,Investigating
CR00686,04-08-2025,Odisha,Bhubaneswar,DDoS,Critical,Healthcare,3229985,20242,User Report,Open
CR00687,02-04-2026,Dadra and Nagar Haveli and Daman and Diu,Daman,Data Breach,Critical,Banking,1214587,44819,User Report,Investigating
CR00688,18-09-2024,Lakshadweep,Kavaratti,Malware,Low,Personal,1881081,3525,News,Investigating
CR00689,04-12-2025,Punjab,Ludhiana,Online Fraud,Medium,Government,4143126,13977,News,Investigating
CR00690,25-01-2026,Gujarat,Surat,Ransomware,Low,Banking,522696,46736,Organization,Open
CR00691,04-04-2025,Lakshadweep,Kavaratti,Malware,Critical,Banking,934086,32602,CERT-In,Resolved
CR00692,01-09-2024,Goa,Margao,Identity Theft,Critical,Education,1603582,8348,Organization,Resolved
CR00693,07-07-2025,Kerala,Thiruvananthapuram,Data Breach,Critical,IT,2591162,18661,Organization,Resolved
CR00694,22-06-2025,Nagaland,Dimapur,Malware,Medium,Banking,2532870,24142,User Report,Open
CR00695,11-12-2025,Andaman and Nicobar Islands,Port Blair,Online Fraud,High,Banking,4627335,17051,News,Investigating
CR00696,28-04-2025,Assam,Silchar,Data Breach,High,Banking,3936169,26363,Organization,Resolved
CR00697,11-10-2025,Assam,Dibrugarh,Malware,Low,Personal,4288075,35536,CERT-In,Resolved
CR00698,20-03-2024,Rajasthan,Udaipur,Data Breach,Medium,IT,2348502,13185,News,Open
CR00699,21-05-2024,Kerala,Kochi,Malware,Critical,IT,3653561,14590,Organization,Resolved
CR00700,03-11-2024,Goa,Panaji,Ransomware,Medium,Government,4183175,6037,User Report,Investigating
CR00701,27-08-2024,Nagaland,Kohima,Online Fraud,Critical,Banking,3863006,30071,User Report,Resolved
CR00702,20-02-2025,Nagaland,Kohima,Data Breach,Medium,IT,2100318,15905,Organization,Resolved
CR00703,27-02-2026,Gujarat,Rajkot,Phishing,Critical,Government,1329324,30703,Organization,Open
CR00704,12-01-2025,Maharashtra,Nashik,Malware,Low,E-commerce,28928,388,News,Investigating
CR00705,23-02-2025,Maharashtra,Nashik,Online Fraud,Critical,Corporate,2214635,5186,CERT-In,Resolved
CR00706,04-04-2026,Himachal Pradesh,Dharamshala,Phishing,Critical,Education,1196978,9799,News,Open
CR00707,28-02-2026,Rajasthan,Jodhpur,Phishing,Critical,Corporate,4749186,24201,Organization,Investigating
CR00708,17-03-2024,Ladakh,Leh,Online Fraud,Low,IT,3022754,12203,CERT-In,Resolved
CR00709,28-11-2025,Dadra and Nagar Haveli and Daman and Diu,Daman,Phishing,Low,Personal,1144537,12529,Organization,Open
CR00710,02-09-2025,Jharkhand,Ranchi,DDoS,Medium,Banking,4227871,49441,Organization,Resolved
CR00711,09-06-2026,Rajasthan,Jaipur,Ransomware,Critical,Education,3263316,2408,Organization,Resolved
CR00712,01-10-2024,Kerala,Kozhikode,Phishing,Critical,E-commerce,1434386,45075,CERT-In,Investigating
CR00713,19-03-2026,West Bengal,Siliguri,Phishing,High,Personal,836329,34401,Organization,Open
CR00714,31-01-2025,Manipur,Imphal,Online Fraud,High,IT,2288232,19120,CERT-In,Investigating
CR00715,30-06-2026,Jammu and Kashmir,Srinagar,Ransomware,Medium,Corporate,4812548,32011,User Report,Open
CR00716,04-08-2024,Sikkim,Gangtok,Online Fraud,Medium,Education,1840684,23918,Organization,Resolved
CR00717,20-12-2025,Jharkhand,Ranchi,Data Breach,Critical,IT,1319058,33860,CERT-In,Open
CR00718,16-04-2026,Uttarakhand,Haridwar,DDoS,High,Healthcare,3007686,4381,News,Investigating
CR00719,25-04-2026,Maharashtra,Nashik,Online Fraud,Medium,Education,3558559,41297,News,Resolved
CR00720,17-12-2025,Arunachal Pradesh,Naharlagun,Phishing,Medium,Healthcare,1462837,39916,CERT-In,Investigating
CR00721,07-02-2024,Jammu and Kashmir,Jammu,Online Fraud,Critical,Corporate,941742,24425,News,Resolved
CR00722,24-07-2025,Goa,Margao,Ransomware,High,Education,96888,44430,News,Open
CR00723,27-08-2025,Madhya Pradesh,Gwalior,Online Fraud,High,Government,3766753,5255,Organization,Resolved
CR00724,18-07-2024,Gujarat,Ahmedabad,Phishing,Medium,Healthcare,3677923,40801,News,Open
CR00725,26-05-2025,Tripura,Agartala,Data Breach,Medium,Corporate,3328840,44836,Organization,Resolved
CR00726,26-05-2025,Jammu and Kashmir,Jammu,Malware,Medium,Healthcare,864656,35194,CERT-In,Resolved
CR00727,23-08-2024,Manipur,Imphal,DDoS,High,IT,1841330,12028,CERT-In,Resolved
CR00728,06-11-2025,Tripura,Agartala,Online Fraud,Low,IT,2133972,3272,Organization,Resolved
CR00729,26-04-2024,Nagaland,Kohima,Phishing,High,Healthcare,1677177,1419,Organization,Investigating
CR00730,13-06-2025,Chhattisgarh,Raipur,Phishing,Low,Government,3285703,40702,Organization,Investigating
CR00731,18-06-2025,Tamil Nadu,Chennai,DDoS,High,Corporate,2119621,49663,Organization,Open
CR00732,07-01-2025,Ladakh,Leh,Phishing,Medium,Government,4119337,8777,Organization,Open
CR00733,22-02-2025,Sikkim,Gangtok,Online Fraud,High,Healthcare,1436402,8475,User Report,Resolved
CR00734,12-04-2025,Puducherry,Puducherry,Malware,Medium,Personal,4674996,40552,Organization,Resolved
CR00735,22-05-2024,Assam,Silchar,Ransomware,Low,Government,2538736,47347,CERT-In,Resolved
CR00736,10-02-2025,Maharashtra,Pune,Phishing,Low,Personal,3251909,11357,News,Open
CR00737,24-03-2024,Dadra and Nagar Haveli and Daman and Diu,Silvassa,Identity Theft,Low,Government,899350,14446,Organization,Investigating
CR00738,28-05-2024,Telangana,Warangal,DDoS,Medium,Corporate,1728349,9906,Organization,Investigating
CR00739,30-04-2025,Odisha,Bhubaneswar,Online Fraud,High,Personal,4615151,34852,News,Resolved
CR00740,02-07-2025,Manipur,Imphal,DDoS,Medium,Government,3609703,16107,CERT-In,Open
CR00741,11-01-2026,Chandigarh,Chandigarh,Ransomware,Low,Education,1870964,45264,User Report,Open
CR00742,23-02-2024,Delhi,New Delhi,DDoS,High,Government,3162482,31692,User Report,Investigating
CR00743,10-04-2026,Bihar,Gaya,Phishing,Critical,Banking,2048085,27259,News,Resolved
CR00744,07-02-2024,Kerala,Kozhikode,Malware,High,E-commerce,2653026,30930,CERT-In,Resolved
CR00745,09-01-2026,Nagaland,Kohima,Malware,High,Government,1118749,4338,News,Open
CR00746,04-03-2024,Ladakh,Leh,DDoS,Critical,Education,3177860,29153,Organization,Investigating
CR00747,30-09-2025,Kerala,Kozhikode,Phishing,Low,Banking,3059641,14402,CERT-In,Investigating
CR00748,12-02-2026,West Bengal,Siliguri,DDoS,Critical,Personal,1572065,31325,User Report,Investigating
CR00749,08-11-2025,Madhya Pradesh,Bhopal,Phishing,Low,Education,3860204,48809,News,Resolved
CR00750,18-06-2026,Karnataka,Mysuru,Identity Theft,High,E-commerce,2497866,15456,User Report,Investigating
CR00751,14-09-2024,Chhattisgarh,Raipur,Ransomware,High,IT,4285074,38408,CERT-In,Resolved
CR00752,03-11-2024,Tamil Nadu,Coimbatore,Identity Theft,Critical,Corporate,3662433,20275,News,Open
CR00753,27-12-2024,Arunachal Pradesh,Itanagar,Phishing,Medium,Education,928468,47191,User Report,Open
CR00754,17-01-2025,Manipur,Imphal,DDoS,Low,Corporate,4189000,6879,User Report,Resolved
CR00755,11-06-2024,Himachal Pradesh,Shimla,Phishing,Low,Banking,3687423,42038,CERT-In,Investigating
CR00756,30-07-2025,Nagaland,Kohima,Data Breach,Critical,Corporate,1396262,49030,News,Investigating
CR00757,14-04-2026,Madhya Pradesh,Indore,Ransomware,Medium,Healthcare,255073,42907,News,Resolved
CR00758,01-04-2024,Karnataka,Mangaluru,Data Breach,Medium,E-commerce,4580171,48864,News,Investigating
CR00759,10-07-2024,Rajasthan,Jaipur,Identity Theft,Critical,IT,4321684,32352,CERT-In,Resolved
CR00760,04-09-2025,Uttar Pradesh,Lucknow,Data Breach,Medium,E-commerce,534214,7327,User Report,Open
CR00761,03-06-2026,Mizoram,Aizawl,Data Breach,High,IT,4333753,37414,CERT-In,Investigating
CR00762,17-04-2024,Haryana,Faridabad,Online Fraud,Critical,E-commerce,1115253,21337,News,Resolved
CR00763,07-05-2026,Manipur,Imphal,Ransomware,Critical,Personal,761366,47056,News,Resolved
CR00764,21-10-2024,Madhya Pradesh,Gwalior,DDoS,Critical,Personal,2260330,13544,CERT-In,Open
CR00765,09-07-2024,Punjab,Ludhiana,Data Breach,Medium,IT,853294,45331,Organization,Investigating
CR00766,04-06-2025,Chandigarh,Chandigarh,Online Fraud,Critical,E-commerce,325568,34220,News,Investigating
CR00767,10-09-2024,Himachal Pradesh,Shimla,Identity Theft,High,Healthcare,3747743,30456,Organization,Investigating
CR00768,22-07-2026,Chhattisgarh,Raipur,DDoS,Critical,E-commerce,4847753,10206,CERT-In,Resolved
CR00769,03-12-2025,Meghalaya,Shillong,Data Breach,High,Personal,4510445,10057,CERT-In,Open
CR00770,07-06-2024,Punjab,Ludhiana,Data Breach,High,IT,4040039,46272,News,Open
CR00771,09-09-2025,Puducherry,Puducherry,Online Fraud,Critical,Government,4518082,11032,Organization,Resolved
CR00772,31-10-2025,Madhya Pradesh,Indore,Phishing,Low,Personal,4125286,7320,CERT-In,Resolved
CR00773,29-10-2025,Uttarakhand,Haridwar,DDoS,Medium,Government,2455556,34432,News,Open
CR00774,24-02-2026,Delhi,New Delhi,Online Fraud,Low,Banking,4915802,14959,Organization,Open
CR00775,09-01-2026,Telangana,Hyderabad,DDoS,Medium,Personal,3695352,47791,Organization,Investigating
CR00776,14-07-2025,Ladakh,Leh,DDoS,Medium,Corporate,2095193,17435,Organization,Open
CR00777,06-07-2024,Rajasthan,Jaipur,Online Fraud,Critical,Education,3963487,4081,Organization,Investigating
CR00778,22-08-2024,Karnataka,Bengaluru,Malware,High,Corporate,3599807,4474,CERT-In,Investigating
CR00779,29-11-2024,Punjab,Chandigarh,Malware,Low,Personal,31147,17626,CERT-In,Open
CR00780,02-07-2024,Kerala,Kochi,Malware,Critical,E-commerce,2301464,1416,Organization,Open
CR00781,26-03-2026,Himachal Pradesh,Shimla,Online Fraud,High,Banking,4127477,45305,CERT-In,Open
CR00782,11-06-2024,Ladakh,Leh,Malware,Critical,Corporate,661218,21506,User Report,Open
CR00783,28-10-2025,Punjab,Amritsar,DDoS,Low,Corporate,3561706,1143,CERT-In,Investigating
CR00784,31-05-2024,Uttar Pradesh,Varanasi,Online Fraud,High,Healthcare,1302732,21806,CERT-In,Investigating
CR00785,07-04-2026,West Bengal,Kolkata,DDoS,Low,Education,4818702,18718,Organization,Open
CR00786,10-06-2024,Uttarakhand,Haridwar,DDoS,High,Personal,253810,18416,Organization,Resolved
CR00787,22-04-2024,Telangana,Hyderabad,Malware,Medium,IT,1306316,2463,News,Resolved
CR00788,01-05-2025,Uttar Pradesh,Varanasi,Online Fraud,High,Personal,2379884,6672,Organization,Investigating
CR00789,03-11-2024,Uttar Pradesh,Lucknow,DDoS,High,IT,2299576,22778,User Report,Open
CR00790,25-09-2025,Haryana,Gurugram,Phishing,Medium,Education,377519,26188,News,Open
CR00791,11-06-2024,Madhya Pradesh,Gwalior,Ransomware,High,Government,1341185,35523,Organization,Resolved
CR00792,03-04-2026,Arunachal Pradesh,Naharlagun,Identity Theft,High,Government,2436463,10027,CERT-In,Open
CR00793,03-11-2025,Lakshadweep,Kavaratti,Malware,Low,Healthcare,789180,46244,User Report,Resolved
CR00794,13-04-2025,Uttarakhand,Dehradun,Malware,Low,Government,4339995,20283,Organization,Resolved
CR00795,25-10-2025,Karnataka,Mangaluru,Data Breach,High,Healthcare,4071181,36118,User Report,Resolved
CR00796,27-03-2024,Puducherry,Puducherry,Data Breach,Low,Education,3920884,18505,Organization,Open
CR00797,09-04-2025,Meghalaya,Shillong,Phishing,Low,Corporate,3770500,48249,News,Open
CR00798,10-03-2026,Punjab,Chandigarh,Ransomware,Medium,Corporate,3525254,30803,News,Investigating
CR00799,06-06-2025,Assam,Guwahati,Online Fraud,Low,E-commerce,3798733,20178,Organization,Resolved
CR00800,21-04-2025,Puducherry,Puducherry,Online Fraud,Low,Government,3710105,17548,CERT-In,Investigating
CR00801,21-12-2024,Odisha,Cuttack,Phishing,Medium,Banking,3133443,47898,Organization,Investigating
CR00802,17-05-2025,Meghalaya,Shillong,Ransomware,Low,Healthcare,1643965,20928,CERT-In,Resolved
CR00803,05-03-2025,Arunachal Pradesh,Itanagar,Malware,Medium,Corporate,4618518,16830,User Report,Investigating
CR00804,21-05-2026,Himachal Pradesh,Shimla,Ransomware,Critical,Healthcare,338881,3700,News,Open
CR00805,09-02-2024,Sikkim,Gangtok,Malware,Medium,Government,2577703,21908,News,Open
CR00806,16-01-2024,Chandigarh,Chandigarh,Online Fraud,High,Corporate,307950,7547,CERT-In,Open
CR00807,30-12-2024,Punjab,Ludhiana,DDoS,Critical,IT,2634346,6496,Organization,Investigating
CR00808,29-03-2024,Gujarat,Vadodara,Identity Theft,Medium,IT,2555382,47026,News,Resolved
CR00809,25-03-2025,Lakshadweep,Kavaratti,DDoS,Medium,E-commerce,4207087,38658,User Report,Resolved
CR00810,04-04-2025,Meghalaya,Shillong,Ransomware,Medium,Healthcare,4298015,6134,CERT-In,Investigating
CR00811,07-10-2025,Chandigarh,Chandigarh,Data Breach,Low,IT,3950151,8299,Organization,Investigating
CR00812,04-05-2026,Andaman and Nicobar Islands,Port Blair,Phishing,Medium,Corporate,3071573,21844,News,Open
CR00813,01-11-2024,Delhi,New Delhi,Phishing,Low,IT,4841913,9630,Organization,Open
CR00814,27-09-2024,Rajasthan,Jodhpur,Online Fraud,Low,Education,3305460,38624,User Report,Resolved
CR00815,10-05-2024,Chandigarh,Chandigarh,Online Fraud,Critical,Healthcare,2242999,48003,User Report,Open
CR00816,27-12-2025,Himachal Pradesh,Dharamshala,Identity Theft,High,Education,627194,4313,News,Open
CR00817,22-04-2026,Madhya Pradesh,Gwalior,Phishing,Low,Healthcare,4410054,20846,News,Investigating
CR00818,01-09-2024,Nagaland,Kohima,Malware,High,Education,954068,17090,Organization,Investigating
CR00819,08-12-2024,Gujarat,Ahmedabad,Malware,Low,Personal,4571336,23370,News,Resolved
CR00820,28-11-2025,Arunachal Pradesh,Naharlagun,Malware,High,Corporate,4185153,47655,User Report,Open
CR00821,31-05-2024,Sikkim,Gangtok,Malware,Critical,Corporate,181980,22246,User Report,Resolved
CR00822,15-12-2024,Kerala,Thiruvananthapuram,Phishing,Low,IT,2004930,42146,User Report,Open
CR00823,13-02-2026,Chandigarh,Chandigarh,Identity Theft,Medium,Corporate,2510979,2727,Organization,Investigating
CR00824,16-07-2024,Mizoram,Aizawl,Ransomware,Critical,Government,4025053,36524,CERT-In,Open
CR00825,09-04-2025,Uttarakhand,Dehradun,Identity Theft,High,IT,4146722,45697,User Report,Investigating
CR00826,04-10-2024,Maharashtra,Nagpur,Data Breach,High,E-commerce,2198384,38625,Organization,Resolved
CR00827,06-03-2025,Tripura,Agartala,Data Breach,Medium,Personal,209925,29827,News,Investigating
CR00828,29-01-2025,Odisha,Cuttack,Identity Theft,Low,Personal,805919,40775,User Report,Investigating
CR00829,14-11-2025,Arunachal Pradesh,Naharlagun,Ransomware,Medium,E-commerce,4460949,17386,News,Open
CR00830,13-12-2024,Rajasthan,Jodhpur,DDoS,High,Banking,2975893,15844,News,Open
CR00831,17-02-2024,Chandigarh,Chandigarh,Identity Theft,Critical,Education,3599759,37246,News,Open
CR00832,18-09-2025,Uttar Pradesh,Varanasi,Online Fraud,Low,Government,4445046,39050,CERT-In,Resolved
CR00833,16-07-2026,Rajasthan,Jodhpur,Data Breach,Critical,Personal,2082240,18396,News,Investigating
CR00834,17-03-2026,Rajasthan,Jodhpur,Ransomware,High,Education,598429,40596,News,Open
CR00835,29-12-2024,Nagaland,Kohima,Phishing,Medium,E-commerce,1383021,38120,User Report,Investigating
CR00836,16-04-2026,Jammu and Kashmir,Srinagar,Malware,Medium,Personal,2209933,19385,CERT-In,Investigating
CR00837,27-02-2026,Madhya Pradesh,Gwalior,Phishing,Critical,IT,1040504,40937,User Report,Investigating
CR00838,24-04-2026,Jharkhand,Ranchi,Ransomware,Critical,Corporate,1199454,20305,CERT-In,Investigating
CR00839,11-10-2024,Maharashtra,Nashik,DDoS,Medium,IT,825990,30711,Organization,Investigating
CR00840,06-10-2024,Meghalaya,Shillong,Malware,Critical,Healthcare,2209308,3186,User Report,Resolved
CR00841,23-02-2026,Gujarat,Ahmedabad,Ransomware,High,IT,1510087,12785,CERT-In,Resolved
CR00842,11-06-2026,Andhra Pradesh,Guntur,Phishing,Critical,Corporate,3359371,5383,User Report,Open
CR00843,26-08-2024,Karnataka,Mysuru,Online Fraud,Low,Education,3438666,4773,User Report,Investigating
CR00844,18-02-2024,Meghalaya,Shillong,Ransomware,Low,Education,1157224,10766,Organization,Investigating
CR00845,18-12-2025,Maharashtra,Nagpur,DDoS,Low,Personal,70257,23621,User Report,Open
CR00846,07-02-2025,Arunachal Pradesh,Itanagar,Ransomware,Low,E-commerce,1403824,18475,Organization,Investigating
CR00847,16-06-2026,Arunachal Pradesh,Naharlagun,Phishing,Low,Personal,4675784,15062,News,Resolved
CR00848,23-09-2025,Ladakh,Leh,Phishing,High,IT,4689025,25708,Organization,Open
CR00849,01-05-2025,Tamil Nadu,Chennai,Ransomware,Critical,IT,2616977,28435,Organization,Resolved
CR00850,30-11-2024,Odisha,Cuttack,Malware,Medium,Banking,4812671,33456,User Report,Investigating
CR00851,09-02-2024,West Bengal,Siliguri,Data Breach,Critical,E-commerce,2216957,15406,Organization,Investigating
CR00852,25-06-2025,Assam,Dibrugarh,DDoS,Medium,Education,1172911,26654,News,Investigating
CR00853,26-07-2025,Haryana,Panipat,Phishing,High,Corporate,1824658,30543,Organization,Resolved
CR00854,13-03-2025,Odisha,Bhubaneswar,Data Breach,Medium,Personal,1764048,5769,Organization,Open
CR00855,29-04-2024,Puducherry,Puducherry,Identity Theft,Medium,Education,687631,13064,News,Resolved
CR00856,05-05-2024,Himachal Pradesh,Dharamshala,Malware,Low,E-commerce,4059787,11429,User Report,Resolved
CR00857,18-10-2025,Assam,Dibrugarh,Data Breach,Medium,Corporate,3993092,38897,Organization,Investigating
CR00858,31-01-2024,West Bengal,Kolkata,Phishing,Critical,Banking,2407805,9866,News,Resolved
CR00859,17-04-2024,Himachal Pradesh,Shimla,Identity Theft,Low,Education,1674494,21057,User Report,Investigating
CR00860,30-10-2024,Haryana,Gurugram,Online Fraud,Critical,Banking,3626969,26294,Organization,Open
CR00861,19-05-2024,Kerala,Kozhikode,Ransomware,High,Education,3873289,40083,Organization,Open
CR00862,30-03-2025,Tripura,Agartala,Data Breach,Low,Banking,4623945,38079,News,Open
CR00863,22-02-2024,Andhra Pradesh,Guntur,Ransomware,Low,Personal,1876431,15753,News,Investigating
CR00864,14-04-2025,Uttar Pradesh,Varanasi,DDoS,Medium,Personal,2910837,14103,CERT-In,Open
CR00865,01-01-2024,Meghalaya,Shillong,Phishing,Critical,IT,3378650,15482,News,Resolved
CR00866,29-11-2025,Ladakh,Leh,Phishing,Medium,E-commerce,3771541,1989,User Report,Resolved
CR00867,16-05-2026,Manipur,Imphal,Malware,High,Personal,1302894,44986,Organization,Resolved
CR00868,20-10-2025,Andhra Pradesh,Visakhapatnam,Data Breach,Medium,Healthcare,4281855,36324,News,Resolved
CR00869,17-02-2026,Chandigarh,Chandigarh,Data Breach,Medium,Personal,1374735,19695,CERT-In,Open
CR00870,29-12-2025,Tamil Nadu,Chennai,DDoS,Critical,Corporate,13702,14680,User Report,Resolved
CR00871,23-05-2025,Punjab,Amritsar,Ransomware,Medium,Education,984439,35154,Organization,Open
CR00872,29-01-2024,Puducherry,Puducherry,Identity Theft,Low,Education,3095923,47195,CERT-In,Open
CR00873,01-06-2025,Lakshadweep,Kavaratti,Identity Theft,Critical,IT,4956540,41475,News,Resolved
CR00874,11-07-2024,Madhya Pradesh,Gwalior,Phishing,High,Government,1271673,10730,Organization,Open
CR00875,01-04-2026,Maharashtra,Nashik,DDoS,Critical,Banking,3739687,6682,User Report,Open
CR00876,27-10-2024,Ladakh,Leh,Phishing,Low,Corporate,2053688,14727,CERT-In,Open
CR00877,20-01-2024,Karnataka,Mysuru,Identity Theft,High,Education,502292,6610,News,Open
CR00878,17-02-2025,Lakshadweep,Kavaratti,Identity Theft,Critical,Healthcare,3034104,49859,User Report,Open
CR00879,27-08-2025,Odisha,Bhubaneswar,Online Fraud,Medium,Education,4343389,42883,User Report,Resolved
CR00880,14-06-2025,Maharashtra,Nashik,Ransomware,Critical,Corporate,158856,28688,Organization,Investigating
CR00881,28-06-2024,Lakshadweep,Kavaratti,Identity Theft,Critical,E-commerce,4759177,16811,User Report,Resolved
CR00882,24-10-2024,Meghalaya,Shillong,Online Fraud,Medium,Banking,2604728,2215,News,Investigating
CR00883,01-02-2026,Haryana,Gurugram,Malware,Critical,Corporate,4924735,14266,Organization,Resolved
CR00884,12-11-2025,Uttarakhand,Dehradun,Phishing,Critical,Education,4663444,35322,Organization,Investigating
CR00885,09-09-2024,Telangana,Hyderabad,Identity Theft,High,Personal,1112068,227,News,Investigating
CR00886,03-07-2025,Ladakh,Leh,Data Breach,High,Healthcare,1743475,316,User Report,Resolved
CR00887,01-02-2024,Puducherry,Puducherry,Data Breach,Low,Education,3472776,48760,News,Open
CR00888,19-04-2026,Tamil Nadu,Coimbatore,DDoS,Medium,E-commerce,3131010,15782,News,Resolved
CR00889,05-04-2024,Gujarat,Rajkot,Phishing,Critical,Government,2928742,15040,News,Investigating
CR00890,14-06-2025,Tripura,Agartala,Malware,Low,IT,4237322,15569,User Report,Investigating
CR00891,24-07-2024,Assam,Silchar,Ransomware,High,Banking,1504698,1700,News,Resolved
CR00892,26-03-2024,Rajasthan,Udaipur,Identity Theft,Low,Healthcare,2182820,28014,Organization,Open
CR00893,03-05-2024,Tamil Nadu,Chennai,Ransomware,Critical,E-commerce,3665337,38502,User Report,Investigating
CR00894,16-06-2026,Goa,Panaji,Data Breach,Medium,Corporate,2448327,27557,Organization,Open
CR00895,22-04-2024,Goa,Margao,Malware,Low,Personal,2951201,47519,News,Open
CR00896,26-04-2026,Chhattisgarh,Raipur,Online Fraud,Medium,Corporate,3516996,32961,News,Resolved
CR00897,31-03-2024,Telangana,Warangal,DDoS,Critical,E-commerce,1565889,23704,Organization,Resolved
CR00898,25-01-2026,Chhattisgarh,Raipur,Data Breach,High,Healthcare,2064824,6072,Organization,Resolved
CR00899,29-01-2024,Dadra and Nagar Haveli and Daman and Diu,Daman,Data Breach,Low,Government,306687,13987,User Report,Resolved
CR00900,11-05-2025,Goa,Margao,Phishing,Medium,Personal,1849824,42619,User Report,Open
CR00901,07-08-2024,Goa,Panaji,Malware,High,Personal,2050291,40242,CERT-In,Open
CR00902,13-10-2025,Rajasthan,Jaipur,Online Fraud,Critical,Education,4810887,14170,CERT-In,Open
CR00903,18-07-2026,Arunachal Pradesh,Itanagar,Identity Theft,Low,Banking,369084,28971,Organization,Open
CR00904,16-11-2024,Dadra and Nagar Haveli and Daman and Diu,Silvassa,Ransomware,Critical,Education,2790343,39565,Organization,Investigating
CR00905,13-10-2025,Nagaland,Kohima,Ransomware,High,IT,4328586,29425,User Report,Resolved
CR00906,23-11-2024,Chhattisgarh,Raipur,Online Fraud,High,Healthcare,251942,44380,User Report,Open
CR00907,13-06-2024,Delhi,New Delhi,Phishing,Medium,Corporate,177091,18859,CERT-In,Resolved
CR00908,29-09-2025,Gujarat,Ahmedabad,Data Breach,High,IT,3849390,15430,Organization,Resolved
CR00909,22-06-2024,Odisha,Cuttack,Data Breach,High,Education,1284224,34795,User Report,Open
CR00910,26-06-2024,Odisha,Cuttack,Ransomware,High,Healthcare,4880786,36065,News,Resolved
CR00911,02-01-2025,Andaman and Nicobar Islands,Port Blair,Identity Theft,High,Banking,980932,28932,News,Open
CR00912,06-05-2025,Punjab,Amritsar,Phishing,Low,Banking,3785251,16712,News,Investigating
CR00913,26-11-2024,Lakshadweep,Kavaratti,Data Breach,Critical,Banking,4046795,25223,CERT-In,Investigating
CR00914,22-07-2026,Tripura,Agartala,Malware,Low,Healthcare,3512153,34004,CERT-In,Resolved
CR00915,02-03-2026,Maharashtra,Pune,Identity Theft,High,Healthcare,992149,21866,News,Investigating
CR00916,27-06-2026,Odisha,Bhubaneswar,DDoS,Critical,Education,3823733,48396,Organization,Open
CR00917,16-03-2026,Tamil Nadu,Madurai,Identity Theft,Medium,Banking,4926580,14764,News,Investigating
CR00918,19-07-2026,Chhattisgarh,Bilaspur,Malware,Medium,Personal,205989,9244,CERT-In,Open
CR00919,15-04-2024,Jharkhand,Ranchi,Malware,Medium,Corporate,4462723,32948,Organization,Resolved
CR00920,31-08-2025,Puducherry,Puducherry,Ransomware,Low,E-commerce,3331868,37476,CERT-In,Resolved
CR00921,10-05-2024,Kerala,Kozhikode,Identity Theft,High,IT,2419223,39412,Organization,Resolved
CR00922,09-03-2024,Kerala,Thiruvananthapuram,Malware,Low,E-commerce,3643925,9814,Organization,Open
CR00923,01-12-2024,Ladakh,Leh,Identity Theft,High,Healthcare,3494571,19665,User Report,Open
CR00924,05-08-2024,Madhya Pradesh,Indore,Data Breach,High,Healthcare,1965307,2633,User Report,Investigating
CR00925,09-11-2025,Uttarakhand,Haridwar,Identity Theft,Low,Personal,3177769,4538,News,Open
CR00926,21-08-2025,West Bengal,Durgapur,Online Fraud,High,Corporate,676866,18128,User Report,Open
CR00927,12-05-2026,Uttar Pradesh,Varanasi,Malware,Critical,IT,340047,28926,News,Investigating
CR00928,05-03-2026,Chandigarh,Chandigarh,DDoS,High,Corporate,1164214,16015,User Report,Open
CR00929,04-07-2025,Tripura,Agartala,Online Fraud,Low,Corporate,832828,39079,Organization,Open
CR00930,05-12-2025,Ladakh,Leh,Identity Theft,Medium,Government,20257,47479,News,Resolved
CR00931,11-01-2025,Meghalaya,Shillong,Phishing,Medium,Corporate,744503,34202,News,Investigating
CR00932,08-02-2025,Bihar,Patna,Malware,Medium,Personal,973587,9129,News,Open
CR00933,20-09-2024,Maharashtra,Pune,Online Fraud,Low,Education,3617256,10538,CERT-In,Resolved
CR00934,02-07-2026,Himachal Pradesh,Shimla,DDoS,Low,Education,2521719,23684,Organization,Investigating
CR00935,28-02-2025,Bihar,Patna,Ransomware,Critical,Healthcare,4042524,18855,User Report,Resolved
CR00936,28-12-2024,Tamil Nadu,Chennai,Ransomware,Low,IT,355555,46594,Organization,Open
CR00937,10-08-2024,Meghalaya,Shillong,Ransomware,Medium,Healthcare,4550182,16171,Organization,Open
CR00938,27-10-2024,Sikkim,Gangtok,Ransomware,Medium,E-commerce,3101718,27305,CERT-In,Open
CR00939,17-04-2025,Assam,Dibrugarh,Malware,Low,Education,3328486,22053,User Report,Open
CR00940,13-07-2026,Madhya Pradesh,Gwalior,Online Fraud,Medium,Corporate,571184,10100,News,Open
CR00941,03-04-2025,Nagaland,Dimapur,Ransomware,High,Healthcare,3302868,20015,News,Resolved
CR00942,15-03-2026,Kerala,Thiruvananthapuram,Online Fraud,Critical,E-commerce,1603590,40517,Organization,Investigating
CR00943,17-11-2025,Madhya Pradesh,Gwalior,Online Fraud,Critical,Government,2845461,33617,News,Resolved
CR00944,13-06-2024,Bihar,Gaya,Ransomware,Low,Banking,1790105,48448,User Report,Investigating
CR00945,10-10-2024,Goa,Margao,Identity Theft,Medium,Personal,2672167,6235,CERT-In,Investigating
CR00946,03-11-2025,Andaman and Nicobar Islands,Port Blair,Malware,Critical,E-commerce,4255598,6979,Organization,Investigating
CR00947,27-01-2025,Punjab,Chandigarh,Malware,Critical,Corporate,3129502,27300,News,Investigating
CR00948,09-06-2025,Delhi,New Delhi,Malware,Critical,Healthcare,1066013,20732,Organization,Resolved
CR00949,22-11-2025,Andhra Pradesh,Visakhapatnam,Data Breach,Critical,Education,4346956,34710,CERT-In,Open
CR00950,14-06-2025,Arunachal Pradesh,Naharlagun,Data Breach,Critical,Healthcare,4599002,4039,Organization,Resolved
CR00951,18-08-2024,Bihar,Gaya,Online Fraud,Low,IT,1058167,4656,Organization,Open
CR00952,12-06-2024,Telangana,Warangal,DDoS,High,Corporate,4330715,14193,CERT-In,Resolved
CR00953,03-01-2025,Meghalaya,Shillong,DDoS,Medium,Personal,1685394,16195,User Report,Resolved
CR00954,08-11-2024,Uttarakhand,Haridwar,Online Fraud,Medium,E-commerce,2685285,1132,CERT-In,Investigating
CR00955,17-05-2026,Haryana,Faridabad,Phishing,High,Education,259532,31653,Organization,Investigating
CR00956,24-01-2026,Chandigarh,Chandigarh,Malware,High,E-commerce,2022687,48238,User Report,Resolved
CR00957,24-07-2024,Dadra and Nagar Haveli and Daman and Diu,Daman,Online Fraud,High,Corporate,989159,41453,User Report,Investigating
CR00958,04-04-2025,Andhra Pradesh,Vijayawada,Ransomware,Low,Government,4460224,16042,CERT-In,Investigating
CR00959,27-02-2026,Tripura,Agartala,Identity Theft,Critical,Personal,2413249,10939,Organization,Open
CR00960,02-06-2025,Karnataka,Mysuru,Data Breach,Critical,Corporate,2571134,34258,News,Resolved
CR00961,10-02-2026,Delhi,New Delhi,Identity Theft,Low,E-commerce,4011007,38785,User Report,Resolved
CR00962,19-10-2024,Uttar Pradesh,Noida,Online Fraud,Critical,Government,191816,24294,Organization,Investigating
CR00963,19-02-2026,Lakshadweep,Kavaratti,Phishing,High,Healthcare,3749553,41838,User Report,Resolved
CR00964,19-03-2024,Tripura,Agartala,Malware,High,Banking,3135496,47465,News,Resolved
CR00965,20-01-2024,Uttarakhand,Haridwar,Phishing,Low,Education,65388,34648,CERT-In,Investigating
CR00966,07-03-2024,Rajasthan,Jaipur,Phishing,Critical,Government,1494640,28131,User Report,Open
CR00967,26-01-2025,Dadra and Nagar Haveli and Daman and Diu,Daman,DDoS,Critical,Corporate,4437536,38993,User Report,Resolved
CR00968,10-06-2024,Haryana,Panipat,Online Fraud,Medium,Government,2363434,40598,CERT-In,Investigating
CR00969,20-12-2024,Mizoram,Aizawl,Data Breach,Critical,Personal,2864247,13205,CERT-In,Resolved
CR00970,18-03-2026,Lakshadweep,Kavaratti,Online Fraud,High,Healthcare,4826766,29469,User Report,Investigating
CR00971,21-11-2024,Jammu and Kashmir,Jammu,Identity Theft,Medium,Healthcare,3168068,37198,News,Resolved
CR00972,31-07-2026,Uttarakhand,Dehradun,Identity Theft,Medium,Healthcare,3041922,42167,CERT-In,Investigating
CR00973,12-03-2026,Punjab,Amritsar,Malware,Low,E-commerce,3805750,36675,CERT-In,Resolved
CR00974,10-10-2025,Karnataka,Mysuru,Phishing,Critical,E-commerce,1797935,4398,User Report,Investigating
CR00975,28-11-2025,Andaman and Nicobar Islands,Port Blair,DDoS,Critical,Government,1535643,46419,News,Resolved
CR00976,22-07-2024,Odisha,Cuttack,Data Breach,Low,Personal,3877143,10093,News,Resolved
CR00977,13-01-2026,West Bengal,Siliguri,Ransomware,Low,E-commerce,1202495,21429,Organization,Resolved
CR00978,01-08-2024,Andaman and Nicobar Islands,Port Blair,Online Fraud,Low,Healthcare,351943,33266,News,Open
CR00979,24-10-2024,Odisha,Bhubaneswar,Online Fraud,Low,E-commerce,24345,19944,User Report,Investigating
CR00980,02-07-2026,Sikkim,Gangtok,Identity Theft,Critical,Education,1036137,46886,News,Open
CR00981,14-10-2025,Punjab,Chandigarh,Phishing,High,Healthcare,3502660,29739,Organization,Open
CR00982,24-02-2024,Meghalaya,Shillong,Phishing,High,Banking,1301008,3965,Organization,Open
CR00983,09-01-2026,Punjab,Chandigarh,Online Fraud,Critical,E-commerce,3387051,1382,News,Resolved
CR00984,03-09-2024,Delhi,New Delhi,DDoS,Medium,Government,415044,8743,User Report,Resolved
CR00985,04-01-2025,Maharashtra,Nagpur,DDoS,Critical,Banking,1177518,16091,News,Open
CR00986,24-05-2026,Karnataka,Bengaluru,Data Breach,High,IT,2725608,48195,Organization,Open
CR00987,29-04-2025,Telangana,Hyderabad,Phishing,High,Healthcare,3288093,44103,News,Investigating
CR00988,13-09-2024,Jharkhand,Jamshedpur,Phishing,Medium,Banking,1000797,43095,User Report,Resolved
CR00989,13-04-2026,Madhya Pradesh,Bhopal,Ransomware,Low,Personal,4211297,36718,Organization,Investigating
CR00990,08-02-2025,Sikkim,Gangtok,Identity Theft,Critical,Corporate,3349286,47984,User Report,Open
CR00991,14-06-2024,Delhi,New Delhi,DDoS,High,Corporate,4070226,32861,User Report,Investigating
CR00992,18-01-2024,Uttarakhand,Dehradun,Ransomware,Medium,Healthcare,4932227,38397,Organization,Open
CR00993,06-01-2024,Tamil Nadu,Coimbatore,DDoS,Low,Banking,1351146,13093,User Report,Open
CR00994,02-01-2024,Odisha,Cuttack,Phishing,Low,E-commerce,4383585,41573,CERT-In,Open
CR00995,09-12-2025,Jharkhand,Jamshedpur,DDoS,Medium,Education,1533912,35985,Organization,Open
CR00996,18-05-2025,Chhattisgarh,Bilaspur,Phishing,Critical,Healthcare,3754910,16609,CERT-In,Open
CR00997,25-06-2024,Sikkim,Gangtok,Malware,Low,Banking,35981,8721,Organization,Investigating
CR00998,01-11-2024,Sikkim,Gangtok,Malware,Medium,Corporate,1225244,886,User Report,Resolved
CR00999,12-03-2026,Nagaland,Kohima,Phishing,High,Corporate,604689,3573,News,Resolved
CR01000,15-02-2026,Manipur,Imphal,DDoS,Low,Corporate,2958882,5261,CERT-In,Open
CR01001,30-07-2024,West Bengal,Durgapur,DDoS,Low,Banking,239030,40656,News,Resolved
CR01002,17-03-2026,Jharkhand,Jamshedpur,DDoS,High,Education,3625099,29063,Organization,Investigating
CR01003,23-08-2024,Nagaland,Kohima,Data Breach,High,IT,4297263,2147,Organization,Open
CR01004,09-04-2025,Rajasthan,Jaipur,Phishing,Medium,Corporate,211758,48838,Organization,Investigating
CR01005,01-09-2025,Madhya Pradesh,Bhopal,Malware,Medium,Healthcare,1627883,30366,News,Investigating
CR01006,10-05-2025,Delhi,New Delhi,DDoS,High,Education,4124216,19911,User Report,Investigating
CR01007,16-06-2026,Haryana,Gurugram,DDoS,Medium,IT,2491845,25384,User Report,Resolved
CR01008,29-10-2024,Ladakh,Leh,Phishing,Low,E-commerce,2317744,22263,User Report,Resolved
CR01009,17-11-2024,Telangana,Warangal,DDoS,High,Personal,270752,3988,News,Investigating
CR01010,20-06-2026,Uttarakhand,Dehradun,Phishing,Critical,IT,1836066,18950,News,Open
CR01011,10-04-2024,Madhya Pradesh,Indore,Phishing,Critical,Corporate,4416369,30549,CERT-In,Resolved
CR01012,28-07-2026,Meghalaya,Shillong,DDoS,Medium,Banking,4582929,8105,CERT-In,Investigating
CR01013,17-06-2024,Manipur,Imphal,Identity Theft,Critical,Government,2656441,10879,News,Investigating
CR01014,25-02-2025,Odisha,Cuttack,Online Fraud,Medium,Government,4609623,30795,User Report,Resolved
CR01015,29-08-2024,Nagaland,Kohima,Malware,High,Corporate,4064806,31142,CERT-In,Open
CR01016,12-02-2024,Uttar Pradesh,Noida,Data Breach,Low,Corporate,2155981,10733,News,Resolved
CR01017,06-06-2025,Goa,Panaji,Online Fraud,High,Government,393662,27630,Organization,Open
CR01018,21-05-2024,Andhra Pradesh,Visakhapatnam,DDoS,High,Corporate,2645496,36722,Organization,Investigating
CR01019,05-03-2026,Goa,Margao,Malware,High,IT,1443446,20351,CERT-In,Resolved
CR01020,28-06-2024,Uttar Pradesh,Noida,Phishing,Medium,Education,4277645,48936,CERT-In,Investigating
CR01021,12-02-2024,Punjab,Ludhiana,Data Breach,Medium,Corporate,1797712,19520,User Report,Resolved
CR01022,05-09-2025,Puducherry,Puducherry,Identity Theft,Critical,Education,4145798,18679,CERT-In,Resolved
CR01023,24-02-2026,Jammu and Kashmir,Srinagar,Online Fraud,High,Corporate,3988606,11091,News,Open
CR01024,02-12-2024,Assam,Dibrugarh,Data Breach,Medium,Personal,3757136,27695,User Report,Resolved
CR01025,10-12-2024,Assam,Silchar,Ransomware,Medium,Corporate,4856106,10533,User Report,Open
CR01026,03-11-2024,Uttar Pradesh,Varanasi,Identity Theft,Low,Banking,138528,41095,News,Investigating
CR01027,20-11-2025,Arunachal Pradesh,Naharlagun,Malware,Low,Healthcare,4895225,25398,User Report,Investigating
CR01028,01-06-2025,Maharashtra,Pune,Ransomware,High,Education,3406565,47457,User Report,Resolved
CR01029,30-12-2024,Gujarat,Surat,Online Fraud,Medium,Personal,4524524,41457,User Report,Open
CR01030,06-06-2024,Maharashtra,Nagpur,Malware,Critical,Banking,1525221,63,CERT-In,Investigating
CR01031,03-01-2026,Uttarakhand,Dehradun,Data Breach,High,E-commerce,4025505,4647,News,Investigating
CR01032,06-04-2026,Mizoram,Aizawl,Identity Theft,Critical,Government,2451005,22101,CERT-In,Open
CR01033,17-06-2026,Gujarat,Surat,Phishing,Medium,Banking,3280238,8247,Organization,Investigating
CR01034,08-05-2025,Maharashtra,Mumbai,Online Fraud,Critical,Banking,4730463,47875,User Report,Investigating
CR01035,30-04-2026,Lakshadweep,Kavaratti,Identity Theft,Medium,Healthcare,4315914,24718,Organization,Investigating
CR01036,08-11-2025,Andaman and Nicobar Islands,Port Blair,Phishing,High,E-commerce,4973791,10364,CERT-In,Open
CR01037,18-04-2026,Assam,Guwahati,Identity Theft,Medium,IT,3951253,38507,User Report,Open
CR01038,16-01-2024,Puducherry,Puducherry,Identity Theft,Medium,IT,631471,13401,News,Investigating
CR01039,20-10-2025,Tripura,Agartala,Malware,Medium,Banking,4244182,29804,User Report,Investigating
CR01040,17-01-2025,Madhya Pradesh,Indore,Online Fraud,Medium,Banking,1213281,29522,User Report,Resolved
CR01041,18-04-2026,Haryana,Faridabad,Identity Theft,Low,Banking,1267046,16105,Organization,Open
CR01042,17-09-2024,Chhattisgarh,Bilaspur,Data Breach,Medium,Banking,4965510,38072,Organization,Investigating
CR01043,20-06-2024,Odisha,Cuttack,Online Fraud,Medium,Corporate,735353,29768,Organization,Investigating
CR01044,09-07-2024,Nagaland,Kohima,Malware,High,Banking,4654896,18529,News,Open
CR01045,10-12-2025,Uttarakhand,Dehradun,Malware,Low,E-commerce,207437,31237,CERT-In,Investigating
CR01046,06-04-2026,Karnataka,Mysuru,Malware,Critical,Banking,29985,7002,News,Open
CR01047,13-09-2024,Tripura,Agartala,Phishing,High,Corporate,2944711,6062,CERT-In,Open
CR01048,17-07-2026,Mizoram,Aizawl,Malware,Critical,Healthcare,1484825,48173,News,Open
CR01049,18-05-2026,Gujarat,Rajkot,Online Fraud,Low,Education,3484083,22377,User Report,Investigating
CR01050,12-08-2024,Dadra and Nagar Haveli and Daman and Diu,Daman,Phishing,Critical,IT,2078274,35111,Organization,Open
CR01051,30-07-2025,Meghalaya,Shillong,Online Fraud,High,Banking,4013961,4992,User Report,Open
CR01052,07-07-2024,Assam,Dibrugarh,DDoS,High,Government,43130,5872,News,Resolved
CR01053,23-11-2024,Telangana,Hyderabad,Identity Theft,Low,Corporate,534164,25978,News,Resolved
CR01054,20-08-2025,Rajasthan,Udaipur,Ransomware,High,E-commerce,208981,49140,User Report,Open
CR01055,23-01-2025,Punjab,Ludhiana,Online Fraud,Critical,IT,4759479,25708,User Report,Resolved
CR01056,08-05-2025,Haryana,Gurugram,Phishing,Medium,IT,3068104,5432,User Report,Resolved
CR01057,28-09-2024,Madhya Pradesh,Gwalior,Data Breach,Critical,Personal,3269302,46303,Organization,Open
CR01058,23-07-2025,Jharkhand,Jamshedpur,Malware,Critical,IT,2924866,31562,Organization,Investigating
CR01059,07-04-2024,Assam,Dibrugarh,Data Breach,Low,Personal,4885548,39563,News,Resolved
CR01060,07-06-2026,Tamil Nadu,Madurai,Malware,Medium,E-commerce,1120115,32112,CERT-In,Investigating
CR01061,24-06-2025,Karnataka,Mysuru,Phishing,High,E-commerce,4542828,46991,News,Open
CR01062,15-06-2024,Maharashtra,Mumbai,DDoS,Low,Personal,3060413,15526,User Report,Open
CR01063,09-07-2026,West Bengal,Siliguri,Phishing,Critical,Banking,2089031,35007,CERT-In,Investigating
CR01064,05-05-2026,Himachal Pradesh,Dharamshala,Data Breach,Critical,Corporate,676477,39811,CERT-In,Open
CR01065,16-04-2024,Jharkhand,Ranchi,DDoS,Low,IT,2142986,20871,CERT-In,Resolved
CR01066,01-05-2025,Dadra and Nagar Haveli and Daman and Diu,Daman,Online Fraud,Critical,Government,4122041,48132,CERT-In,Resolved
CR01067,15-05-2024,Himachal Pradesh,Dharamshala,Ransomware,High,E-commerce,4550422,49154,User Report,Investigating
CR01068,17-09-2024,Andaman and Nicobar Islands,Port Blair,Data Breach,High,Education,2054823,17862,CERT-In,Resolved
CR01069,07-04-2025,Puducherry,Puducherry,DDoS,Low,Personal,783427,23147,User Report,Resolved
CR01070,22-05-2024,Mizoram,Aizawl,Identity Theft,Low,Personal,2168076,48884,CERT-In,Investigating
CR01071,06-08-2025,Jammu and Kashmir,Jammu,Data Breach,Low,Banking,796722,45922,CERT-In,Investigating
CR01072,23-11-2025,Assam,Silchar,Phishing,Critical,Healthcare,447622,37920,User Report,Investigating
CR01073,20-01-2026,Chandigarh,Chandigarh,DDoS,Critical,Corporate,2451904,10514,User Report,Investigating
CR01074,04-02-2026,Manipur,Imphal,Phishing,High,Education,1439615,19691,User Report,Investigating
CR01075,16-04-2024,Odisha,Cuttack,Phishing,Low,E-commerce,1986933,45301,CERT-In,Open
CR01076,27-10-2024,Andhra Pradesh,Visakhapatnam,DDoS,High,Healthcare,1461562,9962,CERT-In,Resolved
CR01077,04-01-2024,Jammu and Kashmir,Jammu,Data Breach,Medium,Education,280135,3052,User Report,Resolved
CR01078,03-01-2026,Andhra Pradesh,Vijayawada,Malware,Critical,IT,1051919,29182,Organization,Open
CR01079,30-04-2025,Odisha,Bhubaneswar,Ransomware,Critical,Corporate,3823089,405,CERT-In,Investigating
CR01080,17-06-2026,Puducherry,Puducherry,Ransomware,Medium,Banking,494015,24114,News,Investigating
CR01081,04-06-2024,Karnataka,Bengaluru,Online Fraud,Critical,Corporate,2649723,24853,News,Resolved
CR01082,02-05-2025,Nagaland,Kohima,Malware,Medium,Education,989349,47069,CERT-In,Investigating
CR01083,25-08-2025,Arunachal Pradesh,Itanagar,Phishing,Critical,E-commerce,4276502,39518,Organization,Investigating
CR01084,09-07-2025,Himachal Pradesh,Shimla,Phishing,High,Government,3893300,43703,Organization,Open
CR01085,14-09-2025,Jharkhand,Jamshedpur,Online Fraud,Medium,Government,4678578,33151,Organization,Investigating
CR01086,05-11-2024,Arunachal Pradesh,Itanagar,Phishing,Medium,IT,1311103,15293,User Report,Resolved
CR01087,25-03-2024,Sikkim,Gangtok,Ransomware,Critical,Healthcare,4952978,472,User Report,Investigating
CR01088,25-09-2025,Delhi,New Delhi,Ransomware,Low,IT,3491445,17001,Organization,Open
CR01089,02-09-2025,Tamil Nadu,Madurai,DDoS,Medium,Personal,4880877,15185,CERT-In,Open
CR01090,02-05-2026,Chhattisgarh,Raipur,Phishing,Critical,Healthcare,277048,10303,User Report,Resolved
CR01091,15-12-2025,Karnataka,Bengaluru,Ransomware,Low,Banking,4967682,23731,CERT-In,Resolved
CR01092,29-04-2026,Madhya Pradesh,Bhopal,Identity Theft,High,Education,1367065,9978,News,Investigating
CR01093,12-02-2024,Arunachal Pradesh,Itanagar,Phishing,Low,Personal,2687333,22488,Organization,Open
CR01094,17-09-2024,Bihar,Gaya,Data Breach,Critical,E-commerce,3023063,7490,User Report,Open
CR01095,19-09-2025,Manipur,Imphal,Phishing,Low,E-commerce,406172,9082,News,Resolved
CR01096,21-10-2025,Sikkim,Gangtok,Ransomware,Critical,IT,3947130,1512,Organization,Resolved
CR01097,14-07-2024,Jammu and Kashmir,Jammu,Malware,Medium,Banking,2303932,20760,Organization,Resolved
CR01098,07-03-2024,Madhya Pradesh,Bhopal,DDoS,Medium,Personal,156974,12228,Organization,Resolved
CR01099,14-06-2026,Punjab,Ludhiana,Identity Theft,Medium,E-commerce,1765407,46398,News,Investigating
CR01100,29-09-2024,Bihar,Patna,DDoS,Low,Banking,1321206,24901,Organization,Investigating
CR01101,02-01-2024,Gujarat,Vadodara,Phishing,Medium,IT,934935,46268,News,Resolved
CR01102,11-07-2026,Ladakh,Leh,Identity Theft,Medium,Banking,2095130,23755,Organization,Resolved
CR01103,28-07-2026,Meghalaya,Shillong,Phishing,High,Government,2520153,38244,Organization,Investigating
CR01104,09-04-2026,Andhra Pradesh,Guntur,Ransomware,Critical,Banking,531980,35999,User Report,Open
CR01105,27-02-2026,Rajasthan,Jodhpur,Identity Theft,Critical,Personal,2308432,26795,News,Open
CR01106,21-10-2025,Ladakh,Leh,Ransomware,Low,Healthcare,1876560,47477,User Report,Resolved
CR01107,15-08-2024,Haryana,Faridabad,DDoS,High,IT,2305274,6127,CERT-In,Resolved
CR01108,20-01-2024,Chandigarh,Chandigarh,Online Fraud,Critical,Corporate,1054269,15213,Organization,Open
CR01109,04-07-2024,Assam,Silchar,Online Fraud,High,Education,2331126,47560,News,Resolved
CR01110,09-05-2026,Telangana,Warangal,Identity Theft,Critical,Healthcare,4490202,26346,Organization,Open
CR01111,20-11-2024,Maharashtra,Nagpur,Malware,Medium,Healthcare,564177,5233,CERT-In,Resolved
CR01112,25-10-2024,Andhra Pradesh,Visakhapatnam,Identity Theft,Medium,Corporate,3982677,13166,Organization,Resolved
CR01113,24-05-2026,Madhya Pradesh,Gwalior,Data Breach,Critical,Government,3470111,28671,News,Resolved
CR01114,07-02-2024,Andaman and Nicobar Islands,Port Blair,Malware,Medium,Personal,4882265,23895,Organization,Open
CR01115,11-09-2025,Sikkim,Gangtok,Data Breach,High,Healthcare,3231703,18760,User Report,Investigating
CR01116,30-07-2025,Gujarat,Ahmedabad,Malware,Critical,Government,4469781,43392,Organization,Resolved
CR01117,23-08-2024,Puducherry,Puducherry,Data Breach,Low,Personal,4373338,44959,News,Open
CR01118,14-07-2026,Punjab,Amritsar,Online Fraud,Medium,IT,4900769,32007,CERT-In,Investigating
CR01119,01-03-2026,Rajasthan,Jaipur,Data Breach,Low,E-commerce,3280613,2770,User Report,Resolved
CR01120,12-06-2024,Maharashtra,Nagpur,Online Fraud,Critical,IT,3490510,9228,News,Investigating
CR01121,11-06-2025,Manipur,Imphal,Online Fraud,Critical,Banking,1490922,7103,User Report,Investigating
CR01122,17-04-2024,Puducherry,Puducherry,Identity Theft,Medium,E-commerce,1210998,27597,CERT-In,Investigating
CR01123,13-01-2024,Meghalaya,Shillong,Data Breach,High,Government,2083693,20198,Organization,Resolved
CR01124,10-01-2024,Lakshadweep,Kavaratti,Online Fraud,Low,Government,2987914,43325,User Report,Open
CR01125,28-12-2025,Dadra and Nagar Haveli and Daman and Diu,Silvassa,Ransomware,High,Education,184611,44170,Organization,Investigating
CR01126,14-07-2026,Telangana,Hyderabad,Malware,Critical,Government,4950002,3383,User Report,Investigating
CR01127,23-11-2024,Arunachal Pradesh,Naharlagun,Malware,High,E-commerce,908606,23032,News,Open
CR01128,02-05-2026,Tripura,Agartala,Online Fraud,High,E-commerce,3810563,19047,CERT-In,Investigating
CR01129,08-11-2024,Jharkhand,Ranchi,Identity Theft,Medium,Healthcare,945952,22050,User Report,Open
CR01130,17-05-2026,Kerala,Thiruvananthapuram,Identity Theft,Medium,E-commerce,1858562,24855,CERT-In,Resolved
CR01131,24-02-2025,Odisha,Cuttack,Phishing,Medium,Healthcare,3058285,6563,CERT-In,Resolved
CR01132,04-10-2025,Telangana,Warangal,Identity Theft,Medium,Personal,274843,4138,Organization,Resolved
CR01133,01-07-2025,Haryana,Panipat,Ransomware,High,Personal,3147736,14518,News,Open
CR01134,01-01-2026,Chandigarh,Chandigarh,Identity Theft,High,Corporate,328118,11982,CERT-In,Resolved
CR01135,17-06-2025,Himachal Pradesh,Dharamshala,Data Breach,Critical,Personal,1664650,34996,News,Investigating
CR01136,05-05-2024,Goa,Panaji,Ransomware,Medium,IT,98144,42478,Organization,Investigating
CR01137,04-03-2024,Assam,Dibrugarh,Data Breach,High,IT,4795856,42647,User Report,Resolved
CR01138,14-01-2026,Dadra and Nagar Haveli and Daman and Diu,Daman,Data Breach,Medium,E-commerce,3567794,9956,Organization,Investigating
CR01139,15-04-2025,Uttarakhand,Haridwar,Data Breach,Critical,Education,1997527,10201,News,Resolved
CR01140,08-10-2025,Punjab,Amritsar,Phishing,Medium,Government,678507,13934,Organization,Investigating
CR01141,06-07-2026,Maharashtra,Nagpur,Malware,High,Government,1294470,1316,CERT-In,Open
CR01142,28-10-2024,Karnataka,Mangaluru,Identity Theft,Medium,E-commerce,3081807,43708,CERT-In,Investigating
CR01143,29-07-2025,Karnataka,Mangaluru,Data Breach,Low,Personal,789832,41158,User Report,Investigating
CR01144,26-12-2025,Bihar,Gaya,Phishing,Low,Personal,2715273,30193,News,Investigating
CR01145,23-09-2024,Maharashtra,Mumbai,Malware,Critical,Personal,2722384,29777,News,Resolved
CR01146,02-06-2024,Maharashtra,Pune,Malware,Critical,Government,2031288,41202,News,Investigating
CR01147,09-01-2025,Dadra and Nagar Haveli and Daman and Diu,Silvassa,Online Fraud,Low,E-commerce,3901474,18797,CERT-In,Open
CR01148,25-05-2024,Chandigarh,Chandigarh,Data Breach,Medium,Healthcare,1699307,41779,CERT-In,Open
CR01149,05-07-2024,Telangana,Warangal,DDoS,Low,Corporate,32970,42116,CERT-In,Open
CR01150,29-01-2024,Punjab,Chandigarh,Phishing,High,IT,2022929,2023,CERT-In,Open
CR01151,17-05-2025,Lakshadweep,Kavaratti,Ransomware,Medium,IT,1829338,17804,User Report,Investigating
CR01152,15-03-2026,Mizoram,Aizawl,Data Breach,High,Banking,260293,22544,User Report,Open
CR01153,19-06-2024,Himachal Pradesh,Dharamshala,Ransomware,Medium,Government,1483850,42061,News,Open
CR01154,04-06-2025,Uttar Pradesh,Varanasi,Identity Theft,High,IT,3252692,24685,News,Open
CR01155,10-05-2025,West Bengal,Siliguri,Malware,High,Corporate,1460174,30158,CERT-In,Resolved
CR01156,15-10-2025,Madhya Pradesh,Gwalior,DDoS,Medium,Education,1518184,49007,Organization,Investigating
CR01157,04-03-2026,Andhra Pradesh,Visakhapatnam,Phishing,Medium,IT,2535686,38364,News,Resolved
CR01158,21-02-2024,Andaman and Nicobar Islands,Port Blair,Ransomware,Medium,Banking,972149,45654,User Report,Resolved
CR01159,08-02-2025,Puducherry,Puducherry,DDoS,Critical,IT,1186946,22858,News,Open
CR01160,05-01-2024,Chhattisgarh,Bilaspur,DDoS,Critical,IT,528032,5210,News,Investigating
CR01161,27-04-2026,Himachal Pradesh,Shimla,Ransomware,Critical,IT,2307420,34939,CERT-In,Investigating
CR01162,14-07-2025,Tripura,Agartala,Malware,Critical,E-commerce,729262,47571,CERT-In,Resolved
CR01163,16-05-2026,Haryana,Panipat,Online Fraud,Low,Government,3275295,4585,Organization,Resolved
CR01164,23-03-2025,Manipur,Imphal,Data Breach,Medium,E-commerce,4009639,49687,User Report,Resolved
CR01165,06-12-2024,Puducherry,Puducherry,Ransomware,Low,Healthcare,1315392,27384,User Report,Resolved
CR01166,28-07-2025,Ladakh,Leh,Malware,Medium,Government,127926,3546,CERT-In,Resolved
CR01167,13-02-2026,Andaman and Nicobar Islands,Port Blair,Identity Theft,Low,Healthcare,789250,26,Organization,Investigating
CR01168,14-11-2024,Chandigarh,Chandigarh,Phishing,Critical,Education,3779968,27452,Organization,Resolved
CR01169,13-05-2026,Andaman and Nicobar Islands,Port Blair,Online Fraud,Low,Education,979939,32955,User Report,Open
CR01170,12-02-2026,Manipur,Imphal,Online Fraud,High,Education,3474280,28433,Organization,Investigating
CR01171,23-02-2025,Dadra and Nagar Haveli and Daman and Diu,Silvassa,Malware,High,E-commerce,2200376,6377,CERT-In,Open
CR01172,15-04-2026,Odisha,Bhubaneswar,Identity Theft,High,E-commerce,3428656,12308,Organization,Resolved
CR01173,26-12-2025,Nagaland,Kohima,Phishing,Low,IT,4045127,47666,CERT-In,Open
CR01174,08-02-2024,Dadra and Nagar Haveli and Daman and Diu,Silvassa,Ransomware,High,Healthcare,1903256,31442,CERT-In,Investigating
CR01175,24-12-2024,Karnataka,Mysuru,DDoS,Low,Government,1033791,12548,News,Open
CR01176,14-07-2024,Ladakh,Leh,Phishing,Critical,E-commerce,1313271,42672,News,Resolved
CR01177,03-04-2025,West Bengal,Siliguri,DDoS,Medium,Education,419956,9111,User Report,Resolved
CR01178,05-05-2024,Tripura,Agartala,Identity Theft,Low,Healthcare,2498868,20339,Organization,Open
CR01179,25-08-2024,Delhi,New Delhi,Malware,Medium,Personal,2497434,9161,CERT-In,Resolved
CR01180,12-02-2025,Chandigarh,Chandigarh,Online Fraud,Medium,IT,199564,44676,CERT-In,Investigating
CR01181,16-10-2024,Uttar Pradesh,Lucknow,Online Fraud,Critical,Government,892029,14892,Organization,Investigating
CR01182,26-09-2025,Madhya Pradesh,Bhopal,Data Breach,Low,Education,2386317,39135,Organization,Investigating
CR01183,01-03-2025,Delhi,New Delhi,Data Breach,Critical,Government,755378,5560,News,Resolved
CR01184,23-02-2025,Andaman and Nicobar Islands,Port Blair,Identity Theft,Medium,Education,901848,2752,CERT-In,Investigating
CR01185,17-01-2025,Gujarat,Vadodara,Phishing,Critical,E-commerce,297299,10978,Organization,Resolved
CR01186,06-04-2024,Himachal Pradesh,Shimla,DDoS,High,Banking,1725108,2812,User Report,Investigating
CR01187,17-03-2024,Himachal Pradesh,Dharamshala,Online Fraud,Low,Personal,2567427,12988,Organization,Open
CR01188,06-02-2024,Chhattisgarh,Bilaspur,Phishing,High,Government,1522006,27207,News,Open
CR01189,05-02-2024,Tripura,Agartala,Malware,Critical,E-commerce,3234688,6103,Organization,Open
CR01190,04-02-2025,Tripura,Agartala,Ransomware,High,Banking,3965536,3155,News,Investigating
CR01191,21-01-2024,Manipur,Imphal,DDoS,High,IT,3991784,42197,News,Open
CR01192,26-10-2024,West Bengal,Kolkata,Malware,Medium,Personal,3054249,34299,CERT-In,Resolved
CR01193,18-10-2025,Jharkhand,Jamshedpur,Malware,Low,Healthcare,1671044,7316,CERT-In,Investigating
CR01194,25-06-2025,Telangana,Hyderabad,Online Fraud,Low,Banking,4980411,7099,Organization,Investigating
CR01195,20-02-2024,Sikkim,Gangtok,Malware,Medium,Healthcare,3913169,20680,News,Open
CR01196,18-03-2024,West Bengal,Siliguri,Data Breach,Medium,Banking,3061300,38875,CERT-In,Investigating
CR01197,01-05-2025,Punjab,Chandigarh,Identity Theft,Medium,Education,4611908,30945,CERT-In,Open
CR01198,11-01-2026,Meghalaya,Shillong,Data Breach,Low,Education,903613,39581,Organization,Open
CR01199,02-05-2026,Madhya Pradesh,Indore,Data Breach,Medium,IT,3265706,39512,CERT-In,Investigating
CR01200,10-10-2024,Delhi,New Delhi,Ransomware,Medium,Personal,1501227,25426,News,Investigating
CR01201,26-03-2025,Punjab,Ludhiana,Online Fraud,Critical,Healthcare,2684268,41307,User Report,Open
CR01202,14-08-2025,Chhattisgarh,Bilaspur,Phishing,High,Education,2768340,7327,User Report,Open
CR01203,05-08-2024,Andaman and Nicobar Islands,Port Blair,Phishing,High,Government,1402026,45320,Organization,Investigating
CR01204,21-06-2024,Andaman and Nicobar Islands,Port Blair,Malware,Medium,Education,1892387,41597,Organization,Investigating
CR01205,21-02-2024,Rajasthan,Jodhpur,Identity Theft,Medium,IT,3842122,18896,CERT-In,Open
CR01206,10-09-2025,Sikkim,Gangtok,DDoS,Critical,E-commerce,2849832,29835,Organization,Open
CR01207,13-07-2024,Sikkim,Gangtok,DDoS,Medium,Personal,956855,9025,User Report,Open
CR01208,31-08-2025,Gujarat,Vadodara,Phishing,Critical,Government,4262548,46537,Organization,Open
CR01209,09-05-2025,Delhi,New Delhi,Phishing,High,Education,822402,32669,News,Investigating
CR01210,21-01-2026,Tamil Nadu,Chennai,Ransomware,Critical,Corporate,2159767,19417,User Report,Open
CR01211,07-01-2026,Tamil Nadu,Madurai,Online Fraud,Critical,Government,888722,20352,CERT-In,Investigating
CR01212,29-11-2025,Manipur,Imphal,Phishing,Critical,Banking,2348182,41265,User Report,Investigating
CR01213,01-10-2024,Chandigarh,Chandigarh,Ransomware,Critical,Government,2750712,28571,User Report,Investigating
CR01214,06-01-2025,Kerala,Thiruvananthapuram,Malware,Critical,Banking,3815124,3391,CERT-In,Resolved
CR01215,02-07-2024,Assam,Guwahati,Data Breach,Low,Healthcare,1146720,16892,User Report,Open
CR01216,28-02-2024,Madhya Pradesh,Bhopal,Online Fraud,Critical,Corporate,3874426,6289,Organization,Investigating
CR01217,11-06-2024,Odisha,Bhubaneswar,DDoS,Low,Education,1772563,3254,User Report,Investigating
CR01218,10-01-2026,Assam,Guwahati,Online Fraud,Critical,Corporate,3872697,47692,User Report,Resolved
CR01219,18-12-2025,Haryana,Faridabad,Phishing,Critical,Healthcare,1500972,4857,News,Investigating
CR01220,15-02-2025,Uttar Pradesh,Noida,Online Fraud,Critical,Healthcare,1628833,24637,User Report,Investigating
CR01221,30-06-2024,Sikkim,Gangtok,Online Fraud,Medium,E-commerce,2918050,49027,User Report,Investigating
CR01222,11-10-2025,Punjab,Amritsar,Malware,Critical,Government,3601944,31005,CERT-In,Open
CR01223,04-09-2024,Gujarat,Vadodara,Data Breach,Low,E-commerce,4766447,21387,News,Investigating
CR01224,03-04-2024,Meghalaya,Shillong,Malware,Medium,Education,816119,29424,Organization,Investigating
CR01225,29-05-2024,Meghalaya,Shillong,Ransomware,Critical,Healthcare,348734,36054,Organization,Investigating
CR01226,13-03-2025,Andhra Pradesh,Visakhapatnam,DDoS,Medium,Government,3126003,38662,User Report,Investigating
CR01227,26-02-2024,Dadra and Nagar Haveli and Daman and Diu,Silvassa,Ransomware,Low,IT,4843212,21748,CERT-In,Open
CR01228,07-04-2024,Karnataka,Bengaluru,Phishing,Medium,Corporate,4541831,42530,User Report,Resolved
CR01229,04-09-2024,Himachal Pradesh,Shimla,Ransomware,Medium,Personal,2167911,26502,Organization,Investigating
CR01230,30-11-2025,Nagaland,Dimapur,Phishing,Medium,Banking,3261539,11769,Organization,Investigating
CR01231,08-07-2026,Lakshadweep,Kavaratti,Ransomware,Low,Government,4398054,32253,CERT-In,Open
CR01232,19-04-2024,Madhya Pradesh,Indore,Online Fraud,Critical,Healthcare,2359700,10887,User Report,Resolved
CR01233,20-11-2025,Lakshadweep,Kavaratti,Ransomware,Low,Government,2263612,6418,News,Open
CR01234,24-02-2024,Meghalaya,Shillong,Data Breach,Critical,Healthcare,954758,2800,Organization,Investigating
CR01235,25-03-2025,Delhi,New Delhi,Ransomware,Medium,IT,4594115,48205,News,Open
CR01236,16-01-2024,Delhi,New Delhi,Data Breach,Low,IT,1261988,15915,News,Investigating
CR01237,04-07-2026,Bihar,Gaya,Identity Theft,Low,Personal,685982,10266,User Report,Resolved
CR01238,21-08-2024,Odisha,Cuttack,Identity Theft,Medium,Banking,1314541,1915,News,Investigating
CR01239,28-04-2024,Jammu and Kashmir,Srinagar,Malware,High,Government,1651154,26113,News,Resolved
CR01240,04-01-2025,Sikkim,Gangtok,Phishing,Critical,Government,3469835,12314,Organization,Investigating
CR01241,22-12-2024,Meghalaya,Shillong,Phishing,Low,Corporate,2277256,9333,News,Resolved
CR01242,03-06-2026,Uttar Pradesh,Kanpur,Data Breach,High,Government,3475313,48570,User Report,Investigating
CR01243,07-06-2026,Rajasthan,Udaipur,Identity Theft,Critical,Banking,3908139,37184,Organization,Resolved
CR01244,14-10-2025,Jharkhand,Jamshedpur,Data Breach,Medium,Banking,911466,15356,Organization,Open
CR01245,24-10-2025,Uttar Pradesh,Kanpur,Phishing,Critical,Education,4404264,42943,CERT-In,Resolved
CR01246,05-01-2025,West Bengal,Kolkata,Ransomware,Low,IT,1766466,45162,Organization,Open
CR01247,01-10-2024,Lakshadweep,Kavaratti,DDoS,Critical,Corporate,4162762,41663,News,Investigating
CR01248,06-02-2026,Arunachal Pradesh,Itanagar,Phishing,Critical,Corporate,856023,20658,User Report,Open
CR01249,12-02-2025,Arunachal Pradesh,Naharlagun,Ransomware,Low,E-commerce,763159,49613,User Report,Open
CR01250,04-05-2026,Andhra Pradesh,Guntur,Ransomware,Medium,Personal,4494477,31433,CERT-In,Investigating
CR01251,02-02-2025,Bihar,Muzaffarpur,Ransomware,Critical,E-commerce,4446466,7118,News,Investigating
CR01252,28-03-2025,West Bengal,Kolkata,Malware,Low,Personal,4824522,45690,User Report,Open
CR01253,20-03-2024,Mizoram,Aizawl,Phishing,High,Personal,964435,11311,CERT-In,Resolved
CR01254,10-05-2024,Himachal Pradesh,Dharamshala,Malware,Critical,Education,2860589,31893,News,Resolved
CR01255,23-02-2026,Karnataka,Mangaluru,Malware,Critical,Education,4546038,9030,CERT-In,Open
CR01256,05-03-2026,West Bengal,Kolkata,DDoS,Critical,Healthcare,4386755,13505,User Report,Investigating
CR01257,08-09-2025,Andaman and Nicobar Islands,Port Blair,Phishing,Medium,E-commerce,2059391,13069,User Report,Investigating
CR01258,28-11-2025,Telangana,Hyderabad,DDoS,Low,Banking,2461931,7127,User Report,Resolved
CR01259,20-02-2024,Delhi,New Delhi,Online Fraud,Medium,Banking,556746,41361,CERT-In,Investigating
CR01260,29-08-2025,Haryana,Panipat,DDoS,Low,Personal,3404479,14168,User Report,Open
CR01261,12-09-2025,Bihar,Muzaffarpur,Data Breach,Low,E-commerce,181832,13206,CERT-In,Resolved
CR01262,04-06-2025,Uttarakhand,Haridwar,DDoS,Medium,Banking,1909814,28974,User Report,Open
CR01263,12-06-2025,Kerala,Kochi,Data Breach,Medium,Personal,3682511,15855,CERT-In,Open
CR01264,21-03-2026,Jammu and Kashmir,Jammu,Identity Theft,High,Corporate,2143691,47717,News,Resolved
CR01265,20-06-2025,Puducherry,Puducherry,Malware,Critical,IT,1657190,7862,Organization,Open
CR01266,09-02-2025,Maharashtra,Nagpur,Malware,High,Government,2153372,29589,User Report,Open
CR01267,05-10-2025,Odisha,Cuttack,DDoS,High,Personal,904387,28045,CERT-In,Investigating
CR01268,07-07-2025,Haryana,Gurugram,Ransomware,Low,Banking,4500109,33229,CERT-In,Investigating
CR01269,21-06-2025,Manipur,Imphal,Phishing,High,Banking,3299367,18613,User Report,Investigating
CR01270,29-10-2025,Puducherry,Puducherry,Online Fraud,High,E-commerce,985542,25837,Organization,Resolved
CR01271,13-04-2025,Tripura,Agartala,Data Breach,Low,E-commerce,966595,11364,User Report,Resolved
CR01272,10-08-2025,Mizoram,Aizawl,Online Fraud,Low,Education,1776159,49865,CERT-In,Investigating
CR01273,29-10-2025,Ladakh,Leh,Ransomware,Low,Corporate,832051,1097,User Report,Open
CR01274,05-03-2024,Assam,Silchar,DDoS,High,E-commerce,2740199,42014,News,Open
CR01275,12-03-2026,Meghalaya,Shillong,Ransomware,High,Personal,1035552,28540,User Report,Investigating
CR01276,04-02-2024,Delhi,New Delhi,Data Breach,Low,Banking,2844566,38415,User Report,Resolved
CR01277,30-12-2024,Lakshadweep,Kavaratti,DDoS,Low,Government,3389130,9565,Organization,Resolved
CR01278,07-10-2024,Jammu and Kashmir,Srinagar,Malware,High,Government,1536231,14557,News,Open
CR01279,27-11-2024,Chhattisgarh,Raipur,Online Fraud,Low,Banking,4279804,6996,CERT-In,Resolved
CR01280,09-09-2024,Punjab,Amritsar,Data Breach,High,E-commerce,1717806,39683,User Report,Investigating
CR01281,21-12-2025,Himachal Pradesh,Dharamshala,Ransomware,Critical,Healthcare,1478870,37376,CERT-In,Resolved
CR01282,12-01-2026,Chhattisgarh,Raipur,Online Fraud,High,Personal,3121053,23807,News,Investigating
CR01283,17-11-2025,Tamil Nadu,Coimbatore,Online Fraud,Low,E-commerce,2793886,2926,User Report,Resolved
CR01284,27-04-2024,Chhattisgarh,Bilaspur,DDoS,Critical,Healthcare,391977,12198,CERT-In,Resolved
CR01285,30-05-2025,West Bengal,Kolkata,Online Fraud,Medium,Education,2945648,34479,CERT-In,Investigating
CR01286,28-03-2024,Himachal Pradesh,Dharamshala,Identity Theft,Medium,Education,2260988,6815,User Report,Open
CR01287,02-07-2024,Arunachal Pradesh,Itanagar,Identity Theft,Critical,E-commerce,476276,12300,News,Resolved
CR01288,14-12-2024,Kerala,Kozhikode,Ransomware,Critical,Personal,1090746,28850,Organization,Investigating
CR01289,07-07-2026,Chandigarh,Chandigarh,Data Breach,Low,Corporate,441962,28789,User Report,Investigating
CR01290,14-08-2025,Maharashtra,Nagpur,Phishing,Low,Corporate,3236243,40078,News,Investigating
CR01291,11-03-2025,Andaman and Nicobar Islands,Port Blair,Online Fraud,Low,Personal,2636400,12196,Organization,Open
CR01292,25-05-2025,Gujarat,Surat,Data Breach,Medium,E-commerce,4330158,38702,News,Open
CR01293,28-09-2025,Jammu and Kashmir,Jammu,Online Fraud,Critical,Education,2053183,46325,News,Investigating
CR01294,03-09-2025,Sikkim,Gangtok,DDoS,High,Corporate,513640,6677,CERT-In,Open
CR01295,02-03-2024,Maharashtra,Nashik,Data Breach,Low,Healthcare,3113170,1884,News,Open
CR01296,05-08-2025,Chhattisgarh,Bilaspur,Malware,Low,Government,3275724,38792,News,Investigating
CR01297,26-03-2025,Haryana,Panipat,Phishing,Low,Corporate,3612257,45916,News,Open
CR01298,06-04-2025,Bihar,Gaya,Malware,High,Healthcare,4671971,21161,CERT-In,Open
CR01299,01-06-2026,Rajasthan,Udaipur,Malware,Medium,Education,2753649,34336,Organization,Open
CR01300,29-06-2024,Uttar Pradesh,Varanasi,Phishing,Low,Education,3075745,3446,User Report,Resolved
CR01301,31-08-2025,Sikkim,Gangtok,Identity Theft,Low,Banking,232109,47490,CERT-In,Investigating
CR01302,27-04-2025,Madhya Pradesh,Bhopal,DDoS,Medium,Healthcare,3408710,6639,CERT-In,Investigating
CR01303,27-02-2025,Ladakh,Leh,DDoS,Critical,E-commerce,3664860,11978,CERT-In,Open
CR01304,23-08-2024,Lakshadweep,Kavaratti,Data Breach,High,E-commerce,2089628,43152,CERT-In,Resolved
CR01305,16-07-2024,Odisha,Bhubaneswar,Online Fraud,High,IT,3922133,28556,Organization,Resolved
CR01306,07-10-2024,Puducherry,Puducherry,Malware,Low,E-commerce,3713938,17877,User Report,Resolved
CR01307,03-01-2026,Maharashtra,Mumbai,Phishing,Low,Education,2281339,1750,CERT-In,Open
CR01308,26-07-2026,Ladakh,Leh,Phishing,Critical,E-commerce,3918568,4681,User Report,Open
CR01309,21-10-2024,Madhya Pradesh,Bhopal,DDoS,Low,Personal,3787440,20242,Organization,Investigating
CR01310,09-04-2026,Odisha,Bhubaneswar,Phishing,Low,Government,4993531,19713,CERT-In,Open
CR01311,17-03-2024,Gujarat,Rajkot,Phishing,Low,Banking,3798340,5234,CERT-In,Resolved
CR01312,09-08-2025,Rajasthan,Udaipur,Online Fraud,Low,Banking,4237972,14538,News,Open
CR01313,24-12-2024,Himachal Pradesh,Shimla,Ransomware,Critical,Corporate,1832571,42284,Organization,Investigating
CR01314,09-10-2025,Jharkhand,Jamshedpur,Online Fraud,Medium,IT,87123,17365,News,Resolved
CR01315,22-09-2025,Arunachal Pradesh,Naharlagun,Ransomware,High,Healthcare,1707353,48366,CERT-In,Resolved
CR01316,29-03-2025,Goa,Panaji,Phishing,Low,IT,2943424,31633,CERT-In,Resolved
CR01317,11-08-2024,Chandigarh,Chandigarh,Identity Theft,Medium,Government,1665944,47174,User Report,Resolved
CR01318,01-02-2026,Assam,Guwahati,Ransomware,High,IT,2992363,29072,User Report,Resolved
CR01319,07-05-2024,Tripura,Agartala,Malware,Low,Banking,2130655,7973,CERT-In,Investigating
CR01320,15-08-2024,Tripura,Agartala,Phishing,Medium,Personal,3623120,42568,User Report,Open
CR01321,11-10-2024,Lakshadweep,Kavaratti,Malware,Medium,Corporate,3007457,48277,Organization,Open
CR01322,08-10-2024,Sikkim,Gangtok,Identity Theft,Critical,Education,1980927,10346,CERT-In,Open
CR01323,01-09-2025,Sikkim,Gangtok,Data Breach,Critical,Government,466978,25101,Organization,Resolved
CR01324,26-08-2025,Meghalaya,Shillong,Identity Theft,Low,Personal,3276113,23359,Organization,Resolved
CR01325,20-10-2024,Kerala,Kochi,Online Fraud,Low,Education,2999173,43138,Organization,Investigating
CR01326,19-12-2024,Gujarat,Surat,Ransomware,High,Education,4688869,8326,Organization,Investigating
CR01327,17-07-2026,Telangana,Warangal,Phishing,Critical,Government,2773713,45036,User Report,Investigating
CR01328,22-07-2025,Rajasthan,Jaipur,DDoS,Medium,Education,1906665,32812,User Report,Investigating
CR01329,12-03-2024,Mizoram,Aizawl,Phishing,Low,Government,3484993,711,CERT-In,Resolved
CR01330,13-03-2025,Gujarat,Ahmedabad,Malware,Medium,Personal,2460843,42758,News,Investigating
CR01331,05-12-2024,Chandigarh,Chandigarh,Data Breach,High,Healthcare,1632520,24944,User Report,Investigating
CR01332,12-08-2024,Bihar,Gaya,Malware,Medium,Healthcare,4372126,49434,CERT-In,Resolved
CR01333,08-09-2025,Jammu and Kashmir,Srinagar,Online Fraud,Medium,IT,4646310,28151,User Report,Resolved
CR01334,05-11-2024,Jammu and Kashmir,Jammu,Phishing,Medium,Education,3866004,19278,News,Open
CR01335,23-06-2024,Uttar Pradesh,Lucknow,DDoS,High,Personal,2323725,49503,News,Open
CR01336,20-03-2024,West Bengal,Siliguri,Phishing,Medium,Education,2433527,43651,CERT-In,Investigating
CR01337,11-09-2025,Lakshadweep,Kavaratti,Malware,High,Government,165711,47315,News,Resolved
CR01338,11-09-2025,Tripura,Agartala,Phishing,Low,Education,178924,22022,User Report,Open
CR01339,23-02-2025,Telangana,Warangal,Data Breach,Low,Personal,463546,21844,User Report,Open
CR01340,22-11-2024,Lakshadweep,Kavaratti,Malware,Low,Healthcare,4330032,256,CERT-In,Investigating
CR01341,31-01-2026,Lakshadweep,Kavaratti,DDoS,Critical,IT,2637005,23356,News,Resolved
CR01342,22-12-2025,Andhra Pradesh,Visakhapatnam,DDoS,Critical,Banking,1934587,40595,Organization,Investigating
CR01343,05-05-2024,West Bengal,Siliguri,Ransomware,Low,Education,3873218,30880,Organization,Resolved
CR01344,04-12-2025,Bihar,Patna,Malware,Low,Government,4758694,29304,User Report,Resolved
CR01345,25-11-2024,Maharashtra,Nagpur,Identity Theft,High,Banking,4300531,4432,News,Open
CR01346,18-12-2025,Telangana,Warangal,Ransomware,Low,Healthcare,4336302,18600,Organization,Investigating
CR01347,21-03-2024,Kerala,Kozhikode,Ransomware,Low,Corporate,1049131,6737,Organization,Resolved
CR01348,16-07-2026,Gujarat,Rajkot,Online Fraud,Critical,IT,2366892,37057,Organization,Open
CR01349,29-03-2025,Karnataka,Mysuru,DDoS,Critical,E-commerce,98132,6154,Organization,Resolved
CR01350,25-11-2025,Jharkhand,Ranchi,Identity Theft,Low,Education,183518,41055,User Report,Investigating
CR01351,17-04-2026,Madhya Pradesh,Bhopal,Online Fraud,Critical,Healthcare,4124583,16545,Organization,Investigating
CR01352,01-02-2025,Assam,Guwahati,DDoS,Medium,Healthcare,3407428,37453,CERT-In,Investigating
CR01353,02-03-2024,Arunachal Pradesh,Itanagar,Ransomware,Medium,Banking,3991164,29934,CERT-In,Investigating
CR01354,08-07-2024,Ladakh,Leh,Data Breach,Low,Personal,511563,43876,Organization,Investigating
CR01355,04-03-2026,West Bengal,Siliguri,Phishing,Low,Government,3126704,18294,Organization,Open
CR01356,08-06-2024,Haryana,Faridabad,Data Breach,Critical,Personal,159777,43943,User Report,Open
CR01357,06-04-2025,Goa,Margao,Ransomware,Low,Government,3616838,3540,User Report,Investigating
CR01358,12-11-2025,Meghalaya,Shillong,Data Breach,Critical,Healthcare,1593528,16118,CERT-In,Resolved
CR01359,09-11-2025,Maharashtra,Nashik,Ransomware,Critical,Corporate,3465653,44287,Organization,Open
CR01360,05-11-2025,Andhra Pradesh,Guntur,Ransomware,Medium,E-commerce,1185153,38848,User Report,Resolved
CR01361,16-08-2025,Ladakh,Leh,Online Fraud,Medium,E-commerce,3790131,43334,CERT-In,Open
CR01362,19-05-2025,Gujarat,Vadodara,DDoS,High,Healthcare,1221392,13,Organization,Open
CR01363,13-02-2024,West Bengal,Durgapur,DDoS,Low,Banking,2127051,46,News,Resolved
CR01364,25-02-2025,Lakshadweep,Kavaratti,Ransomware,Critical,Corporate,3028116,10376,CERT-In,Open
CR01365,11-07-2026,Manipur,Imphal,Malware,Low,E-commerce,2949989,49166,User Report,Investigating
CR01366,01-12-2024,Madhya Pradesh,Bhopal,Phishing,High,Corporate,2555428,44162,News,Open
CR01367,18-12-2025,Chhattisgarh,Bilaspur,Phishing,Low,Corporate,4315398,40171,News,Open
CR01368,27-04-2024,Delhi,New Delhi,Phishing,Low,IT,2668842,1641,CERT-In,Resolved
CR01369,23-05-2026,Karnataka,Bengaluru,Online Fraud,Critical,Education,4397760,14817,User Report,Open
CR01370,16-05-2025,Chandigarh,Chandigarh,Malware,Critical,Corporate,1085338,37451,CERT-In,Open
CR01371,03-08-2024,Himachal Pradesh,Dharamshala,Ransomware,Critical,Corporate,4329462,44000,News,Open
CR01372,21-02-2025,Kerala,Kozhikode,Phishing,Critical,IT,853394,39686,CERT-In,Open
CR01373,13-04-2024,Kerala,Kochi,Phishing,High,Education,2928020,48365,User Report,Open
CR01374,20-04-2024,Gujarat,Rajkot,Online Fraud,High,Education,4555508,13416,News,Open
CR01375,14-08-2025,Dadra and Nagar Haveli and Daman and Diu,Silvassa,Online Fraud,High,IT,1617724,5812,CERT-In,Investigating
CR01376,12-03-2025,Bihar,Gaya,Ransomware,High,Healthcare,4245924,31318,User Report,Open
CR01377,25-04-2025,Assam,Dibrugarh,Data Breach,Low,IT,2253728,9640,News,Resolved
CR01378,30-12-2025,Mizoram,Aizawl,Malware,High,Healthcare,4181359,20386,User Report,Investigating
CR01379,06-07-2025,Telangana,Warangal,Online Fraud,Medium,Personal,305850,43490,CERT-In,Investigating
CR01380,06-08-2024,Puducherry,Puducherry,Identity Theft,High,IT,4312294,13978,CERT-In,Investigating
CR01381,09-11-2025,Lakshadweep,Kavaratti,Identity Theft,Medium,Banking,4849447,12264,Organization,Resolved
CR01382,06-11-2024,Jammu and Kashmir,Jammu,Malware,Low,Personal,972350,10148,News,Open
CR01383,16-01-2024,Nagaland,Dimapur,DDoS,Critical,Corporate,920267,6268,Organization,Resolved
CR01384,18-03-2024,Manipur,Imphal,Phishing,Critical,Personal,2300771,26379,News,Open
CR01385,31-01-2025,Punjab,Chandigarh,Ransomware,Medium,E-commerce,1297326,22663,User Report,Resolved
CR01386,25-06-2024,Andhra Pradesh,Vijayawada,DDoS,Low,Government,512664,46633,User Report,Open
CR01387,26-06-2025,Gujarat,Surat,Data Breach,High,E-commerce,1915041,33954,Organization,Resolved
CR01388,30-08-2024,Arunachal Pradesh,Itanagar,Malware,Critical,Education,3812447,49977,Organization,Open
CR01389,06-07-2026,Telangana,Warangal,Data Breach,Medium,Healthcare,3007817,34850,User Report,Investigating
CR01390,02-08-2024,Jammu and Kashmir,Jammu,Data Breach,High,Corporate,1837109,20318,News,Open
CR01391,09-03-2024,Bihar,Gaya,Phishing,Medium,IT,720959,13649,Organization,Investigating
CR01392,27-04-2025,Haryana,Faridabad,Online Fraud,Critical,IT,3591939,27261,User Report,Investigating
CR01393,28-12-2025,Jammu and Kashmir,Srinagar,Ransomware,Low,E-commerce,3187299,21650,User Report,Investigating
CR01394,22-06-2026,Meghalaya,Shillong,Ransomware,Medium,Personal,563822,46092,News,Open
CR01395,25-03-2024,Madhya Pradesh,Indore,Online Fraud,Low,Personal,1798452,3598,CERT-In,Open
CR01396,22-05-2026,Jammu and Kashmir,Jammu,DDoS,Critical,Education,2209349,16052,CERT-In,Resolved
CR01397,15-12-2025,Tamil Nadu,Madurai,Online Fraud,High,Government,346071,28214,Organization,Resolved
CR01398,08-01-2024,Puducherry,Puducherry,Phishing,Medium,Banking,671755,4107,News,Investigating
CR01399,19-09-2024,Punjab,Amritsar,Ransomware,Critical,Banking,122967,22674,Organization,Investigating
CR01400,23-12-2025,Odisha,Bhubaneswar,DDoS,Low,Personal,3349785,26036,News,Open
CR01401,05-05-2025,Meghalaya,Shillong,Identity Theft,Low,Government,1973801,32463,News,Investigating
CR01402,16-10-2024,Himachal Pradesh,Shimla,Identity Theft,Medium,E-commerce,837259,48609,CERT-In,Open
CR01403,28-07-2026,West Bengal,Kolkata,Malware,High,Government,2312193,9837,CERT-In,Resolved
CR01404,07-03-2025,Jharkhand,Jamshedpur,Data Breach,Low,E-commerce,4379469,28548,News,Open
CR01405,16-03-2024,Telangana,Hyderabad,Data Breach,Low,Government,3720100,2661,News,Investigating
CR01406,30-12-2025,Jharkhand,Ranchi,Online Fraud,Medium,Corporate,4539194,25136,CERT-In,Open
CR01407,29-10-2024,Bihar,Muzaffarpur,Phishing,Medium,Corporate,4432985,9932,CERT-In,Investigating
CR01408,25-05-2025,Mizoram,Aizawl,Ransomware,Critical,Banking,4332197,17657,Organization,Investigating
CR01409,22-06-2024,Punjab,Chandigarh,DDoS,Low,Banking,3006196,30459,Organization,Investigating
CR01410,30-12-2025,Chandigarh,Chandigarh,Phishing,Low,E-commerce,4499244,3038,Organization,Investigating
CR01411,14-06-2026,Bihar,Patna,DDoS,Critical,Personal,630423,43542,News,Investigating
CR01412,14-01-2025,Goa,Margao,Ransomware,Critical,Personal,1217302,47309,CERT-In,Open
CR01413,17-12-2025,Meghalaya,Shillong,Identity Theft,High,Banking,1720302,37887,CERT-In,Resolved
CR01414,08-02-2026,Dadra and Nagar Haveli and Daman and Diu,Daman,Identity Theft,Critical,IT,36837,46155,News,Open
CR01415,15-04-2024,Kerala,Thiruvananthapuram,Malware,High,Government,1811631,26817,User Report,Investigating
CR01416,30-11-2025,Nagaland,Kohima,Online Fraud,Critical,Healthcare,4590064,1305,CERT-In,Resolved
CR01417,15-01-2025,Uttar Pradesh,Varanasi,Ransomware,Critical,E-commerce,1752126,29306,User Report,Open
CR01418,12-09-2024,West Bengal,Durgapur,Phishing,Low,IT,650362,45788,CERT-In,Open
CR01419,17-02-2024,Mizoram,Aizawl,Identity Theft,Critical,E-commerce,3017337,45740,Organization,Investigating
CR01420,13-02-2026,Karnataka,Mysuru,Identity Theft,Critical,Banking,487299,47835,Organization,Investigating
CR01421,25-01-2026,Sikkim,Gangtok,Data Breach,Medium,Personal,4557335,34837,User Report,Open
CR01422,29-10-2024,Lakshadweep,Kavaratti,Online Fraud,Medium,Healthcare,4500493,47324,Organization,Investigating
CR01423,18-11-2025,Andhra Pradesh,Guntur,Malware,Medium,Government,201055,39407,News,Open
CR01424,17-07-2025,West Bengal,Kolkata,Data Breach,Low,Government,3702472,48501,Organization,Investigating
CR01425,03-06-2026,Assam,Dibrugarh,Data Breach,Low,E-commerce,4441278,28281,User Report,Investigating
CR01426,02-02-2024,Punjab,Chandigarh,Malware,Low,Government,1346641,1000,Organization,Investigating
CR01427,20-06-2025,Meghalaya,Shillong,DDoS,Low,Corporate,4327057,38332,User Report,Resolved
CR01428,06-09-2025,Chhattisgarh,Bilaspur,Identity Theft,Low,Corporate,127822,27579,User Report,Resolved
CR01429,05-11-2024,Bihar,Gaya,Ransomware,High,IT,2767617,12763,CERT-In,Resolved
CR01430,01-12-2024,Chhattisgarh,Bilaspur,Identity Theft,Medium,Corporate,1144181,23949,User Report,Open
CR01431,23-07-2026,Chhattisgarh,Bilaspur,Phishing,Low,Education,879347,29520,Organization,Investigating
CR01432,22-05-2025,Sikkim,Gangtok,DDoS,High,Corporate,3233483,19913,News,Open
CR01433,17-01-2024,Telangana,Hyderabad,DDoS,Low,Corporate,2827812,48050,CERT-In,Resolved
CR01434,28-11-2024,Uttarakhand,Dehradun,Malware,Medium,Education,4651090,12903,News,Resolved
CR01435,28-07-2026,Puducherry,Puducherry,Ransomware,Low,Banking,4698118,19861,User Report,Investigating
CR01436,14-10-2024,Uttar Pradesh,Varanasi,DDoS,High,Government,4362264,40696,CERT-In,Investigating
CR01437,15-12-2025,Dadra and Nagar Haveli and Daman and Diu,Silvassa,Phishing,Critical,Corporate,1322042,40749,News,Investigating
CR01438,29-10-2024,Jammu and Kashmir,Srinagar,Ransomware,Medium,Personal,3723299,40139,CERT-In,Open
CR01439,11-12-2024,Sikkim,Gangtok,Data Breach,Medium,IT,918057,24792,Organization,Open
CR01440,26-09-2024,Maharashtra,Nagpur,Identity Theft,High,IT,119681,22882,CERT-In,Open
CR01441,13-06-2026,Manipur,Imphal,Malware,Critical,Healthcare,4860481,37777,News,Open
CR01442,27-11-2025,Maharashtra,Mumbai,Identity Theft,High,E-commerce,4982684,817,CERT-In,Open
CR01443,27-07-2025,Madhya Pradesh,Indore,Malware,Low,Government,529157,12347,Organization,Open
CR01444,09-10-2024,Lakshadweep,Kavaratti,Ransomware,High,Banking,2438630,10641,User Report,Resolved
CR01445,12-12-2025,Arunachal Pradesh,Naharlagun,DDoS,High,Corporate,949531,31706,User Report,Investigating
CR01446,29-07-2024,Punjab,Amritsar,Ransomware,Critical,Government,213595,16683,Organization,Investigating
CR01447,14-08-2024,Bihar,Gaya,Phishing,Medium,Healthcare,2225371,23061,User Report,Resolved
CR01448,02-02-2025,Lakshadweep,Kavaratti,Data Breach,High,Corporate,2871029,48548,CERT-In,Resolved
CR01449,19-04-2025,Punjab,Amritsar,DDoS,Low,IT,3352490,9832,CERT-In,Open
CR01450,16-01-2025,Dadra and Nagar Haveli and Daman and Diu,Daman,Online Fraud,Critical,Corporate,4785798,6580,CERT-In,Investigating
CR01451,21-04-2024,Karnataka,Mangaluru,Malware,High,Healthcare,4801936,6385,News,Investigating
CR01452,06-08-2025,West Bengal,Durgapur,Identity Theft,Medium,Banking,2428501,23665,News,Open
CR01453,22-01-2025,Madhya Pradesh,Bhopal,Identity Theft,Critical,E-commerce,1910757,36954,CERT-In,Open
CR01454,13-09-2025,Goa,Margao,Malware,Medium,IT,1934997,29592,User Report,Resolved
CR01455,15-05-2026,Chandigarh,Chandigarh,DDoS,Critical,IT,4635809,28346,Organization,Open
CR01456,08-12-2025,Kerala,Kozhikode,Malware,Medium,Healthcare,1791706,35681,CERT-In,Open
CR01457,07-10-2025,Nagaland,Dimapur,DDoS,High,IT,4640600,49931,News,Investigating
CR01458,12-06-2026,Lakshadweep,Kavaratti,DDoS,Medium,Corporate,3882903,15336,News,Open
CR01459,31-05-2024,Jharkhand,Jamshedpur,Online Fraud,Low,Healthcare,108130,31430,User Report,Open
CR01460,05-09-2025,Punjab,Chandigarh,Data Breach,Critical,Corporate,1021074,14068,News,Open
CR01461,27-09-2024,Tripura,Agartala,Identity Theft,Low,Corporate,17646,31103,User Report,Open
CR01462,10-07-2024,Gujarat,Vadodara,Malware,Medium,Banking,4571878,3731,CERT-In,Resolved
CR01463,06-03-2026,Mizoram,Aizawl,Online Fraud,Low,IT,4677517,24344,Organization,Resolved
CR01464,28-01-2026,Lakshadweep,Kavaratti,Identity Theft,Critical,Banking,2408449,17494,Organization,Investigating
CR01465,05-11-2024,Rajasthan,Jodhpur,Identity Theft,High,IT,1988230,18001,CERT-In,Investigating
CR01466,02-03-2025,Mizoram,Aizawl,Identity Theft,Medium,E-commerce,4080235,35342,CERT-In,Open
CR01467,25-07-2025,West Bengal,Durgapur,Online Fraud,Critical,Government,4849970,30053,User Report,Investigating
CR01468,14-03-2026,Tamil Nadu,Coimbatore,Identity Theft,Medium,E-commerce,789709,271,CERT-In,Resolved
CR01469,16-01-2026,Uttar Pradesh,Varanasi,Identity Theft,High,Corporate,4191243,24013,CERT-In,Open
CR01470,24-04-2025,West Bengal,Kolkata,DDoS,Critical,IT,3764512,22375,News,Open
CR01471,07-12-2025,Arunachal Pradesh,Itanagar,Ransomware,Low,Education,3707676,21785,News,Open
CR01472,25-02-2026,Dadra and Nagar Haveli and Daman and Diu,Daman,DDoS,Medium,Education,1889462,15326,News,Open
CR01473,25-01-2026,Delhi,New Delhi,DDoS,Low,Healthcare,3805706,41113,Organization,Open
CR01474,14-08-2024,Bihar,Gaya,Phishing,Medium,Corporate,2105596,17951,Organization,Open
CR01475,07-11-2025,Tamil Nadu,Chennai,Identity Theft,Critical,Government,28715,11324,CERT-In,Open
CR01476,13-12-2025,Kerala,Thiruvananthapuram,Online Fraud,Low,IT,361174,41701,CERT-In,Resolved
CR01477,12-07-2026,Bihar,Muzaffarpur,Malware,High,E-commerce,2168710,22206,Organization,Open
CR01478,08-10-2024,Meghalaya,Shillong,DDoS,Critical,Banking,4808548,40716,CERT-In,Resolved
CR01479,07-02-2024,Andhra Pradesh,Guntur,Malware,Low,Banking,2681852,28992,News,Resolved
CR01480,21-05-2024,Gujarat,Surat,Online Fraud,High,Education,1272162,29760,News,Resolved
CR01481,27-10-2024,Assam,Guwahati,Ransomware,Critical,Healthcare,266394,17093,Organization,Investigating
CR01482,03-05-2026,Ladakh,Leh,Identity Theft,Low,IT,2349427,19154,User Report,Open
CR01483,07-02-2026,Jharkhand,Ranchi,Phishing,Critical,Government,4940441,41473,User Report,Resolved
CR01484,17-04-2026,Uttarakhand,Haridwar,Ransomware,Medium,Healthcare,632487,34707,Organization,Resolved
CR01485,15-07-2026,Tripura,Agartala,DDoS,High,Government,1608226,20159,Organization,Open
CR01486,13-05-2026,Haryana,Gurugram,Malware,High,IT,337085,34802,User Report,Investigating
CR01487,06-01-2026,Sikkim,Gangtok,Ransomware,High,IT,2370157,20370,User Report,Investigating
CR01488,01-03-2024,Nagaland,Kohima,Phishing,Medium,Education,1230562,12143,News,Resolved
CR01489,14-05-2024,Punjab,Chandigarh,Data Breach,Low,Government,4020843,3892,News,Open
CR01490,07-10-2024,Tamil Nadu,Madurai,Phishing,High,Healthcare,4090079,20599,CERT-In,Resolved
CR01491,09-03-2025,Jharkhand,Ranchi,Online Fraud,Critical,E-commerce,3342815,41475,CERT-In,Resolved
CR01492,14-07-2024,West Bengal,Durgapur,Ransomware,Medium,E-commerce,3330977,44277,User Report,Resolved
CR01493,07-07-2026,Gujarat,Vadodara,Data Breach,Medium,Government,4855530,17414,News,Resolved
CR01494,17-02-2026,Chhattisgarh,Raipur,Data Breach,Medium,Corporate,4406228,4994,CERT-In,Resolved
CR01495,05-04-2024,Lakshadweep,Kavaratti,Online Fraud,Low,Healthcare,432462,48646,Organization,Open
CR01496,13-04-2024,Chhattisgarh,Bilaspur,Identity Theft,Critical,Education,1467200,27880,User Report,Resolved
CR01497,29-03-2025,Dadra and Nagar Haveli and Daman and Diu,Silvassa,Identity Theft,Low,E-commerce,4568853,37634,CERT-In,Investigating
CR01498,19-12-2025,Chhattisgarh,Raipur,Data Breach,Low,Corporate,3294857,10913,Organization,Open
CR01499,22-05-2026,Chhattisgarh,Raipur,Malware,High,Corporate,766585,25083,CERT-In,Investigating
CR01500,25-02-2024,Rajasthan,Jodhpur,Identity Theft,Medium,IT,4315519,15710,CERT-In,Investigating
CR01501,29-01-2026,Puducherry,Puducherry,Identity Theft,Low,Education,2143885,27313,Organization,Resolved
CR01502,09-11-2025,Lakshadweep,Kavaratti,Online Fraud,Critical,Corporate,4681865,15935,CERT-In,Investigating
CR01503,19-04-2024,Maharashtra,Pune,Data Breach,Critical,Corporate,4159488,18785,CERT-In,Investigating
CR01504,23-02-2025,Gujarat,Ahmedabad,Ransomware,Critical,Banking,2351870,48920,User Report,Resolved
CR01505,10-08-2024,Delhi,New Delhi,Identity Theft,Critical,Education,172548,28586,User Report,Resolved
CR01506,02-02-2025,Sikkim,Gangtok,Phishing,Critical,Government,4737392,7510,News,Resolved
CR01507,30-03-2026,Punjab,Amritsar,Ransomware,Medium,E-commerce,3382852,41679,CERT-In,Open
CR01508,18-05-2026,Arunachal Pradesh,Naharlagun,Phishing,Low,Education,503809,15173,Organization,Resolved
CR01509,25-06-2025,Andaman and Nicobar Islands,Port Blair,DDoS,Medium,Personal,3573166,14805,News,Investigating
CR01510,16-05-2026,Tripura,Agartala,Phishing,Critical,Education,4983532,30277,CERT-In,Open
CR01511,05-06-2025,Manipur,Imphal,Identity Theft,High,Corporate,5484,10670,User Report,Resolved
CR01512,10-12-2025,Andhra Pradesh,Guntur,Data Breach,Low,Healthcare,2603388,2439,CERT-In,Open
CR01513,24-01-2025,Madhya Pradesh,Gwalior,Phishing,High,IT,4119083,42270,News,Investigating
CR01514,02-06-2024,Manipur,Imphal,Phishing,Low,E-commerce,779391,37200,Organization,Resolved
CR01515,11-02-2024,Uttar Pradesh,Kanpur,Ransomware,Low,Personal,2951995,22981,User Report,Investigating
CR01516,12-03-2024,Tripura,Agartala,DDoS,High,Corporate,1505285,6778,User Report,Investigating
CR01517,09-08-2024,Maharashtra,Nagpur,DDoS,Critical,IT,3302779,32753,CERT-In,Resolved
CR01518,18-04-2026,Chhattisgarh,Bilaspur,Phishing,Low,IT,2865383,21181,News,Investigating
CR01519,25-02-2025,Punjab,Ludhiana,Identity Theft,Low,Banking,3356913,5717,News,Open
CR01520,26-06-2026,Kerala,Kochi,Identity Theft,High,Banking,4981465,11551,User Report,Resolved
CR01521,06-12-2024,Manipur,Imphal,Phishing,Critical,Government,1584558,11727,User Report,Investigating
CR01522,16-04-2025,Punjab,Amritsar,Identity Theft,Critical,Banking,2422497,39342,News,Open
CR01523,21-07-2024,Manipur,Imphal,DDoS,Medium,Corporate,667346,42830,Organization,Investigating
CR01524,25-05-2024,West Bengal,Siliguri,Data Breach,Low,Personal,4211236,3960,News,Resolved
CR01525,08-02-2026,Maharashtra,Pune,Online Fraud,Low,IT,4342556,31152,News,Resolved
CR01526,04-07-2024,Punjab,Amritsar,Malware,Critical,E-commerce,1348998,24072,User Report,Resolved
CR01527,27-11-2024,Jharkhand,Jamshedpur,Phishing,High,Personal,3131805,26532,News,Investigating
CR01528,18-07-2025,Tamil Nadu,Madurai,Identity Theft,Critical,Education,4465064,6182,Organization,Investigating
CR01529,22-03-2026,Chhattisgarh,Raipur,Malware,Low,Government,3319772,45078,User Report,Investigating
CR01530,25-05-2026,Rajasthan,Jodhpur,Data Breach,Medium,Corporate,1234893,20019,News,Resolved
CR01531,02-05-2025,Madhya Pradesh,Gwalior,Identity Theft,Medium,Corporate,783051,25401,User Report,Open
CR01532,24-10-2024,Assam,Silchar,Ransomware,Critical,E-commerce,1428002,5575,News,Investigating
CR01533,29-09-2025,Andaman and Nicobar Islands,Port Blair,Data Breach,Low,IT,315163,33762,CERT-In,Open
CR01534,28-07-2026,Andaman and Nicobar Islands,Port Blair,Identity Theft,Medium,Education,2273962,7856,Organization,Investigating
CR01535,26-04-2024,Maharashtra,Pune,Identity Theft,High,E-commerce,3504959,7853,News,Open
CR01536,17-06-2025,Punjab,Ludhiana,Identity Theft,High,IT,1358691,20669,User Report,Investigating
CR01537,28-11-2024,West Bengal,Siliguri,Phishing,High,E-commerce,3794827,6427,User Report,Resolved
CR01538,29-03-2025,Jharkhand,Jamshedpur,Data Breach,Critical,E-commerce,1015206,9990,Organization,Resolved
CR01539,04-03-2025,Maharashtra,Nagpur,Identity Theft,Low,IT,855436,7100,CERT-In,Open
CR01540,04-11-2025,Tamil Nadu,Madurai,DDoS,Medium,Education,2798944,42353,User Report,Resolved
CR01541,20-05-2025,Telangana,Warangal,DDoS,Medium,Government,2167898,31259,User Report,Resolved
CR01542,10-02-2025,Andhra Pradesh,Visakhapatnam,Ransomware,High,IT,1569673,41447,News,Resolved
CR01543,25-10-2024,Bihar,Gaya,Online Fraud,Low,IT,3596050,15659,News,Open
CR01544,09-11-2024,Delhi,New Delhi,Online Fraud,Critical,Healthcare,4941934,40864,News,Investigating
CR01545,01-11-2024,Punjab,Ludhiana,Phishing,Critical,Government,1052242,29012,User Report,Resolved
CR01546,12-02-2025,Gujarat,Surat,Data Breach,Critical,Healthcare,561378,29811,News,Resolved
CR01547,17-11-2024,West Bengal,Kolkata,DDoS,Medium,IT,2486972,35505,Organization,Open
CR01548,25-05-2025,Karnataka,Mysuru,Phishing,Critical,Healthcare,4516936,13137,CERT-In,Investigating
CR01549,23-03-2024,Tamil Nadu,Chennai,Online Fraud,Critical,Healthcare,4679110,20131,Organization,Resolved
CR01550,18-04-2026,Mizoram,Aizawl,DDoS,Medium,Banking,2164545,28992,CERT-In,Resolved
CR01551,19-08-2025,Delhi,New Delhi,Malware,Critical,Healthcare,4318503,42995,Organization,Resolved
CR01552,01-05-2025,Mizoram,Aizawl,Malware,Medium,Government,194958,16157,Organization,Open
CR01553,02-02-2026,Lakshadweep,Kavaratti,Malware,Medium,Corporate,1182236,24444,CERT-In,Resolved
CR01554,08-03-2025,Andaman and Nicobar Islands,Port Blair,Identity Theft,Critical,E-commerce,1714152,26019,News,Open
CR01555,16-09-2024,Jharkhand,Ranchi,Online Fraud,Critical,E-commerce,3698422,45999,News,Resolved
CR01556,10-09-2024,Dadra and Nagar Haveli and Daman and Diu,Silvassa,Ransomware,High,Government,3019828,37188,User Report,Resolved
CR01557,02-05-2025,Puducherry,Puducherry,DDoS,High,Banking,4055060,25401,News,Open
CR01558,23-11-2025,Chandigarh,Chandigarh,Ransomware,Critical,Healthcare,2422978,36924,CERT-In,Investigating
CR01559,29-06-2024,Madhya Pradesh,Bhopal,Ransomware,Low,Government,2124833,25159,News,Open
CR01560,02-12-2025,Odisha,Bhubaneswar,Phishing,Low,Healthcare,2682913,21272,News,Investigating
CR01561,20-08-2025,Nagaland,Kohima,DDoS,High,Personal,254414,33892,User Report,Investigating
CR01562,02-03-2024,Assam,Silchar,Identity Theft,Critical,E-commerce,3939834,49528,News,Resolved
CR01563,18-08-2025,Puducherry,Puducherry,Ransomware,High,IT,813540,38605,User Report,Resolved
CR01564,15-05-2024,Tripura,Agartala,Identity Theft,Medium,Personal,4395684,27014,Organization,Open
CR01565,07-06-2026,Manipur,Imphal,Data Breach,Critical,Banking,998691,32276,Organization,Investigating
CR01566,24-09-2025,Maharashtra,Nagpur,Data Breach,High,Corporate,3537164,46829,User Report,Open
CR01567,28-12-2024,Dadra and Nagar Haveli and Daman and Diu,Daman,Identity Theft,High,Healthcare,2961165,2154,News,Resolved
CR01568,18-02-2025,Ladakh,Leh,Phishing,Medium,Personal,482597,49162,CERT-In,Resolved
CR01569,02-06-2024,Jammu and Kashmir,Jammu,Online Fraud,High,E-commerce,856394,2605,Organization,Resolved
CR01570,19-09-2025,Chandigarh,Chandigarh,Phishing,Critical,Healthcare,4971753,21363,News,Open
CR01571,20-03-2024,Madhya Pradesh,Gwalior,Phishing,Critical,Personal,4922755,22855,CERT-In,Investigating
CR01572,07-03-2025,Tamil Nadu,Chennai,Data Breach,High,Corporate,2412994,18289,User Report,Resolved
CR01573,05-03-2026,Tamil Nadu,Chennai,Data Breach,Critical,Healthcare,4124133,19102,News,Resolved
CR01574,26-04-2025,Ladakh,Leh,Phishing,Critical,Corporate,473164,2774,CERT-In,Investigating
CR01575,26-09-2024,Uttarakhand,Dehradun,Identity Theft,Critical,IT,1562415,31782,News,Investigating
CR01576,05-06-2024,Himachal Pradesh,Dharamshala,Ransomware,High,Banking,2711845,39993,News,Open
CR01577,06-12-2025,Lakshadweep,Kavaratti,Data Breach,Critical,Education,4817705,6052,User Report,Investigating
CR01578,18-01-2025,Tamil Nadu,Madurai,Online Fraud,High,Personal,2760779,1767,News,Resolved
CR01579,02-04-2024,Jharkhand,Jamshedpur,Identity Theft,Low,Government,3306134,23245,News,Resolved
CR01580,14-10-2025,Telangana,Warangal,Phishing,Medium,Healthcare,2198510,2055,CERT-In,Open
CR01581,14-06-2025,Jharkhand,Ranchi,Data Breach,Medium,Government,3218805,38082,Organization,Open
CR01582,19-09-2024,Assam,Guwahati,Malware,Medium,Corporate,2772864,10849,Organization,Open
CR01583,10-07-2026,Odisha,Cuttack,DDoS,Medium,E-commerce,813333,17101,Organization,Resolved
CR01584,30-03-2024,Punjab,Ludhiana,DDoS,Medium,Government,4805089,13498,Organization,Open
CR01585,26-05-2025,Nagaland,Dimapur,Phishing,Medium,E-commerce,3473285,36006,News,Open
CR01586,05-03-2025,Gujarat,Ahmedabad,Identity Theft,Low,Corporate,67977,44921,Organization,Resolved
CR01587,19-05-2025,Delhi,New Delhi,Phishing,Medium,Banking,3122919,36833,User Report,Investigating
CR01588,27-07-2026,Madhya Pradesh,Indore,Ransomware,Critical,Banking,1350894,30787,CERT-In,Resolved
CR01589,26-09-2024,Telangana,Warangal,DDoS,High,Government,1823372,19136,User Report,Open
CR01590,15-01-2026,Uttarakhand,Haridwar,Malware,High,Healthcare,2393646,45250,CERT-In,Resolved
CR01591,27-06-2025,Dadra and Nagar Haveli and Daman and Diu,Silvassa,Identity Theft,High,Personal,4580917,21724,Organization,Investigating
CR01592,21-11-2024,Telangana,Warangal,Online Fraud,High,Banking,317651,42100,User Report,Investigating
CR01593,09-05-2025,Mizoram,Aizawl,Ransomware,High,Personal,4856422,27116,Organization,Open
CR01594,22-04-2024,Chandigarh,Chandigarh,Ransomware,Critical,Corporate,4290351,7120,User Report,Investigating
CR01595,15-03-2026,Nagaland,Kohima,Phishing,Low,Corporate,136019,39254,User Report,Investigating
CR01596,09-06-2024,Delhi,New Delhi,Malware,Medium,Personal,2823114,47924,CERT-In,Investigating
CR01597,05-06-2026,Manipur,Imphal,Identity Theft,High,Education,3936322,34301,News,Resolved
CR01598,23-07-2025,Lakshadweep,Kavaratti,Malware,Critical,E-commerce,111249,25763,User Report,Resolved
CR01599,25-12-2024,Andhra Pradesh,Guntur,Data Breach,High,Banking,2111694,6898,News,Open
CR01600,23-05-2025,Andhra Pradesh,Visakhapatnam,Phishing,Medium,E-commerce,4626517,24742,User Report,Open
CR01601,17-01-2025,Jammu and Kashmir,Jammu,Identity Theft,Low,Healthcare,3044472,21012,News,Resolved
CR01602,23-10-2025,Dadra and Nagar Haveli and Daman and Diu,Daman,DDoS,Critical,Banking,3112681,435,CERT-In,Open
CR01603,08-07-2024,Manipur,Imphal,Data Breach,Low,E-commerce,3776957,18021,News,Investigating
CR01604,12-01-2025,Jammu and Kashmir,Jammu,DDoS,Low,Education,500181,21236,User Report,Open
CR01605,08-02-2026,Rajasthan,Udaipur,Malware,Critical,Personal,3548512,20390,News,Resolved
CR01606,12-08-2025,Himachal Pradesh,Shimla,Malware,Medium,E-commerce,1303322,42629,Organization,Investigating
CR01607,23-12-2025,Delhi,New Delhi,Phishing,High,Education,3605420,19966,Organization,Resolved
CR01608,13-01-2024,Puducherry,Puducherry,Online Fraud,High,Government,293392,16908,CERT-In,Open
CR01609,17-03-2025,Tripura,Agartala,Identity Theft,Critical,Government,3674455,47022,CERT-In,Resolved
CR01610,19-03-2024,Odisha,Cuttack,DDoS,Low,Government,2600535,14691,User Report,Resolved
CR01611,22-09-2024,Andaman and Nicobar Islands,Port Blair,Identity Theft,High,Banking,3238814,29247,User Report,Investigating
CR01612,25-03-2025,West Bengal,Kolkata,Data Breach,Medium,Banking,4074851,28276,Organization,Open
CR01613,12-11-2025,Rajasthan,Jaipur,Online Fraud,High,Education,1015481,7191,News,Resolved
CR01614,17-03-2024,Delhi,New Delhi,Phishing,Critical,Banking,2213807,29370,CERT-In,Open
CR01615,17-12-2025,Uttar Pradesh,Lucknow,Online Fraud,High,IT,1193999,36044,CERT-In,Resolved
CR01616,22-09-2024,Goa,Margao,Malware,Medium,Healthcare,4932116,40575,News,Investigating
CR01617,11-06-2026,Uttar Pradesh,Lucknow,Ransomware,Low,Government,4812571,29565,CERT-In,Resolved
CR01618,17-05-2025,Himachal Pradesh,Shimla,Identity Theft,High,Education,1064442,27491,User Report,Resolved
CR01619,13-07-2026,Chandigarh,Chandigarh,DDoS,High,E-commerce,767900,8204,News,Investigating
CR01620,09-02-2025,Sikkim,Gangtok,Data Breach,Low,Corporate,4227953,48898,CERT-In,Resolved
CR01621,05-02-2024,Jammu and Kashmir,Srinagar,Ransomware,Low,Personal,4724951,41045,CERT-In,Open
CR01622,02-06-2025,Meghalaya,Shillong,Malware,Low,Banking,2577923,19836,News,Resolved
CR01623,11-06-2026,Goa,Margao,DDoS,High,Education,1496354,49939,CERT-In,Resolved
CR01624,03-03-2024,Jammu and Kashmir,Srinagar,Identity Theft,Low,E-commerce,4789114,18620,News,Investigating
CR01625,23-10-2025,Madhya Pradesh,Gwalior,Data Breach,Medium,Corporate,4160475,3526,User Report,Open
CR01626,09-01-2025,Meghalaya,Shillong,Malware,High,Personal,4369574,46598,User Report,Open
CR01627,23-04-2025,Jharkhand,Jamshedpur,Ransomware,Critical,Corporate,284284,8174,CERT-In,Resolved
CR01628,12-06-2025,Bihar,Patna,Phishing,Critical,Education,3016563,7087,Organization,Open
CR01629,22-03-2026,Telangana,Hyderabad,Data Breach,Medium,E-commerce,4632158,473,Organization,Resolved
CR01630,22-03-2025,Chandigarh,Chandigarh,Malware,Low,Personal,1542980,17134,User Report,Resolved
CR01631,03-07-2025,Mizoram,Aizawl,Identity Theft,Low,Personal,429127,3177,CERT-In,Resolved
CR01632,26-07-2024,Haryana,Panipat,Ransomware,Critical,Corporate,4347044,38140,Organization,Investigating
CR01633,10-09-2025,Gujarat,Ahmedabad,Identity Theft,High,Banking,3758271,24491,CERT-In,Investigating
CR01634,01-04-2026,Andaman and Nicobar Islands,Port Blair,Malware,Medium,Banking,4248407,2062,News,Investigating
CR01635,13-10-2025,Kerala,Thiruvananthapuram,DDoS,Medium,Government,1279508,13419,News,Investigating
CR01636,28-03-2026,Rajasthan,Udaipur,Online Fraud,High,Corporate,1201005,23344,User Report,Resolved
CR01637,23-06-2025,Chhattisgarh,Bilaspur,Data Breach,High,E-commerce,4403694,29338,User Report,Resolved
CR01638,10-06-2025,Gujarat,Surat,Identity Theft,Critical,Banking,1676384,41860,Organization,Investigating
CR01639,31-07-2026,Mizoram,Aizawl,DDoS,Medium,Government,1860635,17946,Organization,Resolved
CR01640,27-05-2025,Kerala,Thiruvananthapuram,Data Breach,High,Healthcare,2420746,40024,Organization,Open
CR01641,21-03-2026,Kerala,Thiruvananthapuram,Ransomware,High,Government,3355345,22851,CERT-In,Resolved
CR01642,01-02-2025,Andhra Pradesh,Visakhapatnam,Online Fraud,Medium,Personal,3842112,27056,User Report,Investigating
CR01643,12-09-2024,Mizoram,Aizawl,DDoS,Low,IT,169242,14465,CERT-In,Resolved
CR01644,10-05-2026,Kerala,Kozhikode,Data Breach,High,Government,455252,41705,News,Resolved
CR01645,05-04-2026,Jammu and Kashmir,Jammu,Data Breach,Medium,Government,382503,23131,Organization,Resolved
CR01646,30-03-2025,Chandigarh,Chandigarh,Phishing,Medium,Healthcare,3941719,28709,News,Open
CR01647,11-01-2025,Haryana,Gurugram,Malware,Medium,Corporate,763165,45409,CERT-In,Resolved
CR01648,06-03-2026,Jharkhand,Ranchi,Phishing,Medium,Banking,3964040,22402,News,Investigating
CR01649,22-06-2026,Jammu and Kashmir,Srinagar,Phishing,Medium,Banking,3425958,4041,User Report,Investigating
CR01650,30-01-2026,Kerala,Thiruvananthapuram,Phishing,Low,Government,1440340,45863,News,Open
CR01651,01-09-2024,Uttar Pradesh,Lucknow,Ransomware,Low,Banking,3881497,42271,News,Resolved
CR01652,10-11-2025,Jammu and Kashmir,Srinagar,Malware,Low,IT,3471929,3777,CERT-In,Investigating
CR01653,09-04-2026,Uttarakhand,Dehradun,DDoS,Low,Personal,2834989,9872,User Report,Resolved
CR01654,13-02-2026,Dadra and Nagar Haveli and Daman and Diu,Daman,Ransomware,Medium,IT,4987616,38902,News,Open
CR01655,22-09-2025,Tripura,Agartala,Phishing,Critical,IT,1943165,3791,News,Investigating
CR01656,01-01-2025,Sikkim,Gangtok,Phishing,Low,Education,4307228,9857,News,Open
CR01657,11-07-2025,Kerala,Thiruvananthapuram,Online Fraud,Medium,Government,1671639,47405,CERT-In,Open
CR01658,21-05-2024,Punjab,Ludhiana,Malware,Medium,Education,4741042,1838,User Report,Resolved
CR01659,16-01-2024,Kerala,Kochi,Malware,Critical,Healthcare,3943417,48975,CERT-In,Resolved
CR01660,07-11-2025,Arunachal Pradesh,Itanagar,Identity Theft,Medium,IT,3926462,42060,CERT-In,Investigating
CR01661,28-09-2024,Lakshadweep,Kavaratti,Malware,Critical,Banking,2169328,41033,Organization,Resolved
CR01662,06-08-2025,Uttarakhand,Dehradun,Identity Theft,Medium,Healthcare,1234390,41114,CERT-In,Open
CR01663,01-04-2025,Madhya Pradesh,Bhopal,Online Fraud,High,IT,4130377,33148,CERT-In,Resolved
CR01664,22-06-2024,Haryana,Gurugram,Malware,Medium,Corporate,4545160,47048,User Report,Resolved
CR01665,28-12-2024,Punjab,Ludhiana,Online Fraud,Critical,Corporate,1500382,25675,Organization,Open
CR01666,24-02-2026,Meghalaya,Shillong,DDoS,High,Education,3117045,17436,CERT-In,Resolved
CR01667,30-09-2025,Dadra and Nagar Haveli and Daman and Diu,Daman,Data Breach,Critical,Government,4279962,26254,News,Open
CR01668,07-04-2025,Chandigarh,Chandigarh,Identity Theft,High,Corporate,2919198,25458,User Report,Investigating
CR01669,01-08-2025,Bihar,Patna,Identity Theft,High,Healthcare,138798,39333,CERT-In,Resolved
CR01670,01-04-2025,Sikkim,Gangtok,Phishing,Medium,E-commerce,330715,16596,User Report,Resolved
CR01671,11-12-2024,Karnataka,Bengaluru,Ransomware,Medium,Corporate,4377733,25289,Organization,Investigating
CR01672,17-02-2026,Mizoram,Aizawl,Data Breach,Low,Government,2886214,8866,User Report,Investigating
CR01673,17-09-2024,Rajasthan,Jaipur,Identity Theft,Low,IT,1355372,28349,Organization,Resolved
CR01674,12-02-2026,Assam,Silchar,DDoS,Medium,Healthcare,2189204,32915,News,Open
CR01675,12-08-2024,Punjab,Amritsar,Online Fraud,Low,Healthcare,6205,43907,CERT-In,Open
CR01676,29-11-2025,Maharashtra,Pune,DDoS,Low,Education,2262145,46645,User Report,Investigating
CR01677,31-12-2024,Himachal Pradesh,Shimla,Online Fraud,Medium,Corporate,4889618,23093,News,Open
CR01678,11-06-2026,Sikkim,Gangtok,DDoS,Medium,Healthcare,784308,11382,User Report,Open
CR01679,23-09-2025,Maharashtra,Nashik,Data Breach,Low,Healthcare,1230070,49408,User Report,Open
CR01680,16-01-2026,Jammu and Kashmir,Jammu,DDoS,Medium,Personal,1430005,13686,User Report,Resolved
CR01681,15-03-2025,Ladakh,Leh,Malware,Medium,E-commerce,3793006,22483,Organization,Open
CR01682,19-04-2026,Arunachal Pradesh,Naharlagun,Ransomware,High,Education,2271706,24894,News,Investigating
CR01683,10-05-2024,Puducherry,Puducherry,Malware,Medium,Government,456196,33345,News,Open
CR01684,27-03-2026,Madhya Pradesh,Bhopal,Identity Theft,Low,Government,1351463,48809,CERT-In,Open
CR01685,04-02-2024,Bihar,Patna,Ransomware,Low,E-commerce,3157733,23654,News,Investigating
CR01686,23-06-2024,Kerala,Thiruvananthapuram,Ransomware,High,E-commerce,3352544,44541,CERT-In,Resolved
CR01687,05-07-2025,Assam,Silchar,DDoS,Low,Corporate,4983260,49249,Organization,Resolved
CR01688,04-12-2024,Meghalaya,Shillong,Data Breach,High,E-commerce,3977450,33055,CERT-In,Investigating
CR01689,27-04-2025,Madhya Pradesh,Gwalior,Data Breach,High,Government,682615,47708,User Report,Investigating
CR01690,24-02-2024,Punjab,Ludhiana,Identity Theft,Low,IT,4840301,10310,CERT-In,Open
CR01691,10-12-2024,Madhya Pradesh,Bhopal,DDoS,Critical,Banking,3119847,43386,Organization,Open
CR01692,27-06-2024,Nagaland,Kohima,Ransomware,Medium,Healthcare,856902,48145,CERT-In,Investigating
CR01693,24-02-2026,Dadra and Nagar Haveli and Daman and Diu,Silvassa,Malware,Medium,Corporate,3821766,40931,CERT-In,Resolved
CR01694,22-01-2024,Nagaland,Dimapur,Identity Theft,High,Government,2775972,3294,News,Resolved
CR01695,29-06-2025,Haryana,Faridabad,Phishing,Low,Government,384739,23357,CERT-In,Open
CR01696,09-06-2026,Lakshadweep,Kavaratti,Online Fraud,Medium,Government,1061176,37425,CERT-In,Open
CR01697,23-12-2024,Rajasthan,Udaipur,Ransomware,Medium,Corporate,1715124,27613,Organization,Open
CR01698,14-07-2024,Jammu and Kashmir,Srinagar,DDoS,Medium,E-commerce,4957130,33650,News,Investigating
CR01699,21-06-2025,Dadra and Nagar Haveli and Daman and Diu,Silvassa,Data Breach,Low,E-commerce,1195446,9750,News,Investigating
CR01700,18-12-2024,Andhra Pradesh,Visakhapatnam,Online Fraud,Low,E-commerce,2271974,28998,User Report,Investigating
CR01701,09-10-2025,Madhya Pradesh,Gwalior,Identity Theft,Critical,Government,1167657,29717,News,Investigating
CR01702,05-02-2024,Jharkhand,Ranchi,Online Fraud,High,Education,795178,17928,CERT-In,Investigating
CR01703,11-05-2024,Jharkhand,Jamshedpur,DDoS,Critical,Personal,68499,23325,Organization,Open
CR01704,23-10-2025,Gujarat,Ahmedabad,Ransomware,Medium,Healthcare,601609,42517,User Report,Resolved
CR01705,13-10-2025,Delhi,New Delhi,Data Breach,Medium,E-commerce,3840969,11507,CERT-In,Open
CR01706,13-05-2025,West Bengal,Kolkata,Malware,High,Education,3861577,2446,User Report,Resolved
CR01707,16-03-2026,Odisha,Cuttack,Malware,Low,Government,97006,22497,CERT-In,Resolved
CR01708,13-10-2024,Assam,Silchar,Malware,Low,IT,2521037,47197,User Report,Investigating
CR01709,05-12-2025,Nagaland,Dimapur,Data Breach,Low,Corporate,1380231,23312,CERT-In,Investigating
CR01710,28-11-2025,Jharkhand,Jamshedpur,Phishing,Critical,Corporate,3884025,28121,CERT-In,Resolved
CR01711,19-03-2025,Jammu and Kashmir,Jammu,Data Breach,Low,Banking,3757100,586,User Report,Resolved
CR01712,12-01-2024,Jharkhand,Ranchi,Ransomware,Medium,Government,2925863,11085,CERT-In,Investigating
CR01713,07-12-2024,Telangana,Warangal,Ransomware,High,Education,2714764,27971,User Report,Open
CR01714,10-07-2025,Assam,Guwahati,Phishing,High,Banking,2892845,13116,News,Open
CR01715,18-04-2026,Gujarat,Rajkot,Ransomware,High,Personal,1076131,12379,News,Resolved
CR01716,24-06-2025,Himachal Pradesh,Shimla,Identity Theft,High,Corporate,3890047,29563,User Report,Investigating
CR01717,04-02-2025,Chhattisgarh,Bilaspur,Ransomware,Critical,Personal,4408196,3878,CERT-In,Investigating
CR01718,24-01-2024,Himachal Pradesh,Dharamshala,Identity Theft,Low,Government,2057506,12878,Organization,Open
CR01719,27-01-2025,Lakshadweep,Kavaratti,Data Breach,Critical,Healthcare,970922,30826,CERT-In,Open
CR01720,22-05-2024,Delhi,New Delhi,Ransomware,Critical,Healthcare,1286152,33218,User Report,Investigating
CR01721,09-12-2025,Karnataka,Mysuru,Ransomware,Medium,Banking,3010190,18003,User Report,Resolved
CR01722,28-10-2024,Manipur,Imphal,Malware,Low,Government,853733,22568,User Report,Investigating
CR01723,01-06-2026,Dadra and Nagar Haveli and Daman and Diu,Silvassa,Data Breach,Critical,Banking,1888205,16558,Organization,Resolved
CR01724,12-07-2024,Delhi,New Delhi,Online Fraud,Low,IT,1778110,38165,User Report,Resolved
CR01725,02-08-2025,Tamil Nadu,Chennai,Ransomware,High,IT,2668072,14122,News,Open
CR01726,22-03-2024,Puducherry,Puducherry,Ransomware,Critical,E-commerce,3510839,18623,CERT-In,Open
CR01727,22-11-2025,Chandigarh,Chandigarh,Phishing,Low,Healthcare,2085204,37726,Organization,Resolved
CR01728,22-02-2025,Manipur,Imphal,Identity Theft,Critical,Corporate,315473,2364,Organization,Investigating
CR01729,10-02-2026,Odisha,Bhubaneswar,Identity Theft,Low,Government,2717570,32403,Organization,Open
CR01730,16-09-2024,Bihar,Muzaffarpur,Phishing,High,Government,2221991,45277,News,Investigating
CR01731,13-07-2026,Assam,Dibrugarh,Identity Theft,Critical,IT,768164,44623,User Report,Investigating
CR01732,22-04-2026,Kerala,Thiruvananthapuram,Data Breach,Medium,Education,3340121,24941,News,Open
CR01733,17-05-2025,West Bengal,Durgapur,Malware,Medium,E-commerce,196624,45522,User Report,Investigating
CR01734,27-03-2024,Andhra Pradesh,Guntur,Data Breach,High,Personal,231382,19300,Organization,Resolved
CR01735,18-07-2026,West Bengal,Kolkata,Ransomware,High,IT,4415671,40213,News,Resolved
CR01736,14-02-2026,Meghalaya,Shillong,Identity Theft,High,Education,1528075,23692,CERT-In,Open
CR01737,17-09-2024,Bihar,Patna,DDoS,Critical,Corporate,3933362,41199,Organization,Resolved
CR01738,22-05-2026,Bihar,Gaya,Phishing,Medium,Education,4933211,32960,CERT-In,Resolved
CR01739,22-06-2025,Tripura,Agartala,Data Breach,Low,Banking,946918,16008,News,Investigating
CR01740,14-01-2026,Manipur,Imphal,Malware,High,Corporate,2345267,28850,Organization,Resolved
CR01741,07-03-2026,Haryana,Panipat,DDoS,Low,Education,3460311,26142,User Report,Resolved
CR01742,07-05-2024,Andaman and Nicobar Islands,Port Blair,Online Fraud,Critical,E-commerce,3961853,26426,Organization,Investigating
CR01743,04-10-2025,Jammu and Kashmir,Srinagar,DDoS,Medium,Education,2137870,42423,Organization,Investigating
CR01744,10-06-2024,Arunachal Pradesh,Naharlagun,Malware,Critical,Personal,518559,24279,CERT-In,Investigating
CR01745,24-03-2026,Odisha,Cuttack,Online Fraud,Critical,Government,2850363,36155,Organization,Investigating
CR01746,19-04-2024,Jharkhand,Jamshedpur,Phishing,Low,Personal,4854111,34102,User Report,Open
CR01747,12-04-2025,Chandigarh,Chandigarh,Malware,High,Healthcare,1121083,14585,News,Resolved
CR01748,18-03-2026,Odisha,Bhubaneswar,Data Breach,Low,Government,3744781,25988,Organization,Open
CR01749,06-02-2026,Assam,Guwahati,Identity Theft,High,Education,124420,12242,User Report,Investigating
CR01750,12-04-2025,Bihar,Muzaffarpur,Data Breach,High,IT,3613482,4652,Organization,Investigating
CR01751,28-06-2025,Chandigarh,Chandigarh,Ransomware,High,Government,4084949,21037,Organization,Resolved
CR01752,11-01-2026,Gujarat,Vadodara,DDoS,Medium,Personal,4466088,25222,Organization,Open
CR01753,10-10-2024,Assam,Silchar,Data Breach,Critical,Healthcare,1897563,37962,User Report,Open
CR01754,21-11-2025,Tamil Nadu,Madurai,Malware,High,E-commerce,3456128,49299,News,Resolved
CR01755,11-11-2024,Punjab,Chandigarh,Phishing,Low,Corporate,3519607,6638,Organization,Investigating
CR01756,24-05-2024,Puducherry,Puducherry,Phishing,Low,Healthcare,153187,37624,Organization,Resolved
CR01757,19-04-2025,Meghalaya,Shillong,Ransomware,High,Personal,933078,46090,News,Investigating
CR01758,23-02-2026,Jammu and Kashmir,Srinagar,Data Breach,High,Personal,2252627,48337,User Report,Investigating
CR01759,09-02-2026,Dadra and Nagar Haveli and Daman and Diu,Silvassa,Malware,Critical,E-commerce,4343567,42264,CERT-In,Resolved
CR01760,29-12-2025,Odisha,Bhubaneswar,Phishing,Critical,Personal,4012543,258,Organization,Open
CR01761,06-06-2024,Bihar,Gaya,DDoS,Low,Personal,1399712,40018,User Report,Open
CR01762,08-11-2024,Tripura,Agartala,Online Fraud,Medium,Education,4488717,30542,News,Resolved
CR01763,01-04-2024,Ladakh,Leh,Online Fraud,Critical,Education,4316160,2199,User Report,Resolved
CR01764,22-03-2025,Lakshadweep,Kavaratti,Data Breach,High,Healthcare,3520000,40643,User Report,Investigating
CR01765,21-09-2025,Andhra Pradesh,Vijayawada,Identity Theft,Medium,Healthcare,2083630,49878,Organization,Open
CR01766,13-11-2025,Tripura,Agartala,Data Breach,High,IT,2937557,21368,User Report,Open
CR01767,12-07-2025,Nagaland,Dimapur,Data Breach,Critical,Personal,4669213,34264,News,Resolved
CR01768,22-08-2024,Odisha,Bhubaneswar,Phishing,Medium,Government,1075044,30992,News,Investigating
CR01769,26-07-2026,Mizoram,Aizawl,Ransomware,Critical,E-commerce,699578,31423,News,Investigating
CR01770,03-02-2024,Dadra and Nagar Haveli and Daman and Diu,Silvassa,Ransomware,Low,Education,2393597,6893,User Report,Investigating
CR01771,16-05-2025,Madhya Pradesh,Bhopal,Data Breach,Critical,Banking,3256601,36009,User Report,Investigating
CR01772,28-05-2024,Delhi,New Delhi,Data Breach,Low,E-commerce,2657586,12161,CERT-In,Investigating
CR01773,27-03-2026,Andaman and Nicobar Islands,Port Blair,Online Fraud,Critical,Government,3082535,11924,CERT-In,Resolved
CR01774,23-03-2025,Jammu and Kashmir,Jammu,Phishing,Critical,Personal,557703,7671,CERT-In,Investigating
CR01775,21-03-2024,Meghalaya,Shillong,Online Fraud,Medium,Healthcare,2591906,21899,Organization,Resolved
CR01776,05-08-2024,Manipur,Imphal,Online Fraud,Critical,Banking,2405385,237,Organization,Resolved
CR01777,26-09-2025,Madhya Pradesh,Indore,Identity Theft,Medium,Government,897963,32990,CERT-In,Resolved
CR01778,10-04-2025,Manipur,Imphal,DDoS,Critical,Government,831248,819,CERT-In,Resolved
CR01779,04-03-2025,Assam,Guwahati,Phishing,Medium,IT,3500859,39452,User Report,Open
CR01780,10-08-2025,Chhattisgarh,Bilaspur,Malware,Low,Healthcare,139640,18158,CERT-In,Open
CR01781,18-11-2024,Arunachal Pradesh,Itanagar,Online Fraud,High,IT,3324860,1876,Organization,Open
CR01782,26-02-2025,Uttarakhand,Haridwar,Identity Theft,Low,Healthcare,1951741,22120,CERT-In,Open
CR01783,21-04-2026,Chandigarh,Chandigarh,DDoS,Low,Corporate,3795592,34404,CERT-In,Resolved
CR01784,21-03-2026,Tripura,Agartala,Identity Theft,High,Education,2276807,14387,Organization,Resolved
CR01785,19-03-2026,Chhattisgarh,Bilaspur,Online Fraud,High,Corporate,495922,41225,CERT-In,Resolved
CR01786,20-01-2026,Delhi,New Delhi,Identity Theft,High,Banking,1339963,30407,News,Open
CR01787,21-06-2026,Delhi,New Delhi,Identity Theft,High,E-commerce,2662180,17217,Organization,Investigating
CR01788,09-01-2026,Goa,Panaji,Data Breach,Critical,Banking,2923756,17934,CERT-In,Resolved
CR01789,12-07-2026,Punjab,Amritsar,Online Fraud,High,Corporate,3662368,40356,User Report,Investigating
CR01790,03-05-2026,Tamil Nadu,Coimbatore,Phishing,Low,Healthcare,3786921,16994,CERT-In,Investigating
CR01791,10-02-2025,Manipur,Imphal,Malware,High,Banking,2133952,7867,User Report,Open
CR01792,26-01-2026,Bihar,Gaya,Data Breach,Critical,Banking,4519472,4702,CERT-In,Resolved
CR01793,20-10-2024,Chandigarh,Chandigarh,Ransomware,High,Banking,4954219,39735,User Report,Resolved
CR01794,25-08-2024,Odisha,Bhubaneswar,DDoS,Critical,Education,3949747,18111,Organization,Resolved
CR01795,23-11-2024,Gujarat,Ahmedabad,DDoS,Low,Government,4363985,40487,News,Open
CR01796,08-07-2024,Chandigarh,Chandigarh,Online Fraud,Critical,Government,2115103,15990,User Report,Open
CR01797,09-10-2025,Delhi,New Delhi,Ransomware,Low,Healthcare,877046,13602,News,Resolved
CR01798,25-04-2026,Karnataka,Bengaluru,Data Breach,Critical,E-commerce,2205477,13557,User Report,Resolved
CR01799,13-06-2024,Tripura,Agartala,Identity Theft,Critical,IT,485269,24945,Organization,Resolved
CR01800,22-03-2024,Delhi,New Delhi,Phishing,Medium,Healthcare,1741743,35621,News,Investigating
CR01801,26-01-2026,Jammu and Kashmir,Srinagar,Ransomware,Medium,Education,3808757,937,User Report,Open
CR01802,12-03-2025,Andhra Pradesh,Visakhapatnam,Malware,Medium,Education,602263,8615,News,Investigating
CR01803,01-11-2024,Ladakh,Leh,Ransomware,High,Healthcare,333850,48342,User Report,Investigating
CR01804,28-03-2025,Lakshadweep,Kavaratti,Online Fraud,Medium,E-commerce,4948584,19653,User Report,Open
CR01805,25-04-2025,Meghalaya,Shillong,Ransomware,Low,Healthcare,4032306,49220,News,Resolved
CR01806,21-11-2025,Delhi,New Delhi,Online Fraud,Medium,IT,4390710,5484,Organization,Open
CR01807,06-05-2024,Goa,Panaji,Ransomware,High,E-commerce,606111,45016,User Report,Open
CR01808,24-02-2024,Telangana,Warangal,Data Breach,High,Corporate,1226471,39379,CERT-In,Investigating
CR01809,08-03-2024,Goa,Panaji,Ransomware,Critical,IT,1651915,2513,CERT-In,Investigating
CR01810,08-05-2024,Andaman and Nicobar Islands,Port Blair,Malware,Low,Banking,4381430,14818,Organization,Resolved
CR01811,28-04-2026,Uttar Pradesh,Lucknow,Identity Theft,High,Personal,985023,25770,Organization,Resolved
CR01812,16-05-2026,Telangana,Hyderabad,Data Breach,High,Personal,4380748,48364,User Report,Investigating
CR01813,19-07-2025,Andhra Pradesh,Guntur,Online Fraud,High,Personal,3387413,24887,CERT-In,Open
CR01814,03-07-2025,Chandigarh,Chandigarh,Identity Theft,Critical,Personal,655896,10359,News,Open
CR01815,01-08-2025,Puducherry,Puducherry,Ransomware,Low,Personal,4460773,45085,Organization,Open
CR01816,08-02-2024,Assam,Guwahati,Data Breach,Low,E-commerce,4161502,26980,News,Investigating
CR01817,21-05-2026,West Bengal,Durgapur,Ransomware,High,Education,145366,44231,News,Open
CR01818,24-09-2024,Gujarat,Ahmedabad,Data Breach,Critical,IT,1879462,13480,Organization,Investigating
CR01819,20-02-2024,Nagaland,Kohima,DDoS,Critical,Corporate,22741,40399,CERT-In,Resolved
CR01820,23-03-2025,Maharashtra,Nashik,DDoS,Low,Corporate,3841692,7408,Organization,Investigating
CR01821,08-05-2026,Punjab,Chandigarh,Ransomware,Low,E-commerce,4875129,29078,CERT-In,Investigating
CR01822,08-11-2024,Dadra and Nagar Haveli and Daman and Diu,Daman,Data Breach,Critical,Corporate,3775228,7000,User Report,Investigating
CR01823,14-09-2024,Lakshadweep,Kavaratti,Malware,Medium,Government,3938987,2073,News,Open
CR01824,18-07-2026,Chandigarh,Chandigarh,Phishing,High,Government,1511442,17303,CERT-In,Open
CR01825,17-08-2024,West Bengal,Kolkata,DDoS,Critical,IT,4765719,7591,CERT-In,Investigating
CR01826,25-09-2025,Andhra Pradesh,Guntur,Ransomware,Low,IT,2246295,6453,News,Investigating
CR01827,03-08-2025,Arunachal Pradesh,Naharlagun,Data Breach,Low,Healthcare,1859656,14285,User Report,Resolved
CR01828,06-05-2025,Punjab,Ludhiana,Identity Theft,Low,E-commerce,817235,1673,CERT-In,Investigating
CR01829,11-03-2025,Andaman and Nicobar Islands,Port Blair,DDoS,Low,Personal,1595497,48149,Organization,Open
CR01830,18-08-2025,Chandigarh,Chandigarh,Data Breach,High,Banking,1782923,8842,CERT-In,Resolved
CR01831,14-08-2024,Madhya Pradesh,Gwalior,Ransomware,High,Banking,3923684,22120,CERT-In,Investigating
CR01832,15-10-2024,Manipur,Imphal,Ransomware,Medium,Corporate,2358016,40411,User Report,Resolved
CR01833,29-05-2026,Andaman and Nicobar Islands,Port Blair,Phishing,Low,Government,1586085,18368,CERT-In,Resolved
CR01834,05-01-2025,Maharashtra,Nashik,Data Breach,Medium,IT,548520,32203,News,Resolved
CR01835,13-12-2024,Himachal Pradesh,Shimla,Identity Theft,High,Healthcare,2913463,14309,CERT-In,Resolved
CR01836,17-08-2025,Jammu and Kashmir,Srinagar,Online Fraud,Low,IT,2971145,46748,CERT-In,Resolved
CR01837,27-01-2024,Tamil Nadu,Madurai,Data Breach,High,IT,1378905,40893,User Report,Resolved
CR01838,07-12-2024,Punjab,Ludhiana,Online Fraud,Medium,Corporate,3663726,43427,News,Open
CR01839,03-07-2025,Mizoram,Aizawl,Identity Theft,High,Education,4046849,43935,Organization,Investigating
CR01840,08-02-2024,Delhi,New Delhi,Ransomware,High,Healthcare,3959375,48801,CERT-In,Resolved
CR01841,21-05-2026,Goa,Margao,Identity Theft,Low,E-commerce,477377,14711,User Report,Resolved
CR01842,31-07-2026,Manipur,Imphal,Phishing,Critical,Personal,3943863,34039,News,Resolved
CR01843,23-03-2025,West Bengal,Siliguri,Ransomware,Low,Banking,1810932,44592,User Report,Resolved
CR01844,10-05-2025,Arunachal Pradesh,Naharlagun,Data Breach,Low,IT,2948390,889,CERT-In,Investigating
CR01845,28-02-2026,Lakshadweep,Kavaratti,Malware,Critical,Corporate,272815,18301,CERT-In,Investigating
CR01846,31-01-2024,Telangana,Warangal,Phishing,Critical,Government,808194,5155,User Report,Investigating
CR01847,14-08-2025,Chandigarh,Chandigarh,Data Breach,Critical,Healthcare,4029109,18296,News,Resolved
CR01848,28-02-2024,Assam,Guwahati,Online Fraud,Low,Banking,612784,34921,Organization,Open
CR01849,01-04-2026,Odisha,Bhubaneswar,Data Breach,Low,Personal,933909,1708,Organization,Resolved
CR01850,31-07-2025,Goa,Panaji,Phishing,Critical,Banking,2747198,49227,User Report,Resolved
CR01851,08-08-2025,Gujarat,Vadodara,Malware,Medium,Education,2239082,23038,CERT-In,Resolved
CR01852,03-04-2025,Arunachal Pradesh,Itanagar,Identity Theft,Critical,Banking,4120509,9317,Organization,Open
CR01853,26-03-2025,Maharashtra,Mumbai,Phishing,Critical,IT,3637349,47125,News,Open
CR01854,19-03-2024,Sikkim,Gangtok,Phishing,High,Government,336029,16565,CERT-In,Resolved
CR01855,15-02-2024,Nagaland,Kohima,Data Breach,High,Corporate,3206981,24879,News,Resolved
CR01856,14-07-2026,Tripura,Agartala,Online Fraud,High,Healthcare,1099240,14250,News,Open
CR01857,29-11-2025,Gujarat,Surat,Phishing,High,Corporate,3979085,20085,News,Investigating
CR01858,24-11-2025,Meghalaya,Shillong,Identity Theft,Critical,Education,3149133,10578,News,Investigating
CR01859,22-01-2024,Tripura,Agartala,Identity Theft,Low,E-commerce,353997,48330,CERT-In,Open
CR01860,13-06-2025,Nagaland,Kohima,Identity Theft,Low,Education,1682180,30282,CERT-In,Investigating
CR01861,04-04-2025,Meghalaya,Shillong,Data Breach,Low,Education,1646307,47212,User Report,Investigating
CR01862,20-02-2024,Karnataka,Bengaluru,Ransomware,High,Government,4267362,4340,Organization,Open
CR01863,11-07-2025,Nagaland,Dimapur,Phishing,Low,E-commerce,392925,32871,CERT-In,Investigating
CR01864,07-03-2024,Andaman and Nicobar Islands,Port Blair,Identity Theft,Critical,Personal,3059314,17753,News,Investigating
CR01865,16-12-2025,Uttarakhand,Dehradun,Phishing,High,E-commerce,242612,30682,Organization,Resolved
CR01866,07-04-2025,Chandigarh,Chandigarh,Malware,Medium,Government,506109,44619,News,Resolved
CR01867,08-04-2026,Haryana,Faridabad,Malware,Critical,IT,2802314,46967,Organization,Open
CR01868,03-07-2024,Arunachal Pradesh,Naharlagun,Phishing,Low,E-commerce,1979752,24740,CERT-In,Open
CR01869,18-10-2025,Uttar Pradesh,Lucknow,Malware,Critical,IT,2184274,14997,CERT-In,Open
CR01870,17-05-2025,Arunachal Pradesh,Naharlagun,Malware,High,Government,2326284,46351,News,Open
CR01871,29-06-2025,Uttar Pradesh,Lucknow,Ransomware,Medium,Corporate,921133,22324,CERT-In,Resolved
CR01872,10-11-2025,Gujarat,Ahmedabad,Online Fraud,High,Government,2172831,2785,CERT-In,Open
CR01873,21-08-2025,Chandigarh,Chandigarh,Online Fraud,High,Healthcare,1398434,37173,User Report,Resolved
CR01874,31-12-2025,Maharashtra,Mumbai,Identity Theft,High,Personal,606899,22546,Organization,Open
CR01875,07-04-2026,Uttar Pradesh,Noida,Malware,High,Healthcare,4244078,31885,CERT-In,Resolved
CR01876,30-01-2024,Chhattisgarh,Bilaspur,Data Breach,Critical,Government,743657,7021,Organization,Investigating
CR01877,13-07-2025,Ladakh,Leh,Phishing,Medium,Personal,3068969,22112,User Report,Investigating
CR01878,01-01-2026,Jharkhand,Jamshedpur,Malware,Critical,E-commerce,198624,14778,News,Resolved
CR01879,14-07-2025,Tripura,Agartala,Identity Theft,Low,Corporate,806274,18114,News,Resolved
CR01880,23-02-2024,Puducherry,Puducherry,Phishing,Medium,Education,3844545,32122,Organization,Open
CR01881,02-07-2025,Chandigarh,Chandigarh,Online Fraud,Medium,Government,4609341,47478,Organization,Investigating
CR01882,28-10-2024,Karnataka,Mangaluru,Phishing,Low,E-commerce,1068676,20271,Organization,Resolved
CR01883,12-12-2024,Jharkhand,Jamshedpur,Identity Theft,Low,Government,4133118,28958,News,Open
CR01884,18-04-2025,Manipur,Imphal,Online Fraud,Low,Banking,260954,8782,Organization,Investigating
CR01885,22-05-2025,Tamil Nadu,Coimbatore,Phishing,Critical,Healthcare,1346959,3743,Organization,Resolved
CR01886,29-11-2024,Sikkim,Gangtok,Ransomware,High,E-commerce,4972700,37133,User Report,Investigating
CR01887,19-01-2025,Arunachal Pradesh,Itanagar,Data Breach,Critical,Healthcare,3672424,4893,Organization,Open
CR01888,23-03-2024,Telangana,Hyderabad,DDoS,Medium,Banking,4604689,33824,User Report,Investigating
CR01889,01-10-2025,Himachal Pradesh,Dharamshala,Identity Theft,High,IT,4317595,26254,CERT-In,Investigating
CR01890,11-11-2025,Sikkim,Gangtok,Identity Theft,High,Corporate,2817579,40534,CERT-In,Open
CR01891,24-10-2025,Telangana,Hyderabad,Data Breach,High,Government,3866367,18954,News,Investigating
CR01892,13-05-2026,Kerala,Kozhikode,Identity Theft,Medium,Government,3191227,23879,Organization,Investigating
CR01893,15-03-2026,Manipur,Imphal,Phishing,Critical,IT,2459684,47429,Organization,Investigating
CR01894,07-02-2024,Tamil Nadu,Coimbatore,DDoS,Critical,Education,2859308,26284,Organization,Investigating
CR01895,02-02-2026,Manipur,Imphal,Data Breach,High,IT,3454275,4706,News,Open
CR01896,06-07-2024,Jharkhand,Ranchi,DDoS,Low,IT,4552867,14249,CERT-In,Investigating
CR01897,04-03-2025,Madhya Pradesh,Indore,Online Fraud,Medium,Healthcare,2126433,7762,Organization,Resolved
CR01898,01-04-2026,Telangana,Hyderabad,Online Fraud,Medium,Education,2445653,42359,Organization,Resolved
CR01899,20-06-2025,Tamil Nadu,Coimbatore,DDoS,Low,IT,1837459,9872,CERT-In,Open
CR01900,10-06-2026,Meghalaya,Shillong,DDoS,Medium,E-commerce,2495615,10669,Organization,Open
CR01901,03-05-2026,Haryana,Panipat,Ransomware,High,Education,2621495,14522,Organization,Investigating
CR01902,29-12-2024,Karnataka,Bengaluru,Ransomware,Medium,Personal,3434998,20508,News,Investigating
CR01903,31-07-2026,Meghalaya,Shillong,Phishing,Medium,Healthcare,199567,21098,CERT-In,Resolved
CR01904,24-05-2025,Odisha,Bhubaneswar,Ransomware,Medium,Healthcare,2406080,49743,CERT-In,Open
CR01905,19-05-2025,Puducherry,Puducherry,Identity Theft,Medium,Personal,4174864,25927,News,Investigating
CR01906,17-06-2026,Punjab,Ludhiana,Data Breach,High,Banking,3779827,46436,Organization,Resolved
CR01907,02-10-2025,Andhra Pradesh,Visakhapatnam,Phishing,Critical,Corporate,1392597,38718,CERT-In,Investigating
CR01908,08-01-2025,Maharashtra,Mumbai,Data Breach,Low,IT,3016527,796,Organization,Resolved
CR01909,11-03-2026,Goa,Margao,DDoS,Medium,Healthcare,3382601,903,News,Open
CR01910,05-08-2024,Tripura,Agartala,Online Fraud,Critical,Personal,4748149,42955,User Report,Investigating
CR01911,13-03-2025,Jammu and Kashmir,Srinagar,Malware,Low,Government,4725684,26632,User Report,Resolved
CR01912,26-07-2024,Uttar Pradesh,Noida,Data Breach,Low,Corporate,3924468,10137,User Report,Investigating
CR01913,02-05-2026,West Bengal,Durgapur,Ransomware,Medium,Banking,2727874,34144,Organization,Resolved
CR01914,15-04-2026,Chhattisgarh,Bilaspur,Phishing,Low,IT,2279403,48920,CERT-In,Open
CR01915,26-05-2024,Jammu and Kashmir,Srinagar,Ransomware,Critical,E-commerce,908280,20306,News,Investigating
CR01916,23-03-2024,Sikkim,Gangtok,Ransomware,High,E-commerce,21413,43693,Organization,Open
CR01917,09-03-2026,Nagaland,Dimapur,Malware,High,E-commerce,2014520,48965,User Report,Open
CR01918,26-10-2025,Uttarakhand,Haridwar,Malware,Low,Corporate,2015056,28420,Organization,Resolved
CR01919,18-03-2024,Arunachal Pradesh,Itanagar,DDoS,Critical,Education,2366649,4319,News,Open
CR01920,14-11-2025,Haryana,Panipat,Ransomware,High,Government,406309,26686,Organization,Investigating
CR01921,05-01-2025,Chhattisgarh,Raipur,Ransomware,Medium,Personal,2205014,41253,CERT-In,Resolved
CR01922,31-07-2025,Sikkim,Gangtok,Ransomware,Low,E-commerce,3014670,19873,User Report,Investigating
CR01923,24-08-2024,Andaman and Nicobar Islands,Port Blair,Ransomware,High,Education,182671,14935,User Report,Resolved
CR01924,24-05-2026,Chhattisgarh,Bilaspur,Online Fraud,Low,Personal,3527699,18053,News,Resolved
CR01925,19-05-2025,Tamil Nadu,Madurai,Online Fraud,High,Banking,4228554,7511,Organization,Open
CR01926,26-02-2024,Maharashtra,Nashik,Phishing,Critical,E-commerce,3934390,26880,User Report,Investigating
CR01927,26-12-2025,Jammu and Kashmir,Jammu,Malware,Medium,E-commerce,1094878,33254,News,Resolved
CR01928,25-04-2025,Puducherry,Puducherry,Data Breach,Critical,Banking,957330,5057,CERT-In,Open
CR01929,07-01-2025,Rajasthan,Udaipur,Phishing,Medium,Corporate,2848025,26764,News,Investigating
CR01930,06-03-2025,Kerala,Thiruvananthapuram,Phishing,Medium,Education,4608659,16375,User Report,Investigating
CR01931,27-02-2025,Ladakh,Leh,DDoS,High,Education,228534,34231,CERT-In,Resolved
CR01932,12-08-2024,Mizoram,Aizawl,Malware,Low,Healthcare,2724977,30360,CERT-In,Open
CR01933,12-04-2025,Rajasthan,Udaipur,Identity Theft,High,IT,3448133,43086,News,Resolved
CR01934,11-01-2024,Meghalaya,Shillong,Ransomware,Critical,Banking,4589082,31973,News,Open
CR01935,03-02-2026,Haryana,Faridabad,Ransomware,Low,Government,3565978,46175,Organization,Open
CR01936,23-05-2024,Delhi,New Delhi,Phishing,Low,E-commerce,39929,13606,News,Resolved
CR01937,06-03-2024,Telangana,Hyderabad,Phishing,Critical,IT,1207789,45259,User Report,Resolved
CR01938,28-06-2026,Goa,Panaji,Online Fraud,Low,IT,4421769,38248,CERT-In,Investigating
CR01939,02-01-2025,Tripura,Agartala,Identity Theft,Critical,Healthcare,166052,28937,User Report,Resolved
CR01940,22-04-2024,Bihar,Muzaffarpur,Phishing,Low,Healthcare,2801708,23192,CERT-In,Open
CR01941,12-09-2025,Gujarat,Surat,Malware,Medium,Education,2572297,26822,News,Investigating
CR01942,17-05-2025,Ladakh,Leh,Data Breach,High,Corporate,4743996,22429,User Report,Investigating
CR01943,06-06-2025,Assam,Guwahati,Phishing,Medium,Government,3694736,36748,User Report,Open
CR01944,20-02-2025,Tamil Nadu,Chennai,Ransomware,Medium,Government,4744381,13387,News,Resolved
CR01945,31-03-2025,Uttarakhand,Haridwar,Online Fraud,Low,E-commerce,1962940,33470,Organization,Investigating
CR01946,09-07-2025,Punjab,Chandigarh,Phishing,Medium,Banking,3308055,48733,User Report,Resolved
CR01947,01-07-2024,Ladakh,Leh,DDoS,Medium,Healthcare,1864382,15417,User Report,Resolved
CR01948,11-12-2025,Lakshadweep,Kavaratti,DDoS,Critical,Government,2356526,16916,Organization,Resolved
CR01949,30-08-2024,Jharkhand,Jamshedpur,DDoS,Critical,Education,4572362,16758,CERT-In,Open
CR01950,30-08-2025,Sikkim,Gangtok,DDoS,Low,IT,1470978,42603,User Report,Investigating
CR01951,16-02-2026,Karnataka,Mangaluru,Phishing,Low,Healthcare,1534148,15012,User Report,Open
CR01952,26-05-2024,Jharkhand,Ranchi,Phishing,Medium,Education,1657865,7002,Organization,Open
CR01953,09-03-2024,Uttar Pradesh,Lucknow,DDoS,Medium,E-commerce,3574923,35149,CERT-In,Investigating
CR01954,02-11-2024,Haryana,Panipat,Phishing,High,E-commerce,4039773,43789,User Report,Open
CR01955,09-10-2024,Puducherry,Puducherry,Phishing,Low,E-commerce,1145831,7421,Organization,Resolved
CR01956,29-05-2024,Puducherry,Puducherry,DDoS,Critical,Education,1876535,45668,News,Investigating
CR01957,17-07-2026,Jharkhand,Jamshedpur,Phishing,Critical,Personal,4204016,11616,Organization,Investigating
CR01958,18-01-2026,Uttarakhand,Haridwar,Online Fraud,High,IT,3930225,21573,Organization,Open
CR01959,12-08-2025,Andaman and Nicobar Islands,Port Blair,Malware,Critical,Corporate,4353230,38968,Organization,Open
CR01960,10-01-2025,Haryana,Gurugram,Phishing,High,Healthcare,1356464,12782,CERT-In,Resolved
CR01961,01-07-2024,Meghalaya,Shillong,Data Breach,Critical,Healthcare,4737700,17274,User Report,Resolved
CR01962,09-07-2024,Gujarat,Surat,DDoS,Medium,Government,1729420,7721,User Report,Open
CR01963,04-05-2024,Manipur,Imphal,Phishing,Medium,Government,826893,48348,User Report,Investigating
CR01964,06-10-2024,Ladakh,Leh,DDoS,Low,Education,4508733,19279,User Report,Open
CR01965,15-04-2024,Kerala,Thiruvananthapuram,Online Fraud,Low,Personal,3906466,41820,CERT-In,Open
CR01966,10-07-2026,Lakshadweep,Kavaratti,Data Breach,Low,Corporate,4380031,16606,News,Open
CR01967,29-01-2026,Lakshadweep,Kavaratti,Data Breach,Low,Personal,1839074,45751,User Report,Open
CR01968,30-03-2024,Ladakh,Leh,Identity Theft,High,IT,2316161,28442,User Report,Investigating
CR01969,20-04-2026,Uttarakhand,Dehradun,Identity Theft,Medium,Personal,3359275,1694,Organization,Open
CR01970,03-11-2024,Assam,Silchar,Ransomware,Low,Healthcare,226789,20041,CERT-In,Open
CR01971,25-11-2024,Manipur,Imphal,DDoS,Critical,Corporate,261134,30843,News,Investigating
CR01972,14-04-2025,Nagaland,Dimapur,Online Fraud,Low,Banking,1739588,33373,News,Resolved
CR01973,10-03-2024,Andhra Pradesh,Vijayawada,Data Breach,Critical,Personal,2074437,45270,Organization,Resolved
CR01974,18-05-2026,Haryana,Gurugram,Ransomware,Medium,Corporate,1831998,17325,Organization,Resolved
CR01975,14-12-2025,Meghalaya,Shillong,Data Breach,Low,Education,112650,6712,News,Resolved
CR01976,31-07-2025,Uttar Pradesh,Lucknow,Data Breach,High,Government,4502617,7403,CERT-In,Resolved
CR01977,08-10-2025,Uttar Pradesh,Kanpur,Phishing,High,Government,2531317,2706,CERT-In,Investigating
CR01978,11-02-2024,Telangana,Hyderabad,Phishing,High,E-commerce,4295849,7887,News,Open
CR01979,30-06-2026,Sikkim,Gangtok,Data Breach,Low,Healthcare,3294805,4588,User Report,Open
CR01980,08-02-2026,Goa,Panaji,DDoS,Critical,IT,1401456,14381,CERT-In,Open
CR01981,13-12-2025,Madhya Pradesh,Bhopal,Malware,High,Government,4855906,3407,CERT-In,Resolved
CR01982,12-05-2026,Meghalaya,Shillong,Ransomware,Low,Education,1808904,29150,User Report,Resolved
CR01983,14-06-2025,Manipur,Imphal,Ransomware,Medium,Government,3496672,49350,User Report,Investigating
CR01984,26-05-2025,Goa,Margao,Data Breach,Low,IT,2130292,44006,Organization,Investigating
CR01985,20-09-2024,Jharkhand,Ranchi,Identity Theft,Critical,Personal,97623,35560,Organization,Investigating
CR01986,22-08-2024,Sikkim,Gangtok,Malware,High,Personal,2442136,40691,Organization,Open
CR01987,18-09-2025,Ladakh,Leh,Online Fraud,Medium,Corporate,4374361,28196,News,Investigating
CR01988,28-11-2025,Kerala,Kochi,DDoS,Critical,Government,3947263,21504,News,Resolved
CR01989,10-02-2026,Chhattisgarh,Bilaspur,Data Breach,Critical,Banking,3676790,38428,Organization,Open
CR01990,23-03-2026,Meghalaya,Shillong,Phishing,Low,Education,1200274,18159,News,Investigating
CR01991,17-03-2024,Andhra Pradesh,Vijayawada,Malware,Critical,Banking,1694233,34840,News,Open
CR01992,18-02-2024,Tripura,Agartala,Malware,Medium,Government,576694,21183,Organization,Investigating
CR01993,18-05-2025,Telangana,Warangal,DDoS,Critical,Corporate,2248858,5575,User Report,Resolved
CR01994,22-05-2024,Sikkim,Gangtok,Online Fraud,Critical,Healthcare,3062648,15841,News,Resolved
CR01995,07-05-2026,Puducherry,Puducherry,Phishing,Medium,Government,2709818,46869,CERT-In,Open
CR01996,01-05-2024,Manipur,Imphal,Identity Theft,Critical,Personal,4493302,22997,News,Resolved
CR01997,25-04-2025,Nagaland,Dimapur,Data Breach,High,Corporate,2474598,47910,CERT-In,Resolved
CR01998,25-02-2024,Madhya Pradesh,Indore,DDoS,Low,Personal,4248840,6828,Organization,Open
CR01999,15-10-2025,Arunachal Pradesh,Naharlagun,Online Fraud,Medium,Education,1444350,18870,CERT-In,Open
CR02000,30-05-2026,Meghalaya,Shillong,Ransomware,Critical,IT,2397148,13055,Organization,Open
CR02001,21-02-2025,Assam,Silchar,Online Fraud,Medium,Personal,791954,29276,CERT-In,Open
CR02002,31-03-2026,Himachal Pradesh,Dharamshala,Identity Theft,Low,Corporate,2013390,41578,User Report,Resolved
CR02003,29-09-2024,Tripura,Agartala,Data Breach,Medium,E-commerce,198728,13578,User Report,Resolved
CR02004,10-10-2025,Jharkhand,Ranchi,Phishing,Low,Government,4784529,16304,Organization,Open
CR02005,07-06-2024,Delhi,New Delhi,Phishing,Medium,Banking,1013191,15312,News,Investigating
CR02006,06-09-2025,Uttarakhand,Dehradun,Online Fraud,Low,IT,2549655,24831,News,Investigating
CR02007,16-07-2026,Maharashtra,Pune,Online Fraud,Medium,Personal,2424880,23800,User Report,Resolved
CR02008,21-05-2025,Goa,Panaji,Malware,Medium,Healthcare,1987090,22688,User Report,Investigating
CR02009,19-04-2026,Jharkhand,Ranchi,Data Breach,Medium,Corporate,1874375,23091,User Report,Resolved
CR02010,28-09-2024,Haryana,Gurugram,Malware,High,Government,3485795,8483,User Report,Open
CR02011,24-05-2024,Tripura,Agartala,Data Breach,Low,E-commerce,36511,41660,CERT-In,Resolved
CR02012,14-01-2025,Delhi,New Delhi,Phishing,Critical,E-commerce,4701551,22854,CERT-In,Resolved
CR02013,20-02-2024,Manipur,Imphal,Malware,High,Healthcare,3332681,20953,CERT-In,Resolved
CR02014,09-07-2025,Jammu and Kashmir,Jammu,Data Breach,High,IT,3035493,11342,News,Investigating
CR02015,25-08-2025,Delhi,New Delhi,Identity Theft,Critical,Personal,1664744,25497,User Report,Open
CR02016,24-02-2024,Telangana,Hyderabad,DDoS,Critical,Personal,4064169,32706,Organization,Open
CR02017,20-05-2024,Jammu and Kashmir,Jammu,Data Breach,High,Education,4482737,25670,Organization,Investigating
CR02018,27-01-2026,Uttar Pradesh,Kanpur,DDoS,Medium,Government,392258,40294,News,Investigating
CR02019,14-04-2024,Kerala,Thiruvananthapuram,DDoS,Critical,Corporate,1521513,33405,News,Open
CR02020,02-03-2024,Delhi,New Delhi,DDoS,High,Banking,3658649,26973,User Report,Resolved
CR02021,02-08-2025,Madhya Pradesh,Gwalior,Ransomware,Medium,IT,583248,32145,Organization,Resolved
CR02022,15-12-2024,West Bengal,Siliguri,Phishing,Critical,Banking,4306506,8565,Organization,Open
CR02023,01-03-2026,Ladakh,Leh,Phishing,High,Healthcare,1697797,36345,Organization,Resolved
CR02024,02-08-2024,Gujarat,Ahmedabad,Malware,Medium,Education,1065961,40406,User Report,Investigating
CR02025,30-05-2026,Manipur,Imphal,Identity Theft,High,E-commerce,4087434,30004,Organization,Resolved
CR02026,08-07-2025,Meghalaya,Shillong,Malware,Critical,E-commerce,3245845,3246,CERT-In,Investigating
CR02027,08-03-2024,Bihar,Muzaffarpur,Online Fraud,Medium,Government,1199707,14855,Organization,Open
CR02028,30-01-2025,Telangana,Warangal,Identity Theft,Low,Banking,1158456,22011,User Report,Open
CR02029,28-03-2024,Puducherry,Puducherry,Ransomware,Medium,Government,1182582,42239,Organization,Open
CR02030,01-02-2025,Telangana,Hyderabad,DDoS,High,Corporate,4811957,48684,Organization,Open
CR02031,22-12-2024,Rajasthan,Jaipur,Phishing,Low,Personal,4681129,15864,CERT-In,Open
CR02032,05-06-2024,Arunachal Pradesh,Naharlagun,Online Fraud,Medium,Corporate,218961,10275,News,Open
CR02033,06-12-2024,Arunachal Pradesh,Itanagar,Phishing,High,Banking,1081590,43237,News,Investigating
CR02034,27-07-2025,Chhattisgarh,Raipur,Identity Theft,Critical,Personal,4230925,23607,User Report,Open
CR02035,22-02-2025,Delhi,New Delhi,Identity Theft,Medium,Education,2407841,39958,Organization,Open
CR02036,05-04-2026,Uttar Pradesh,Noida,DDoS,High,Government,4414424,26112,CERT-In,Resolved
CR02037,03-12-2024,Odisha,Cuttack,Identity Theft,Medium,Healthcare,863327,31805,Organization,Investigating
CR02038,08-06-2026,Uttar Pradesh,Varanasi,Identity Theft,Critical,Corporate,3400148,22901,News,Open
CR02039,07-05-2024,Rajasthan,Jaipur,Ransomware,High,Healthcare,2360002,46905,Organization,Resolved
CR02040,29-06-2026,Rajasthan,Jaipur,DDoS,High,E-commerce,1748301,41258,User Report,Open
CR02041,04-08-2024,Assam,Dibrugarh,Online Fraud,Medium,Education,768276,27046,User Report,Investigating
CR02042,05-03-2025,Lakshadweep,Kavaratti,Ransomware,High,E-commerce,3237900,2820,User Report,Resolved
CR02043,23-07-2024,Bihar,Gaya,Data Breach,Low,Healthcare,4785245,49324,News,Investigating
CR02044,03-08-2025,Odisha,Cuttack,Phishing,Critical,Healthcare,2939480,42442,CERT-In,Investigating
CR02045,29-03-2026,Manipur,Imphal,Malware,High,IT,4585628,1743,User Report,Investigating
CR02046,13-02-2026,Punjab,Chandigarh,DDoS,Medium,Education,4460289,34323,User Report,Investigating
CR02047,07-03-2026,Punjab,Chandigarh,Data Breach,Medium,Corporate,341865,35493,News,Investigating
CR02048,29-03-2025,Jharkhand,Jamshedpur,Phishing,Critical,Banking,57912,17616,Organization,Investigating
CR02049,16-05-2025,Mizoram,Aizawl,Malware,Low,Corporate,6813,8704,User Report,Investigating
CR02050,19-12-2024,West Bengal,Kolkata,Online Fraud,Low,Personal,3350462,39421,News,Open
CR02051,10-06-2025,Chandigarh,Chandigarh,DDoS,High,Banking,201280,18213,Organization,Investigating
CR02052,03-07-2024,Jharkhand,Ranchi,Online Fraud,High,Healthcare,1039995,44524,User Report,Open
CR02053,28-02-2024,Jharkhand,Jamshedpur,Ransomware,High,E-commerce,2717510,3803,User Report,Resolved
CR02054,31-03-2025,Chandigarh,Chandigarh,Data Breach,Critical,Government,1848521,35599,CERT-In,Investigating
CR02055,12-06-2024,Andaman and Nicobar Islands,Port Blair,DDoS,Critical,Education,2385140,4619,Organization,Open
CR02056,08-10-2025,Rajasthan,Udaipur,Data Breach,High,Healthcare,2104363,29383,User Report,Resolved
CR02057,26-04-2025,Assam,Guwahati,Data Breach,Critical,Personal,664198,22882,Organization,Open
CR02058,07-06-2026,Punjab,Ludhiana,DDoS,Critical,E-commerce,1792742,31968,User Report,Resolved
CR02059,30-08-2025,Jharkhand,Ranchi,Phishing,Low,Healthcare,2451059,26141,News,Resolved
CR02060,18-02-2025,Karnataka,Mangaluru,Malware,Low,Government,1518759,8966,Organization,Open
CR02061,13-03-2024,Gujarat,Rajkot,Phishing,High,Personal,278198,43952,Organization,Resolved
CR02062,01-10-2025,Rajasthan,Udaipur,Identity Theft,Medium,Healthcare,4103920,7175,Organization,Resolved
CR02063,04-06-2025,Telangana,Warangal,Malware,Low,Education,2126101,20374,News,Resolved
CR02064,16-05-2025,Assam,Silchar,Identity Theft,Medium,Education,266504,27145,User Report,Open
CR02065,06-06-2025,Assam,Silchar,Phishing,Medium,E-commerce,4661645,8016,News,Open
CR02066,10-03-2026,Telangana,Warangal,Ransomware,High,IT,4882315,43711,News,Resolved
CR02067,22-10-2025,Himachal Pradesh,Dharamshala,Malware,Low,IT,2431296,44631,CERT-In,Open
CR02068,07-10-2024,Odisha,Cuttack,Online Fraud,High,Government,2679299,24248,CERT-In,Open
CR02069,20-04-2025,Goa,Margao,Data Breach,High,Corporate,242274,25289,News,Resolved
CR02070,03-11-2025,Tripura,Agartala,Identity Theft,Critical,Education,961386,15811,News,Resolved
CR02071,13-04-2024,Chandigarh,Chandigarh,Data Breach,Critical,Corporate,1657614,27517,CERT-In,Resolved
CR02072,10-11-2024,Karnataka,Mysuru,Identity Theft,High,Healthcare,2101613,4068,CERT-In,Open
CR02073,13-10-2024,Telangana,Warangal,Phishing,High,Corporate,4653087,18077,User Report,Investigating
CR02074,09-12-2025,Andaman and Nicobar Islands,Port Blair,Data Breach,High,Healthcare,1548521,49003,Organization,Investigating
CR02075,24-06-2025,Jammu and Kashmir,Jammu,Phishing,Critical,Education,4430294,40570,Organization,Resolved
CR02076,09-07-2025,Chhattisgarh,Bilaspur,Online Fraud,High,Personal,1606019,2766,CERT-In,Investigating
CR02077,09-05-2026,Karnataka,Bengaluru,Phishing,Low,Government,4679255,37871,Organization,Resolved
CR02078,03-12-2025,Delhi,New Delhi,DDoS,High,Corporate,3697607,26940,User Report,Investigating
CR02079,29-05-2024,Himachal Pradesh,Dharamshala,Data Breach,High,Government,4081381,10896,News,Investigating
CR02080,05-02-2026,Meghalaya,Shillong,Ransomware,Medium,IT,4265507,24122,CERT-In,Resolved
CR02081,07-10-2025,Karnataka,Mangaluru,Phishing,High,Personal,4080826,38677,News,Resolved
CR02082,17-03-2026,Gujarat,Ahmedabad,Phishing,Medium,IT,2219912,46820,News,Open
CR02083,28-04-2025,Chhattisgarh,Bilaspur,Malware,High,Banking,1720107,36835,Organization,Resolved
CR02084,16-02-2025,Chandigarh,Chandigarh,Data Breach,Medium,Healthcare,1620028,4023,Organization,Investigating
CR02085,17-11-2025,Tripura,Agartala,Data Breach,Low,Banking,289987,17317,CERT-In,Open
CR02086,25-01-2026,Meghalaya,Shillong,Ransomware,Medium,E-commerce,1372329,46650,Organization,Resolved
CR02087,27-03-2024,Madhya Pradesh,Gwalior,Phishing,High,Corporate,3105291,1430,User Report,Resolved
CR02088,11-07-2025,Jammu and Kashmir,Srinagar,Data Breach,Medium,Government,3993923,32055,Organization,Open
CR02089,02-08-2025,Uttar Pradesh,Lucknow,Online Fraud,Critical,Education,1392627,34453,CERT-In,Open
CR02090,19-12-2024,Dadra and Nagar Haveli and Daman and Diu,Daman,DDoS,Critical,Personal,2715412,14465,News,Investigating
CR02091,23-02-2025,Uttarakhand,Haridwar,Identity Theft,Critical,Banking,1020814,37722,CERT-In,Open
CR02092,29-10-2024,Sikkim,Gangtok,Ransomware,High,IT,3729237,46623,CERT-In,Open
CR02093,27-06-2024,Delhi,New Delhi,Online Fraud,Low,Banking,1815859,9548,CERT-In,Open
CR02094,07-05-2024,Lakshadweep,Kavaratti,Online Fraud,Medium,Healthcare,543792,18090,User Report,Resolved
CR02095,20-06-2025,Jharkhand,Jamshedpur,Ransomware,Medium,E-commerce,2850530,35585,News,Investigating
CR02096,14-07-2025,Sikkim,Gangtok,DDoS,Medium,IT,1870096,6794,CERT-In,Investigating
CR02097,11-04-2026,Punjab,Chandigarh,Online Fraud,Low,E-commerce,518445,29639,CERT-In,Investigating
CR02098,08-05-2024,Haryana,Panipat,Phishing,Critical,Healthcare,3618512,32159,User Report,Open
CR02099,15-11-2024,Dadra and Nagar Haveli and Daman and Diu,Daman,DDoS,High,Personal,2241636,12387,News,Resolved
CR02100,11-05-2026,Jammu and Kashmir,Srinagar,Data Breach,Low,Personal,4435418,33306,CERT-In,Investigating
CR02101,14-05-2025,Andaman and Nicobar Islands,Port Blair,Online Fraud,Critical,Healthcare,1544483,8551,CERT-In,Investigating
CR02102,23-06-2026,Himachal Pradesh,Dharamshala,Ransomware,High,Banking,2132831,18840,News,Open
CR02103,16-08-2025,West Bengal,Siliguri,DDoS,High,IT,852587,36064,Organization,Investigating
CR02104,09-01-2025,Arunachal Pradesh,Naharlagun,Malware,Low,Healthcare,4621927,27610,CERT-In,Resolved
CR02105,09-12-2024,Ladakh,Leh,Data Breach,Critical,Government,490855,28667,Organization,Resolved
CR02106,03-08-2025,Karnataka,Bengaluru,Identity Theft,High,Personal,4233854,46044,CERT-In,Investigating
CR02107,15-08-2025,Maharashtra,Pune,Phishing,High,Corporate,4466622,26567,CERT-In,Resolved
CR02108,11-01-2024,Delhi,New Delhi,Data Breach,High,IT,1462548,40307,Organization,Resolved
CR02109,10-03-2024,Chhattisgarh,Raipur,Data Breach,Critical,E-commerce,2219771,6646,Organization,Investigating
CR02110,23-07-2024,Maharashtra,Nagpur,Data Breach,High,Healthcare,1386101,29970,User Report,Investigating
CR02111,27-05-2024,Uttarakhand,Dehradun,Malware,Low,Banking,2710780,25083,CERT-In,Resolved
CR02112,28-12-2024,Arunachal Pradesh,Itanagar,Phishing,High,IT,4271575,32496,CERT-In,Open
CR02113,29-04-2026,Tamil Nadu,Chennai,DDoS,High,Banking,992396,32783,News,Investigating
CR02114,25-11-2024,Gujarat,Surat,Malware,Medium,Healthcare,2945373,6026,CERT-In,Resolved
CR02115,13-03-2024,Kerala,Kozhikode,Online Fraud,Low,IT,3424506,49464,News,Open
CR02116,07-04-2026,Tripura,Agartala,DDoS,High,Personal,705918,36563,User Report,Open
CR02117,13-01-2025,Madhya Pradesh,Gwalior,Ransomware,Critical,Education,4999970,16193,Organization,Resolved
CR02118,16-10-2025,Meghalaya,Shillong,Online Fraud,High,Banking,4590358,46345,News,Investigating
CR02119,12-08-2025,Tamil Nadu,Madurai,Phishing,Low,Banking,1243751,21384,CERT-In,Resolved
CR02120,26-04-2024,Goa,Margao,Data Breach,Low,Personal,4078770,20085,News,Resolved
CR02121,15-04-2026,Uttarakhand,Dehradun,Online Fraud,Medium,Corporate,2515309,42799,Organization,Investigating
CR02122,09-04-2024,Haryana,Panipat,Ransomware,Low,E-commerce,3254257,49464,CERT-In,Investigating
CR02123,03-07-2026,Arunachal Pradesh,Itanagar,DDoS,Low,IT,879663,26637,News,Open
CR02124,27-09-2024,Lakshadweep,Kavaratti,Malware,Medium,Corporate,618747,35517,News,Resolved
CR02125,12-05-2024,Odisha,Bhubaneswar,Data Breach,Critical,Government,791929,13582,User Report,Investigating
CR02126,21-10-2025,Uttar Pradesh,Varanasi,Ransomware,Critical,Government,1381937,30541,Organization,Resolved
CR02127,17-01-2024,Lakshadweep,Kavaratti,Identity Theft,High,Government,4742520,1601,News,Open
CR02128,09-07-2024,Punjab,Amritsar,Online Fraud,Low,Banking,898926,6805,CERT-In,Resolved
CR02129,13-12-2024,West Bengal,Siliguri,Ransomware,High,Banking,3640358,38575,User Report,Investigating
CR02130,28-11-2024,Uttarakhand,Dehradun,Phishing,Critical,Government,2021451,18846,Organization,Investigating
CR02131,07-11-2025,Gujarat,Rajkot,Online Fraud,Critical,Government,2525296,6103,News,Open
CR02132,30-10-2024,Jammu and Kashmir,Srinagar,Ransomware,Critical,IT,2499364,26729,News,Open
CR02133,21-07-2024,West Bengal,Siliguri,DDoS,Critical,Education,534186,18493,CERT-In,Investigating
CR02134,21-01-2025,Meghalaya,Shillong,Online Fraud,Critical,E-commerce,2867366,5666,User Report,Open
CR02135,25-09-2025,Assam,Dibrugarh,Malware,High,Education,2836059,33956,News,Investigating
CR02136,28-02-2024,Andaman and Nicobar Islands,Port Blair,Online Fraud,High,Government,2285203,14163,Organization,Open
CR02137,08-04-2024,Uttarakhand,Dehradun,Phishing,High,Education,2012036,31632,Organization,Resolved
CR02138,12-04-2024,West Bengal,Kolkata,DDoS,Medium,Government,2736233,135,Organization,Resolved
CR02139,28-01-2026,Arunachal Pradesh,Itanagar,Phishing,Critical,Corporate,2703185,28360,User Report,Open
CR02140,12-02-2025,Lakshadweep,Kavaratti,Phishing,High,Government,2903654,3831,News,Investigating
CR02141,23-02-2024,Uttarakhand,Dehradun,DDoS,Medium,Government,2075179,38554,User Report,Investigating
CR02142,27-03-2025,Ladakh,Leh,Online Fraud,Medium,Corporate,268368,25301,Organization,Resolved
CR02143,08-06-2024,Nagaland,Kohima,Malware,Critical,Corporate,4765870,17180,Organization,Investigating
CR02144,11-08-2025,Rajasthan,Jaipur,Identity Theft,High,E-commerce,1885670,3049,News,Open
CR02145,28-08-2025,Kerala,Kozhikode,Identity Theft,High,Banking,1592914,17508,News,Open
CR02146,14-11-2025,Tripura,Agartala,Ransomware,Critical,Personal,3432792,22725,User Report,Resolved
CR02147,31-10-2024,Tripura,Agartala,DDoS,Critical,Government,1447928,48267,User Report,Open
CR02148,01-09-2025,Odisha,Cuttack,Online Fraud,Low,E-commerce,4451822,1179,News,Investigating
CR02149,30-07-2025,Goa,Panaji,Data Breach,Critical,Government,4610497,28607,User Report,Investigating
CR02150,11-04-2026,Bihar,Gaya,Malware,Critical,Education,752654,36079,News,Open
CR02151,13-06-2026,Assam,Dibrugarh,Data Breach,Medium,Government,4769696,42602,User Report,Open
CR02152,14-01-2024,Andhra Pradesh,Vijayawada,Online Fraud,Low,IT,3556496,36773,Organization,Resolved
CR02153,18-02-2026,Jammu and Kashmir,Srinagar,Phishing,Low,Banking,2593842,44282,CERT-In,Investigating
CR02154,21-11-2025,Ladakh,Leh,Ransomware,Medium,Corporate,3399761,19957,User Report,Open
CR02155,08-11-2024,Tamil Nadu,Madurai,Data Breach,Low,IT,2273780,23838,News,Open
CR02156,05-06-2025,Arunachal Pradesh,Naharlagun,Identity Theft,High,Healthcare,2933195,10350,User Report,Resolved
CR02157,06-10-2025,Bihar,Gaya,Online Fraud,Medium,Banking,4573084,37322,CERT-In,Open
CR02158,21-03-2024,Telangana,Hyderabad,DDoS,Medium,IT,144533,1873,CERT-In,Open
CR02159,20-04-2025,Tripura,Agartala,Data Breach,Critical,E-commerce,3046810,4546,CERT-In,Open
CR02160,23-04-2026,Andaman and Nicobar Islands,Port Blair,Malware,Low,IT,134237,5680,News,Open
CR02161,04-02-2025,Assam,Guwahati,DDoS,High,Corporate,1112803,363,CERT-In,Open
CR02162,05-12-2025,Tamil Nadu,Madurai,Identity Theft,Critical,IT,2733700,28216,CERT-In,Resolved
CR02163,24-07-2024,Punjab,Amritsar,Phishing,Critical,Corporate,3338427,16391,Organization,Investigating
CR02164,28-08-2024,Chhattisgarh,Bilaspur,Phishing,High,Healthcare,227623,36909,CERT-In,Resolved
CR02165,28-01-2024,Bihar,Muzaffarpur,Phishing,Critical,Government,1062211,25753,CERT-In,Open
CR02166,08-12-2025,Puducherry,Puducherry,Data Breach,Medium,Government,1749096,37700,CERT-In,Investigating
CR02167,23-05-2024,Meghalaya,Shillong,Phishing,High,Government,684925,13874,User Report,Open
CR02168,08-04-2026,Nagaland,Kohima,Malware,Low,Healthcare,17360,31057,CERT-In,Open
CR02169,27-12-2025,Haryana,Faridabad,Data Breach,Critical,E-commerce,264878,15153,User Report,Resolved
CR02170,14-02-2025,Sikkim,Gangtok,Data Breach,Critical,Personal,3541902,33932,Organization,Resolved
CR02171,18-08-2025,Delhi,New Delhi,Data Breach,Critical,Personal,3208214,7825,Organization,Investigating
CR02172,11-01-2025,Arunachal Pradesh,Itanagar,Online Fraud,Critical,Corporate,2278122,25948,Organization,Investigating
CR02173,08-12-2024,Assam,Guwahati,Data Breach,High,Healthcare,2672238,23676,News,Open
CR02174,12-07-2024,Assam,Guwahati,Ransomware,Critical,Education,949722,914,User Report,Investigating
CR02175,26-10-2024,Andaman and Nicobar Islands,Port Blair,Malware,Medium,E-commerce,3169245,1871,User Report,Investigating
CR02176,14-06-2026,Andaman and Nicobar Islands,Port Blair,Phishing,Low,Education,1673118,11915,CERT-In,Investigating
CR02177,03-06-2026,Uttar Pradesh,Kanpur,Phishing,High,Government,166709,9711,News,Open
CR02178,01-02-2026,Bihar,Gaya,Malware,Critical,Government,4497465,14702,Organization,Open
CR02179,11-04-2026,Punjab,Ludhiana,Identity Theft,Low,Banking,365244,1208,Organization,Investigating
CR02180,07-02-2026,Bihar,Muzaffarpur,Ransomware,Low,IT,2308284,4130,Organization,Resolved
CR02181,31-07-2024,Jammu and Kashmir,Srinagar,Ransomware,Medium,Government,2083517,45847,Organization,Open
CR02182,04-05-2026,Odisha,Bhubaneswar,Phishing,Low,IT,2991640,20319,News,Investigating
CR02183,19-04-2024,Odisha,Cuttack,Identity Theft,High,IT,4928732,19658,News,Open
CR02184,01-05-2025,Karnataka,Mangaluru,Phishing,High,Government,2863102,8674,News,Investigating
CR02185,29-05-2024,Chhattisgarh,Bilaspur,Phishing,High,Personal,912442,5496,News,Investigating
CR02186,01-10-2025,Jammu and Kashmir,Srinagar,Online Fraud,Critical,Corporate,3881676,34032,News,Investigating
CR02187,24-02-2025,Sikkim,Gangtok,Data Breach,Low,IT,3171753,21143,User Report,Resolved
CR02188,27-07-2025,Mizoram,Aizawl,Data Breach,Medium,Healthcare,4904386,49597,CERT-In,Investigating
CR02189,06-05-2024,Dadra and Nagar Haveli and Daman and Diu,Daman,Ransomware,Medium,Personal,3604211,26655,User Report,Resolved
CR02190,23-02-2024,Mizoram,Aizawl,Phishing,Low,Corporate,2035906,30021,Organization,Resolved
CR02191,13-05-2025,Ladakh,Leh,Identity Theft,Low,Personal,4082283,2509,CERT-In,Open
CR02192,09-07-2026,Haryana,Faridabad,Online Fraud,Medium,Personal,4103539,11269,Organization,Investigating
CR02193,24-10-2024,Puducherry,Puducherry,Identity Theft,Critical,IT,2507568,40235,CERT-In,Open
CR02194,13-06-2024,Haryana,Gurugram,Phishing,Medium,Education,3196758,37440,User Report,Resolved
CR02195,06-11-2024,Jharkhand,Ranchi,Phishing,Critical,Healthcare,1053263,28050,Organization,Investigating
CR02196,15-03-2025,Punjab,Ludhiana,Data Breach,High,IT,105266,48356,News,Resolved
CR02197,06-09-2024,Odisha,Cuttack,DDoS,Critical,E-commerce,3139427,38157,News,Investigating
CR02198,25-07-2025,Nagaland,Dimapur,Online Fraud,Critical,Government,1403088,26885,User Report,Open
CR02199,14-09-2024,Odisha,Bhubaneswar,Identity Theft,Low,IT,1232909,11869,CERT-In,Investigating
CR02200,13-09-2024,Dadra and Nagar Haveli and Daman and Diu,Silvassa,DDoS,Medium,Government,1609765,21486,CERT-In,Open
CR02201,01-03-2024,Madhya Pradesh,Gwalior,Identity Theft,Low,Education,198404,11997,Organization,Resolved
CR02202,08-03-2025,Maharashtra,Pune,Phishing,Critical,Healthcare,1804071,28245,User Report,Open
CR02203,19-03-2025,Himachal Pradesh,Shimla,Data Breach,Low,E-commerce,2562637,17724,News,Investigating
CR02204,18-03-2026,Jharkhand,Ranchi,Phishing,Low,Banking,1924055,44739,User Report,Resolved
CR02205,09-01-2026,Tripura,Agartala,Ransomware,Medium,E-commerce,793029,43872,News,Resolved
CR02206,14-11-2024,Nagaland,Dimapur,Data Breach,Medium,Education,4081435,35388,User Report,Investigating
CR02207,22-07-2024,Lakshadweep,Kavaratti,Phishing,Medium,Healthcare,4182346,11979,Organization,Resolved
CR02208,06-01-2025,Puducherry,Puducherry,Ransomware,Critical,Education,99149,46363,News,Resolved
CR02209,19-05-2024,Kerala,Kochi,Malware,Critical,E-commerce,4877448,24223,Organization,Resolved
CR02210,06-07-2025,West Bengal,Siliguri,Malware,Low,Government,4170405,6089,CERT-In,Resolved
CR02211,03-06-2025,Arunachal Pradesh,Naharlagun,Ransomware,Medium,E-commerce,1774033,44596,Organization,Open
CR02212,28-07-2026,Delhi,New Delhi,Malware,High,Government,411827,11056,User Report,Resolved
CR02213,26-09-2025,Himachal Pradesh,Dharamshala,Ransomware,Critical,Banking,3122380,12257,User Report,Open
CR02214,21-06-2024,Chhattisgarh,Raipur,Data Breach,Critical,Government,1360203,20630,User Report,Resolved
CR02215,13-02-2026,Goa,Panaji,Data Breach,Medium,Personal,2534715,10466,CERT-In,Resolved
CR02216,25-07-2026,Maharashtra,Pune,Malware,High,Education,4970229,36155,CERT-In,Open
CR02217,05-04-2024,Delhi,New Delhi,Malware,Medium,E-commerce,1396449,46769,User Report,Resolved
CR02218,16-07-2026,Kerala,Thiruvananthapuram,Phishing,Low,Education,3612241,32144,User Report,Open
CR02219,20-07-2025,Jammu and Kashmir,Jammu,Online Fraud,Medium,E-commerce,4491950,42617,Organization,Investigating
CR02220,12-01-2024,Ladakh,Leh,Online Fraud,Critical,IT,2724079,1386,News,Investigating
CR02221,19-01-2026,Chandigarh,Chandigarh,Online Fraud,Low,Corporate,2779788,49834,News,Investigating
CR02222,28-06-2025,Tripura,Agartala,Identity Theft,Medium,Government,1515236,44092,User Report,Open
CR02223,01-06-2026,West Bengal,Siliguri,Online Fraud,High,Government,225410,6673,News,Investigating
CR02224,25-06-2025,Bihar,Patna,DDoS,High,Government,2142756,457,News,Investigating
CR02225,01-03-2024,Ladakh,Leh,DDoS,Critical,Government,1931222,3231,CERT-In,Investigating
CR02226,11-10-2024,Himachal Pradesh,Dharamshala,Phishing,Critical,Personal,1344989,6203,User Report,Resolved
CR02227,12-06-2024,Bihar,Patna,Malware,High,Healthcare,1098642,24453,User Report,Investigating
CR02228,26-10-2025,Ladakh,Leh,Malware,Low,IT,1931810,40276,User Report,Investigating
CR02229,05-07-2024,Kerala,Kozhikode,DDoS,Medium,Healthcare,1710288,26626,User Report,Investigating
CR02230,05-09-2025,Rajasthan,Jaipur,Data Breach,Low,E-commerce,274743,30608,Organization,Investigating
CR02231,05-05-2024,Kerala,Thiruvananthapuram,Online Fraud,Low,Government,4370503,8227,News,Investigating
CR02232,05-06-2026,Tamil Nadu,Madurai,Malware,Critical,Healthcare,1975694,5872,CERT-In,Open
CR02233,07-08-2025,Lakshadweep,Kavaratti,Data Breach,Low,IT,3348228,3759,User Report,Investigating
CR02234,01-09-2025,Arunachal Pradesh,Naharlagun,Malware,Medium,Education,3998007,33817,CERT-In,Investigating
CR02235,31-03-2025,Haryana,Faridabad,Identity Theft,Critical,Healthcare,811591,41769,User Report,Investigating
CR02236,17-07-2024,Chandigarh,Chandigarh,Identity Theft,Medium,Personal,1606560,2357,CERT-In,Open
CR02237,15-03-2026,Mizoram,Aizawl,Malware,High,Corporate,4886439,21013,CERT-In,Resolved
CR02238,17-03-2024,Andhra Pradesh,Guntur,Identity Theft,Medium,Corporate,1317232,42628,CERT-In,Resolved
CR02239,13-05-2026,Lakshadweep,Kavaratti,Identity Theft,Low,E-commerce,3884304,40928,CERT-In,Open
CR02240,09-06-2026,Delhi,New Delhi,Malware,Low,Education,480497,9261,Organization,Open
CR02241,05-07-2026,Meghalaya,Shillong,Phishing,Low,IT,3247220,40665,Organization,Resolved
CR02242,21-02-2025,Gujarat,Vadodara,Malware,High,Government,3039743,16074,Organization,Resolved
CR02243,02-12-2024,Bihar,Gaya,Data Breach,Medium,Banking,296340,45423,CERT-In,Open
CR02244,19-12-2025,Assam,Silchar,Online Fraud,Medium,Corporate,2569861,43725,CERT-In,Open
CR02245,22-01-2024,Mizoram,Aizawl,Malware,Critical,E-commerce,4856360,41441,News,Investigating
CR02246,04-07-2025,Nagaland,Dimapur,Ransomware,Low,Education,2998072,41851,News,Investigating
CR02247,05-04-2026,Andhra Pradesh,Vijayawada,DDoS,Low,Personal,2359774,4026,Organization,Resolved
CR02248,16-05-2024,Puducherry,Puducherry,Data Breach,Critical,Healthcare,969358,24608,News,Open
CR02249,11-08-2025,Karnataka,Mysuru,Online Fraud,High,Corporate,2096786,39976,CERT-In,Resolved
CR02250,30-10-2024,Gujarat,Surat,Identity Theft,Low,Government,418014,22593,Organization,Resolved
CR02251,07-07-2025,Jharkhand,Ranchi,Data Breach,Low,IT,3768871,13516,Organization,Resolved
CR02252,30-09-2024,Punjab,Ludhiana,Identity Theft,Medium,E-commerce,3959716,1846,News,Investigating
CR02253,20-06-2025,Maharashtra,Pune,Phishing,High,Government,2922428,23252,News,Resolved
CR02254,02-12-2024,Arunachal Pradesh,Itanagar,Phishing,Low,Personal,371997,43559,CERT-In,Resolved
CR02255,12-11-2024,Telangana,Hyderabad,Data Breach,Low,E-commerce,4901768,21877,CERT-In,Resolved
CR02256,22-03-2026,Jammu and Kashmir,Jammu,Phishing,Medium,Personal,1660662,37493,User Report,Resolved
CR02257,12-06-2026,Kerala,Kozhikode,Phishing,Low,Corporate,2431994,17586,CERT-In,Resolved
CR02258,12-08-2024,Nagaland,Kohima,Ransomware,Critical,Banking,1645259,33909,News,Resolved
CR02259,08-02-2026,Lakshadweep,Kavaratti,Malware,Low,Banking,628689,3772,User Report,Investigating
CR02260,21-07-2026,Delhi,New Delhi,Online Fraud,High,Healthcare,3187171,28959,News,Investigating
CR02261,20-02-2024,Bihar,Muzaffarpur,Malware,Critical,Banking,1028083,15587,News,Investigating
CR02262,13-06-2024,Rajasthan,Jodhpur,Phishing,Low,Education,1041692,45872,News,Open
CR02263,03-09-2025,Dadra and Nagar Haveli and Daman and Diu,Silvassa,Phishing,High,E-commerce,2438805,42251,User Report,Resolved
CR02264,08-12-2024,Nagaland,Dimapur,Malware,High,Government,4484195,22447,Organization,Resolved
CR02265,19-01-2024,Uttarakhand,Haridwar,DDoS,High,Personal,2508204,26430,News,Resolved
CR02266,04-07-2024,Chhattisgarh,Raipur,Identity Theft,Low,E-commerce,3947232,17812,News,Open
CR02267,01-06-2024,Ladakh,Leh,Online Fraud,High,E-commerce,564427,25519,CERT-In,Investigating
CR02268,01-09-2025,Assam,Guwahati,Online Fraud,Low,IT,1882805,45344,CERT-In,Open
CR02269,15-03-2026,Punjab,Ludhiana,Ransomware,Critical,IT,476649,31462,Organization,Investigating
CR02270,30-12-2025,Tamil Nadu,Coimbatore,Malware,Critical,E-commerce,182873,23647,CERT-In,Investigating
CR02271,29-04-2025,Assam,Guwahati,DDoS,High,Corporate,3492547,21983,User Report,Investigating
CR02272,04-06-2024,Tripura,Agartala,DDoS,Medium,Education,2063749,33516,CERT-In,Open
CR02273,23-09-2024,Jammu and Kashmir,Srinagar,Data Breach,Critical,Government,133426,15370,News,Resolved
CR02274,07-01-2025,West Bengal,Siliguri,Online Fraud,Low,Government,704051,41420,User Report,Open
CR02275,27-07-2024,Meghalaya,Shillong,Identity Theft,Medium,Banking,352521,34921,Organization,Resolved
CR02276,12-01-2025,Nagaland,Dimapur,Identity Theft,Low,E-commerce,3221054,3512,News,Investigating
CR02277,15-03-2024,Haryana,Faridabad,Online Fraud,Critical,IT,2648998,44325,News,Resolved
CR02278,02-11-2024,Haryana,Faridabad,Data Breach,High,IT,4344219,47907,User Report,Open
CR02279,04-05-2024,Bihar,Muzaffarpur,DDoS,Low,Banking,1956544,7265,News,Open
CR02280,20-02-2026,Assam,Dibrugarh,Phishing,High,E-commerce,979746,8309,User Report,Open
CR02281,22-02-2026,Puducherry,Puducherry,Malware,Medium,Education,1280874,32990,User Report,Open
CR02282,17-12-2025,Arunachal Pradesh,Itanagar,Identity Theft,High,Education,1254530,33523,Organization,Resolved
CR02283,17-11-2025,Andhra Pradesh,Visakhapatnam,Identity Theft,Critical,Education,1616132,31975,News,Resolved
CR02284,03-09-2025,Assam,Dibrugarh,Malware,Medium,Government,1919857,28450,Organization,Investigating
CR02285,14-02-2026,Puducherry,Puducherry,Identity Theft,High,Government,1344689,49851,Organization,Resolved
CR02286,12-04-2024,Meghalaya,Shillong,Phishing,Medium,Government,873716,42406,CERT-In,Open
CR02287,10-03-2024,Kerala,Kozhikode,DDoS,Medium,E-commerce,3291227,39693,CERT-In,Open
CR02288,19-03-2025,Jharkhand,Jamshedpur,Phishing,Low,Personal,1797896,32311,User Report,Open
CR02289,01-07-2026,Madhya Pradesh,Gwalior,Online Fraud,Critical,Personal,2971486,8782,CERT-In,Open
CR02290,27-12-2024,Tamil Nadu,Chennai,DDoS,High,IT,3452716,13694,News,Resolved
CR02291,10-02-2026,Haryana,Panipat,Ransomware,Critical,IT,786560,12226,User Report,Open
CR02292,22-01-2024,Andaman and Nicobar Islands,Port Blair,Phishing,Low,Personal,3955283,38204,News,Resolved
CR02293,03-09-2025,Arunachal Pradesh,Naharlagun,Identity Theft,Critical,Education,589832,45293,Organization,Open
CR02294,07-04-2024,Jharkhand,Jamshedpur,Data Breach,High,Corporate,1535508,5299,CERT-In,Open
CR02295,13-10-2025,West Bengal,Durgapur,Phishing,Critical,Banking,3577652,23028,News,Investigating
CR02296,24-07-2025,Himachal Pradesh,Dharamshala,Ransomware,High,Education,2168487,890,Organization,Open
CR02297,04-02-2026,Bihar,Gaya,Phishing,Low,IT,4803123,26410,User Report,Open
CR02298,01-09-2025,Manipur,Imphal,Online Fraud,Medium,Banking,3530921,7606,News,Investigating
CR02299,04-11-2025,Telangana,Warangal,Data Breach,Critical,E-commerce,2389268,19456,CERT-In,Investigating
CR02300,13-12-2025,Karnataka,Bengaluru,Ransomware,Low,Banking,1748642,9603,Organization,Resolved
CR02301,11-11-2025,Delhi,New Delhi,Data Breach,High,IT,3987499,38885,User Report,Open
CR02302,20-05-2026,Ladakh,Leh,Phishing,Medium,IT,4798397,17592,Organization,Investigating
CR02303,31-05-2026,Uttarakhand,Dehradun,Ransomware,Medium,Personal,3583813,47224,CERT-In,Resolved
CR02304,24-11-2024,Jharkhand,Ranchi,Identity Theft,Low,Banking,1977599,19659,User Report,Resolved
CR02305,23-01-2025,Uttar Pradesh,Kanpur,Data Breach,Low,Banking,3329383,19728,Organization,Investigating
CR02306,27-06-2025,Delhi,New Delhi,Online Fraud,Critical,Healthcare,1701603,43359,User Report,Open
CR02307,15-11-2024,Karnataka,Mangaluru,Ransomware,Critical,Personal,4693849,38636,User Report,Resolved
CR02308,14-04-2025,Bihar,Gaya,Malware,High,Healthcare,1649771,705,User Report,Open
CR02309,17-11-2024,Tamil Nadu,Coimbatore,Identity Theft,Critical,Corporate,1265760,18406,CERT-In,Investigating
CR02310,20-07-2025,Mizoram,Aizawl,Identity Theft,High,Healthcare,3225671,22263,User Report,Open
CR02311,03-10-2025,Chandigarh,Chandigarh,Phishing,Low,Government,2958827,3186,Organization,Resolved
CR02312,10-06-2026,Chhattisgarh,Raipur,Data Breach,High,E-commerce,4140467,47532,Organization,Resolved
CR02313,08-12-2025,Nagaland,Kohima,Ransomware,Low,Healthcare,3956563,1890,CERT-In,Open
CR02314,10-09-2024,Puducherry,Puducherry,DDoS,High,IT,4665076,47441,Organization,Open
CR02315,29-08-2024,Dadra and Nagar Haveli and Daman and Diu,Daman,Ransomware,High,E-commerce,3514271,36867,Organization,Resolved
CR02316,05-01-2025,Telangana,Warangal,Ransomware,Low,Healthcare,3358446,18659,Organization,Open
CR02317,12-03-2024,Andaman and Nicobar Islands,Port Blair,Online Fraud,Medium,E-commerce,232149,11615,News,Investigating
CR02318,11-05-2026,West Bengal,Durgapur,Online Fraud,Low,E-commerce,679668,8719,Organization,Resolved
CR02319,15-05-2024,Ladakh,Leh,Online Fraud,Medium,Banking,858039,15519,News,Resolved
CR02320,12-12-2024,Puducherry,Puducherry,DDoS,High,Banking,4836206,19475,CERT-In,Resolved
CR02321,10-06-2024,Haryana,Panipat,Ransomware,Critical,IT,362819,49337,Organization,Open
CR02322,23-03-2024,Ladakh,Leh,Identity Theft,Low,IT,1685943,20953,Organization,Open
CR02323,02-05-2024,Tripura,Agartala,DDoS,High,Corporate,4665805,5554,News,Resolved
CR02324,31-08-2025,Mizoram,Aizawl,Data Breach,High,Corporate,4699517,5214,CERT-In,Open
CR02325,16-04-2025,Rajasthan,Jaipur,Malware,High,Banking,3220721,3202,News,Resolved
CR02326,17-07-2025,Tripura,Agartala,Malware,Low,Personal,3168757,11688,CERT-In,Resolved
CR02327,24-08-2024,Kerala,Kozhikode,Malware,Critical,Banking,2387252,27573,Organization,Resolved
CR02328,16-09-2025,Bihar,Patna,Data Breach,Low,Healthcare,1401870,15062,User Report,Investigating
CR02329,17-07-2026,Odisha,Cuttack,Malware,Low,Healthcare,3668665,30390,News,Open
CR02330,25-11-2025,West Bengal,Siliguri,Data Breach,Critical,IT,2435632,44997,Organization,Investigating
CR02331,15-05-2026,Uttar Pradesh,Kanpur,Ransomware,Medium,Banking,1004657,6346,News,Investigating
CR02332,24-03-2024,Haryana,Gurugram,DDoS,Critical,Banking,2405850,11734,Organization,Resolved
CR02333,24-11-2024,Chandigarh,Chandigarh,Malware,Low,Education,3940502,18184,CERT-In,Investigating
CR02334,06-06-2024,Andaman and Nicobar Islands,Port Blair,Online Fraud,Critical,IT,4250496,29488,News,Investigating
CR02335,23-11-2025,Bihar,Muzaffarpur,Ransomware,Medium,Personal,827286,4561,CERT-In,Investigating
CR02336,12-05-2025,Uttarakhand,Dehradun,Identity Theft,Medium,IT,4490120,18791,User Report,Open
CR02337,08-06-2026,Andhra Pradesh,Visakhapatnam,Phishing,Low,E-commerce,3059694,34005,Organization,Open
CR02338,03-08-2024,Assam,Guwahati,Data Breach,High,IT,1778408,6324,Organization,Resolved
CR02339,27-10-2024,Bihar,Muzaffarpur,Ransomware,Critical,Personal,3873916,24591,User Report,Open
CR02340,11-04-2026,Karnataka,Mangaluru,DDoS,Medium,Healthcare,2800905,12748,Organization,Resolved
CR02341,13-11-2025,Tripura,Agartala,Malware,Low,Education,1159978,48241,News,Open
CR02342,02-10-2024,Odisha,Cuttack,Ransomware,Low,IT,2675686,28624,User Report,Investigating
CR02343,31-12-2024,Rajasthan,Jodhpur,DDoS,Medium,E-commerce,4205022,42805,News,Open
CR02344,22-04-2026,Rajasthan,Jodhpur,Phishing,Low,Banking,4531046,32871,News,Resolved
CR02345,01-09-2025,Karnataka,Bengaluru,Data Breach,Critical,Personal,1090006,3426,Organization,Resolved
CR02346,20-02-2024,Meghalaya,Shillong,Phishing,Medium,Corporate,428273,37489,User Report,Open
CR02347,26-01-2026,Tripura,Agartala,Data Breach,Critical,Healthcare,2226560,43723,User Report,Resolved
CR02348,03-04-2024,Karnataka,Mangaluru,Phishing,Medium,Banking,2296928,36520,User Report,Resolved
CR02349,19-09-2025,Mizoram,Aizawl,Online Fraud,Low,Personal,4877568,17217,Organization,Investigating
CR02350,22-07-2026,Tripura,Agartala,DDoS,Low,Government,1431221,43424,User Report,Investigating
CR02351,11-08-2025,Goa,Margao,Malware,High,Government,2499230,26405,User Report,Resolved
CR02352,03-06-2024,Kerala,Kochi,Online Fraud,Low,Education,2872597,47025,User Report,Open
CR02353,16-02-2025,Andaman and Nicobar Islands,Port Blair,Malware,Critical,IT,4415818,49995,News,Resolved
CR02354,05-10-2024,Arunachal Pradesh,Naharlagun,Ransomware,Medium,Education,4543467,781,Organization,Resolved
CR02355,18-03-2026,Nagaland,Kohima,Phishing,Medium,Banking,1104507,39550,Organization,Resolved
CR02356,16-03-2024,Chandigarh,Chandigarh,Ransomware,Critical,Corporate,154865,27832,Organization,Resolved
CR02357,21-01-2026,Jammu and Kashmir,Srinagar,Malware,Critical,Personal,579176,30232,CERT-In,Resolved
CR02358,23-07-2026,Uttar Pradesh,Lucknow,Malware,High,Education,128160,1940,User Report,Resolved
CR02359,27-06-2024,Mizoram,Aizawl,Malware,Low,Healthcare,1769286,44814,Organization,Resolved
CR02360,20-11-2025,Himachal Pradesh,Shimla,Ransomware,Critical,Healthcare,2272496,1516,CERT-In,Investigating
CR02361,26-03-2026,Uttar Pradesh,Lucknow,Malware,Medium,Corporate,3473380,14057,Organization,Resolved
CR02362,03-12-2024,Odisha,Bhubaneswar,Identity Theft,Low,Banking,2369003,14456,User Report,Resolved
CR02363,17-06-2026,Andhra Pradesh,Guntur,Ransomware,High,Education,2938350,17987,User Report,Investigating
CR02364,16-10-2025,Goa,Panaji,DDoS,High,Banking,1698179,47928,CERT-In,Resolved
CR02365,14-03-2024,Tamil Nadu,Madurai,Malware,High,Education,2394468,32208,CERT-In,Investigating
CR02366,06-07-2024,Puducherry,Puducherry,Phishing,High,Government,188394,18514,CERT-In,Resolved
CR02367,03-04-2024,Karnataka,Mysuru,Phishing,High,Banking,4755573,11537,News,Resolved
CR02368,07-05-2025,Assam,Guwahati,DDoS,Medium,Healthcare,1182025,24546,CERT-In,Resolved
CR02369,21-02-2025,Ladakh,Leh,Data Breach,Critical,IT,2382695,23950,News,Resolved
CR02370,24-10-2025,Delhi,New Delhi,Malware,Critical,E-commerce,537381,9339,Organization,Investigating
CR02371,15-04-2025,Odisha,Bhubaneswar,Ransomware,Critical,E-commerce,1483260,1926,CERT-In,Investigating
CR02372,27-03-2024,Andaman and Nicobar Islands,Port Blair,Identity Theft,Medium,Education,3596776,9109,User Report,Investigating
CR02373,30-06-2025,Assam,Guwahati,Ransomware,Medium,Banking,1883906,474,Organization,Investigating
CR02374,18-08-2024,Rajasthan,Jodhpur,Malware,High,Corporate,4424541,12000,CERT-In,Resolved
CR02375,24-04-2026,Arunachal Pradesh,Itanagar,Ransomware,Critical,Personal,1590708,37196,News,Open
CR02376,12-04-2026,Punjab,Amritsar,Ransomware,Medium,Government,1708391,13963,CERT-In,Open
CR02377,07-01-2024,Andaman and Nicobar Islands,Port Blair,Online Fraud,Low,IT,1285247,48910,CERT-In,Resolved
CR02378,18-03-2026,Uttarakhand,Haridwar,Phishing,High,Personal,1696857,10350,CERT-In,Open
CR02379,24-04-2025,Odisha,Cuttack,Data Breach,Medium,Banking,1442624,2384,News,Resolved
CR02380,01-09-2024,Kerala,Kozhikode,Online Fraud,High,E-commerce,1862981,49250,News,Investigating
CR02381,27-03-2025,Mizoram,Aizawl,Ransomware,Medium,Education,1845928,42484,User Report,Open
CR02382,26-10-2025,Arunachal Pradesh,Naharlagun,Identity Theft,Critical,Government,1298680,37588,Organization,Investigating
CR02383,09-05-2024,Uttarakhand,Haridwar,DDoS,High,Healthcare,3470383,49664,Organization,Investigating
CR02384,06-07-2026,Tripura,Agartala,Malware,Medium,IT,1150819,37778,Organization,Open
CR02385,04-05-2025,Arunachal Pradesh,Itanagar,Ransomware,Medium,IT,3604963,23684,Organization,Resolved
CR02386,26-05-2024,Maharashtra,Nashik,Ransomware,Low,Government,384699,19306,Organization,Open
CR02387,05-04-2026,Lakshadweep,Kavaratti,Ransomware,Critical,Education,454824,44986,Organization,Open
CR02388,17-09-2025,Rajasthan,Jaipur,Data Breach,Low,Government,2013101,23833,CERT-In,Investigating
CR02389,16-11-2024,Jammu and Kashmir,Srinagar,Phishing,Medium,Personal,2915630,4405,Organization,Investigating
CR02390,07-05-2024,Andhra Pradesh,Guntur,Phishing,Medium,Education,1591440,22688,CERT-In,Investigating
CR02391,23-07-2026,Telangana,Hyderabad,Identity Theft,High,Government,1786110,28791,Organization,Open
CR02392,04-04-2026,Madhya Pradesh,Bhopal,Identity Theft,High,E-commerce,2111963,35531,News,Open
CR02393,21-02-2024,Telangana,Warangal,Malware,Medium,Corporate,473198,40067,Organization,Investigating
CR02394,23-03-2026,Andaman and Nicobar Islands,Port Blair,Identity Theft,Low,Healthcare,1298916,45979,User Report,Resolved
CR02395,15-02-2026,Himachal Pradesh,Shimla,Ransomware,Critical,Government,3141316,17625,CERT-In,Open
CR02396,19-05-2024,Dadra and Nagar Haveli and Daman and Diu,Daman,Data Breach,Low,Healthcare,3494094,39739,User Report,Investigating
CR02397,12-01-2026,Tamil Nadu,Coimbatore,Identity Theft,Critical,Healthcare,4358154,6450,News,Resolved
CR02398,16-11-2024,Goa,Margao,Data Breach,High,Government,2332933,2052,CERT-In,Open
CR02399,02-09-2025,Assam,Dibrugarh,Identity Theft,High,IT,742654,38105,CERT-In,Open
CR02400,29-09-2025,Himachal Pradesh,Dharamshala,Malware,Medium,Healthcare,3311185,33296,User Report,Investigating
CR02401,25-10-2025,Telangana,Warangal,Identity Theft,High,IT,2017090,45475,User Report,Resolved
CR02402,25-03-2025,Tamil Nadu,Madurai,DDoS,Critical,Healthcare,1762969,16031,CERT-In,Open
CR02403,13-06-2026,Maharashtra,Nashik,Malware,High,Personal,2507906,6674,News,Investigating
CR02404,14-10-2024,Mizoram,Aizawl,Ransomware,Medium,Government,2780166,49058,User Report,Open
CR02405,12-04-2026,West Bengal,Kolkata,DDoS,Critical,Banking,772506,15714,Organization,Resolved
CR02406,27-06-2026,Ladakh,Leh,Ransomware,Medium,IT,4366748,41903,User Report,Resolved
CR02407,08-07-2024,Kerala,Kochi,Online Fraud,Low,Corporate,2354991,24003,News,Resolved
CR02408,08-04-2026,Karnataka,Mangaluru,Phishing,Critical,Corporate,272832,33063,Organization,Open
CR02409,26-10-2025,Uttarakhand,Dehradun,Phishing,High,Corporate,3049329,27153,Organization,Investigating
CR02410,23-12-2025,Tamil Nadu,Madurai,DDoS,Critical,E-commerce,187089,34879,CERT-In,Open
CR02411,08-09-2025,Himachal Pradesh,Dharamshala,Phishing,Low,Corporate,3662851,26812,CERT-In,Open
CR02412,05-03-2024,Kerala,Thiruvananthapuram,Ransomware,Medium,IT,4586748,38184,User Report,Resolved
CR02413,17-10-2025,Manipur,Imphal,Online Fraud,High,Banking,1600816,28381,CERT-In,Resolved
CR02414,06-07-2025,Ladakh,Leh,Data Breach,High,Education,3579410,45749,User Report,Investigating
CR02415,01-06-2026,Ladakh,Leh,Ransomware,Medium,Personal,796469,48405,Organization,Resolved
CR02416,21-12-2024,Karnataka,Mangaluru,Ransomware,High,E-commerce,975096,28622,User Report,Open
CR02417,08-11-2025,Sikkim,Gangtok,Identity Theft,High,Healthcare,4397231,13003,Organization,Investigating
CR02418,05-09-2024,West Bengal,Durgapur,Identity Theft,Low,Government,4268764,29716,Organization,Open
CR02419,05-05-2025,Uttar Pradesh,Kanpur,Online Fraud,Low,Banking,4713930,16478,CERT-In,Open
CR02420,07-11-2024,Sikkim,Gangtok,Phishing,Medium,Personal,1039239,31017,Organization,Resolved
CR02421,23-09-2025,Nagaland,Kohima,Data Breach,High,Personal,2936893,28966,News,Resolved
CR02422,17-10-2024,Meghalaya,Shillong,Malware,Medium,Healthcare,1230679,9550,News,Investigating
CR02423,11-11-2024,Nagaland,Kohima,Data Breach,Medium,E-commerce,1785905,35763,User Report,Investigating
CR02424,01-04-2025,Andhra Pradesh,Guntur,Data Breach,High,Education,3099643,4686,User Report,Resolved
CR02425,24-05-2025,Delhi,New Delhi,Malware,Medium,Corporate,2751752,12191,User Report,Open
CR02426,03-12-2025,Tripura,Agartala,Online Fraud,Medium,Government,506968,19224,News,Investigating
CR02427,06-02-2025,Haryana,Gurugram,Ransomware,Low,Corporate,3419882,31586,User Report,Resolved
CR02428,17-01-2026,Gujarat,Surat,Online Fraud,Medium,Banking,2756423,6479,News,Investigating
CR02429,01-07-2026,Dadra and Nagar Haveli and Daman and Diu,Daman,DDoS,High,IT,3188516,44716,CERT-In,Open
CR02430,28-03-2024,Arunachal Pradesh,Naharlagun,Identity Theft,Critical,Corporate,1104507,10632,Organization,Open
CR02431,04-07-2024,Chhattisgarh,Raipur,Phishing,Low,IT,2135191,43467,Organization,Investigating
CR02432,18-06-2025,Chhattisgarh,Raipur,Identity Theft,Critical,Corporate,323007,39882,News,Open
CR02433,26-07-2024,Madhya Pradesh,Gwalior,Ransomware,Critical,Government,586249,27340,News,Open
CR02434,08-04-2026,Mizoram,Aizawl,Phishing,Critical,Corporate,3280252,49779,User Report,Investigating
CR02435,16-03-2025,Chhattisgarh,Bilaspur,DDoS,Low,Education,4633373,471,Organization,Investigating
CR02436,27-10-2024,Puducherry,Puducherry,DDoS,Medium,Education,4848296,10876,News,Open
CR02437,12-01-2025,Maharashtra,Pune,Ransomware,Medium,Banking,541696,41400,CERT-In,Open
CR02438,17-02-2025,Dadra and Nagar Haveli and Daman and Diu,Silvassa,Phishing,Critical,Healthcare,3834302,14806,User Report,Investigating
CR02439,15-08-2025,Sikkim,Gangtok,DDoS,Low,Banking,3854906,16143,Organization,Open
CR02440,16-06-2025,Haryana,Panipat,Online Fraud,Medium,Corporate,2270798,33011,News,Open
CR02441,25-04-2026,Kerala,Kozhikode,Data Breach,High,IT,1022232,40809,CERT-In,Resolved
CR02442,06-05-2025,Haryana,Faridabad,DDoS,Medium,Personal,2282858,38562,News,Open
CR02443,25-11-2024,Uttar Pradesh,Lucknow,Identity Theft,High,Banking,484903,48997,CERT-In,Resolved
CR02444,18-12-2025,Telangana,Warangal,Online Fraud,Low,Personal,1074318,16489,User Report,Resolved
CR02445,24-01-2024,Himachal Pradesh,Dharamshala,DDoS,Medium,Personal,2066686,21127,CERT-In,Investigating
CR02446,05-05-2025,Meghalaya,Shillong,Malware,Critical,Education,3549398,27537,CERT-In,Resolved
CR02447,25-06-2026,Nagaland,Kohima,Identity Theft,Low,Government,3014949,45339,Organization,Resolved
CR02448,18-09-2024,Manipur,Imphal,Data Breach,Medium,Government,4228759,43472,Organization,Resolved
CR02449,05-03-2024,West Bengal,Durgapur,DDoS,Medium,Corporate,854318,40081,News,Resolved
CR02450,08-01-2024,Uttar Pradesh,Varanasi,Phishing,High,Banking,3166868,12726,Organization,Investigating
CR02451,03-04-2024,Gujarat,Surat,Identity Theft,Low,Education,2550232,28023,CERT-In,Resolved
CR02452,14-10-2024,Karnataka,Mangaluru,Ransomware,Low,IT,3967058,12771,Organization,Open
CR02453,17-03-2026,Bihar,Muzaffarpur,Online Fraud,Critical,Banking,146292,37406,News,Resolved
CR02454,02-02-2025,Kerala,Kozhikode,Phishing,Low,Healthcare,3729767,31609,News,Open
CR02455,01-09-2025,Odisha,Cuttack,Online Fraud,Low,Healthcare,2630407,43453,CERT-In,Investigating
CR02456,17-10-2024,Haryana,Faridabad,Ransomware,High,Education,1846646,43417,News,Resolved
CR02457,11-09-2025,Delhi,New Delhi,DDoS,Low,Government,4166920,28187,Organization,Investigating
CR02458,25-02-2024,Dadra and Nagar Haveli and Daman and Diu,Daman,Identity Theft,High,Education,2489088,14198,Organization,Open
CR02459,28-02-2025,Manipur,Imphal,Online Fraud,Critical,Government,3246411,38570,Organization,Resolved
CR02460,03-05-2025,Meghalaya,Shillong,Data Breach,High,IT,4934190,45737,Organization,Investigating
CR02461,09-07-2025,Puducherry,Puducherry,Online Fraud,Low,Banking,891712,27662,CERT-In,Open
CR02462,14-09-2025,West Bengal,Durgapur,Phishing,High,Government,2000011,4261,News,Open
CR02463,24-07-2025,Sikkim,Gangtok,Ransomware,Low,E-commerce,3248859,1570,CERT-In,Resolved
CR02464,27-01-2026,Assam,Dibrugarh,DDoS,Medium,Personal,2156905,49943,News,Open
CR02465,05-11-2024,Kerala,Thiruvananthapuram,Online Fraud,High,Government,431370,48949,User Report,Open
CR02466,18-03-2025,Madhya Pradesh,Indore,Identity Theft,High,Education,4278521,40852,CERT-In,Investigating
CR02467,20-04-2024,Rajasthan,Udaipur,Ransomware,Critical,Personal,1774558,3435,CERT-In,Investigating
CR02468,28-04-2024,Maharashtra,Nashik,DDoS,Critical,Corporate,3966455,24581,CERT-In,Open
CR02469,10-01-2026,Odisha,Cuttack,Phishing,Medium,Corporate,2510777,22135,Organization,Investigating
CR02470,27-09-2024,Manipur,Imphal,DDoS,High,Healthcare,1811888,23594,Organization,Investigating
CR02471,24-06-2025,Jharkhand,Jamshedpur,Ransomware,Medium,Healthcare,916147,6443,User Report,Investigating
CR02472,08-06-2026,Tamil Nadu,Coimbatore,Phishing,Critical,IT,1959355,13813,User Report,Investigating
CR02473,16-08-2025,Ladakh,Leh,Data Breach,Low,E-commerce,3091311,20914,User Report,Resolved
CR02474,25-01-2025,Mizoram,Aizawl,Online Fraud,Critical,Government,4032647,13212,Organization,Open
CR02475,31-10-2025,Odisha,Bhubaneswar,Identity Theft,Low,Government,2083787,38701,Organization,Investigating
CR02476,23-06-2025,Nagaland,Dimapur,Data Breach,Low,Corporate,2477511,44860,CERT-In,Resolved
CR02477,20-04-2025,Haryana,Panipat,Phishing,Medium,Banking,4733513,41440,News,Investigating
CR02478,05-12-2025,Lakshadweep,Kavaratti,Identity Theft,High,Education,1104449,21426,News,Open
CR02479,16-04-2026,Puducherry,Puducherry,Phishing,Medium,Education,2082525,32205,News,Open
CR02480,14-01-2024,Arunachal Pradesh,Itanagar,Identity Theft,Critical,Banking,3795318,11294,Organization,Resolved
CR02481,11-02-2026,Odisha,Cuttack,Online Fraud,Critical,IT,2870196,4906,News,Open
CR02482,26-09-2025,Ladakh,Leh,Ransomware,High,Healthcare,2963373,34363,CERT-In,Resolved
CR02483,29-09-2025,Madhya Pradesh,Gwalior,Phishing,Medium,Government,3558044,16572,Organization,Investigating
CR02484,30-05-2026,Jharkhand,Jamshedpur,DDoS,Low,Education,1834013,1392,User Report,Open
CR02485,27-02-2026,Nagaland,Kohima,Ransomware,High,Healthcare,952213,38991,News,Resolved
CR02486,06-06-2026,Jharkhand,Ranchi,Online Fraud,Low,Personal,4890306,31389,Organization,Resolved
CR02487,18-04-2026,Tamil Nadu,Chennai,DDoS,Critical,Personal,3496063,45005,CERT-In,Open
CR02488,09-06-2026,Karnataka,Mysuru,Phishing,High,IT,1947606,47526,Organization,Investigating
CR02489,17-09-2024,West Bengal,Durgapur,Malware,Low,Personal,31387,47783,CERT-In,Resolved
CR02490,02-05-2025,Punjab,Chandigarh,Online Fraud,Critical,Government,2387445,46651,News,Resolved
CR02491,03-02-2026,Puducherry,Puducherry,Identity Theft,Low,Personal,3135470,30533,User Report,Investigating
CR02492,01-05-2025,Chandigarh,Chandigarh,Identity Theft,High,Education,4780074,2126,User Report,Investigating
CR02493,18-12-2025,Jharkhand,Ranchi,Online Fraud,Low,Corporate,807417,30804,User Report,Investigating
CR02494,10-06-2025,Mizoram,Aizawl,Malware,Medium,Banking,2416513,45243,User Report,Investigating
CR02495,13-08-2024,West Bengal,Durgapur,Phishing,Low,Personal,4790476,9882,CERT-In,Investigating
CR02496,07-09-2024,Mizoram,Aizawl,DDoS,Low,Government,668519,15103,CERT-In,Investigating
CR02497,20-01-2025,Lakshadweep,Kavaratti,Online Fraud,High,Healthcare,1733222,20673,News,Open
CR02498,17-05-2024,Assam,Silchar,Online Fraud,Medium,Personal,2692806,6694,Organization,Open
CR02499,26-03-2025,West Bengal,Kolkata,Ransomware,Medium,E-commerce,3882021,26978,News,Open
CR02500,13-06-2026,Ladakh,Leh,Online Fraud,Critical,E-commerce,862413,24219,News,Open
CR02501,26-08-2025,Chhattisgarh,Bilaspur,Phishing,Critical,Corporate,661603,44498,News,Investigating
CR02502,13-06-2024,Tripura,Agartala,Online Fraud,High,Banking,3320822,36932,News,Resolved
CR02503,01-08-2024,Andaman and Nicobar Islands,Port Blair,Ransomware,Medium,Banking,407492,48707,News,Investigating
CR02504,31-07-2024,Dadra and Nagar Haveli and Daman and Diu,Silvassa,DDoS,High,Government,4011035,47440,CERT-In,Investigating
CR02505,17-05-2026,Punjab,Chandigarh,Phishing,Low,Banking,213505,21817,News,Investigating
CR02506,12-04-2026,Assam,Guwahati,Online Fraud,Low,Corporate,1191483,22343,CERT-In,Resolved
CR02507,10-04-2024,Andaman and Nicobar Islands,Port Blair,Identity Theft,Medium,Government,1212849,43833,News,Open
CR02508,18-09-2024,Nagaland,Dimapur,Malware,Low,Education,596399,21281,CERT-In,Open
CR02509,26-06-2026,Assam,Dibrugarh,Data Breach,Critical,IT,3722621,30248,CERT-In,Open
CR02510,24-03-2025,Assam,Dibrugarh,Online Fraud,Low,Corporate,3401935,23396,CERT-In,Open
CR02511,05-10-2024,Chhattisgarh,Bilaspur,Identity Theft,Low,IT,1265398,40336,Organization,Open
CR02512,09-02-2024,Tamil Nadu,Madurai,DDoS,High,Government,3087861,11779,Organization,Investigating
CR02513,12-04-2025,Puducherry,Puducherry,Identity Theft,Medium,E-commerce,1914240,18424,User Report,Open
CR02514,17-04-2025,Andhra Pradesh,Visakhapatnam,Malware,Critical,Government,4105107,17805,User Report,Investigating
CR02515,17-04-2024,Puducherry,Puducherry,Ransomware,Medium,Personal,808540,11214,CERT-In,Investigating
CR02516,15-03-2024,Haryana,Faridabad,Ransomware,Low,Personal,3680982,43793,CERT-In,Open
CR02517,11-11-2024,Uttar Pradesh,Lucknow,Ransomware,Low,E-commerce,1118834,20534,Organization,Resolved
CR02518,04-03-2025,Delhi,New Delhi,Phishing,High,IT,907478,32264,News,Resolved
CR02519,14-08-2025,Chhattisgarh,Raipur,DDoS,Medium,E-commerce,1899563,8488,News,Open
CR02520,02-06-2024,West Bengal,Durgapur,Identity Theft,High,Banking,3485221,19718,User Report,Resolved
CR02521,25-09-2025,Telangana,Hyderabad,DDoS,Low,Government,248007,17315,CERT-In,Resolved
CR02522,12-12-2024,Dadra and Nagar Haveli and Daman and Diu,Daman,Phishing,High,E-commerce,4616083,16261,Organization,Investigating
CR02523,31-03-2024,Ladakh,Leh,Phishing,High,Education,867895,32218,CERT-In,Open
CR02524,18-06-2026,Nagaland,Dimapur,Malware,High,Healthcare,1921071,20756,CERT-In,Resolved
CR02525,12-05-2025,Madhya Pradesh,Bhopal,Data Breach,Critical,Banking,885186,38575,User Report,Resolved
CR02526,15-04-2026,Andhra Pradesh,Visakhapatnam,Malware,Medium,Banking,389292,10368,User Report,Investigating
CR02527,22-07-2025,Chandigarh,Chandigarh,Malware,Low,Personal,620230,8578,Organization,Open
CR02528,09-06-2026,Gujarat,Vadodara,Online Fraud,High,Corporate,4655299,21888,News,Resolved
CR02529,12-02-2026,Arunachal Pradesh,Naharlagun,Data Breach,Low,Personal,1916226,16860,News,Open
CR02530,14-07-2026,Delhi,New Delhi,Ransomware,Critical,Government,1290773,25890,Organization,Open
CR02531,02-02-2026,Maharashtra,Pune,Data Breach,Critical,IT,1602509,13605,News,Resolved
CR02532,02-03-2025,Jharkhand,Ranchi,Ransomware,Critical,IT,951413,49187,CERT-In,Resolved
CR02533,20-07-2024,Gujarat,Rajkot,Data Breach,Low,Government,3420282,14918,User Report,Resolved
CR02534,28-11-2025,Karnataka,Mangaluru,Ransomware,Medium,E-commerce,4709297,30826,News,Open
CR02535,17-04-2026,Nagaland,Kohima,Online Fraud,Low,Education,1169287,2914,News,Open
CR02536,02-09-2025,Maharashtra,Mumbai,DDoS,High,Banking,3183809,38964,Organization,Resolved
CR02537,07-03-2024,Uttarakhand,Haridwar,DDoS,Critical,Corporate,3574481,3123,Organization,Open
CR02538,02-06-2026,Arunachal Pradesh,Naharlagun,Malware,High,E-commerce,3893014,7412,Organization,Open
CR02539,15-03-2026,Nagaland,Dimapur,DDoS,Low,Healthcare,911311,30054,Organization,Open
CR02540,01-01-2026,Mizoram,Aizawl,DDoS,Critical,IT,305911,42380,Organization,Investigating
CR02541,05-03-2024,Mizoram,Aizawl,Phishing,Medium,IT,330898,22177,News,Open
CR02542,05-08-2024,Tripura,Agartala,Malware,Critical,IT,2947803,12739,User Report,Resolved
CR02543,31-08-2024,Haryana,Panipat,Online Fraud,Critical,E-commerce,680484,955,User Report,Investigating
CR02544,25-01-2025,Arunachal Pradesh,Itanagar,Malware,Low,Education,4604413,32219,News,Investigating
CR02545,11-10-2024,Ladakh,Leh,DDoS,High,Corporate,3095529,8174,News,Resolved
CR02546,05-02-2025,Sikkim,Gangtok,DDoS,High,Education,533613,40165,News,Investigating
CR02547,05-04-2024,Gujarat,Rajkot,Phishing,Low,Corporate,1983482,43233,News,Open
CR02548,26-05-2024,Maharashtra,Pune,Phishing,Critical,Banking,1379051,25592,CERT-In,Investigating
CR02549,17-01-2025,Lakshadweep,Kavaratti,Online Fraud,Critical,Banking,3527861,14202,User Report,Investigating
CR02550,06-09-2024,Puducherry,Puducherry,Phishing,High,E-commerce,2124609,14490,User Report,Open
CR02551,16-01-2026,Chhattisgarh,Bilaspur,Online Fraud,Low,Banking,4147775,30146,Organization,Investigating
CR02552,08-10-2025,Nagaland,Dimapur,Online Fraud,Medium,Banking,3373875,22489,Organization,Open
CR02553,29-05-2024,Madhya Pradesh,Indore,Malware,High,Education,2032233,10225,CERT-In,Resolved
CR02554,10-04-2026,Odisha,Cuttack,Data Breach,Low,Corporate,1878974,11022,News,Resolved
CR02555,21-03-2025,Goa,Margao,Identity Theft,Low,Corporate,4277961,25094,CERT-In,Open
CR02556,23-07-2024,Manipur,Imphal,Ransomware,Low,IT,4348764,12654,CERT-In,Open
CR02557,29-05-2025,Tamil Nadu,Madurai,Phishing,Critical,Banking,2889345,7848,User Report,Resolved
CR02558,07-07-2024,Delhi,New Delhi,Data Breach,Low,IT,3711125,5654,CERT-In,Investigating
CR02559,15-07-2024,Andhra Pradesh,Guntur,Identity Theft,Critical,E-commerce,2623431,8709,User Report,Investigating
CR02560,28-04-2024,Goa,Margao,Data Breach,Low,Banking,4658334,28941,News,Resolved
CR02561,12-04-2025,Odisha,Cuttack,Phishing,Medium,Healthcare,982269,24874,Organization,Open
CR02562,18-03-2024,Andaman and Nicobar Islands,Port Blair,Phishing,Low,Banking,4276890,38891,User Report,Investigating
CR02563,05-07-2025,Tamil Nadu,Madurai,Malware,Medium,Government,463477,10391,User Report,Resolved
CR02564,19-12-2024,Gujarat,Ahmedabad,Phishing,Critical,Government,3964172,9929,CERT-In,Open
CR02565,23-09-2024,Andaman and Nicobar Islands,Port Blair,Online Fraud,Medium,Healthcare,1468775,9692,CERT-In,Resolved
CR02566,02-04-2024,West Bengal,Siliguri,Online Fraud,High,Corporate,3368764,7995,News,Investigating
CR02567,08-12-2025,Kerala,Thiruvananthapuram,Data Breach,Critical,Government,574998,26191,Organization,Open
CR02568,20-05-2024,Gujarat,Ahmedabad,Malware,High,Government,1700015,20889,User Report,Open
CR02569,15-04-2025,Haryana,Faridabad,Phishing,Medium,Personal,3078215,41735,User Report,Investigating
CR02570,08-12-2025,Andhra Pradesh,Guntur,Malware,High,Education,1049331,25609,User Report,Resolved
CR02571,28-05-2026,Kerala,Thiruvananthapuram,DDoS,Medium,Education,2761817,13856,CERT-In,Open
CR02572,22-02-2024,Puducherry,Puducherry,DDoS,Low,Personal,3169377,34086,Organization,Open
CR02573,15-10-2025,Goa,Panaji,Identity Theft,Critical,E-commerce,3993898,36056,Organization,Resolved
CR02574,13-07-2024,Nagaland,Kohima,Identity Theft,Critical,Corporate,4875472,40827,CERT-In,Open
CR02575,19-01-2026,Arunachal Pradesh,Naharlagun,Identity Theft,High,Education,1408509,12604,Organization,Open
CR02576,08-10-2025,Karnataka,Mangaluru,Identity Theft,High,E-commerce,2099122,24811,Organization,Investigating
CR02577,14-05-2024,Tripura,Agartala,Identity Theft,Medium,Corporate,3872302,12089,Organization,Investigating
CR02578,08-04-2026,Tripura,Agartala,DDoS,Medium,Banking,831550,13012,Organization,Resolved
CR02579,18-07-2025,Haryana,Faridabad,Phishing,High,Healthcare,2942397,28446,User Report,Open
CR02580,04-01-2026,Jammu and Kashmir,Jammu,Phishing,Low,Corporate,1043493,28188,Organization,Investigating
CR02581,28-04-2024,Bihar,Patna,Identity Theft,High,Corporate,3362027,37801,Organization,Investigating
CR02582,23-06-2024,Ladakh,Leh,Identity Theft,Critical,E-commerce,2522917,12038,Organization,Open
CR02583,16-01-2024,Jammu and Kashmir,Srinagar,Online Fraud,High,Banking,3965927,22134,Organization,Investigating
CR02584,31-08-2025,Punjab,Ludhiana,Online Fraud,Critical,Banking,99682,31703,Organization,Investigating
CR02585,09-01-2026,Andaman and Nicobar Islands,Port Blair,DDoS,Critical,Banking,905155,34347,Organization,Open
CR02586,14-09-2025,Karnataka,Mysuru,Ransomware,Critical,Education,3142517,1291,User Report,Investigating
CR02587,10-12-2024,West Bengal,Kolkata,Data Breach,Critical,E-commerce,4246535,23927,News,Open
CR02588,10-12-2024,Delhi,New Delhi,Identity Theft,High,Education,3496414,18512,Organization,Investigating
CR02589,27-03-2026,West Bengal,Durgapur,Identity Theft,Low,Corporate,2002799,12214,Organization,Resolved
CR02590,10-06-2026,Odisha,Bhubaneswar,DDoS,Critical,Corporate,828784,30431,User Report,Resolved
CR02591,09-07-2024,Telangana,Warangal,Phishing,Critical,Personal,1784447,17781,News,Open
CR02592,23-09-2024,Puducherry,Puducherry,Phishing,Medium,E-commerce,2163476,10772,News,Investigating
CR02593,03-03-2025,Lakshadweep,Kavaratti,DDoS,Medium,Banking,4727099,20056,CERT-In,Open
CR02594,04-07-2025,Tripura,Agartala,Ransomware,Critical,Banking,4674662,8368,Organization,Resolved
CR02595,21-05-2025,Odisha,Bhubaneswar,Phishing,Low,Corporate,2938522,10146,Organization,Open
CR02596,24-12-2024,Andhra Pradesh,Guntur,DDoS,High,IT,4171834,38101,CERT-In,Open
CR02597,05-04-2025,Assam,Guwahati,Malware,High,Education,184659,18792,News,Investigating
CR02598,11-09-2025,Maharashtra,Nagpur,Data Breach,Medium,Education,4988527,9305,User Report,Investigating
CR02599,27-01-2024,Maharashtra,Pune,Malware,High,Corporate,2527545,9335,CERT-In,Resolved
CR02600,16-06-2026,Uttar Pradesh,Noida,Data Breach,Critical,Corporate,4563690,7716,User Report,Resolved
CR02601,24-05-2025,Arunachal Pradesh,Naharlagun,DDoS,Low,Healthcare,2826095,44883,News,Resolved
CR02602,03-02-2024,Manipur,Imphal,Ransomware,Critical,IT,299186,45640,Organization,Open
CR02603,24-10-2024,Tamil Nadu,Chennai,Malware,High,Personal,65449,15771,User Report,Open
CR02604,12-07-2026,Telangana,Hyderabad,DDoS,Medium,Personal,1636348,31300,User Report,Resolved
CR02605,12-01-2026,Himachal Pradesh,Dharamshala,Online Fraud,Critical,Education,2509412,26318,Organization,Resolved
CR02606,27-01-2026,Nagaland,Dimapur,Phishing,Low,IT,3438674,47100,User Report,Resolved
CR02607,24-05-2025,Sikkim,Gangtok,Identity Theft,Low,Banking,1657207,24206,News,Open
CR02608,12-01-2024,Kerala,Thiruvananthapuram,Data Breach,Medium,E-commerce,3224155,6624,News,Investigating
CR02609,10-05-2026,Rajasthan,Jodhpur,Phishing,Critical,IT,774209,15784,User Report,Open
CR02610,02-09-2024,West Bengal,Durgapur,Identity Theft,Medium,Education,4661776,19183,CERT-In,Resolved
CR02611,24-09-2024,West Bengal,Kolkata,Identity Theft,Critical,Government,2565985,7888,Organization,Resolved
CR02612,31-01-2025,Chandigarh,Chandigarh,Phishing,Medium,Personal,673308,36500,News,Resolved
CR02613,13-02-2025,Tripura,Agartala,Malware,Low,Government,3159010,47690,User Report,Open
CR02614,15-01-2026,Goa,Margao,Data Breach,Critical,Corporate,4496691,35638,Organization,Investigating
CR02615,31-01-2026,Uttar Pradesh,Kanpur,Identity Theft,High,Banking,2166604,44354,CERT-In,Open
CR02616,27-05-2025,Manipur,Imphal,Malware,Low,Personal,2018036,19727,CERT-In,Investigating
CR02617,05-11-2025,Himachal Pradesh,Dharamshala,Ransomware,Medium,IT,872980,44741,User Report,Resolved
CR02618,08-01-2026,Arunachal Pradesh,Itanagar,DDoS,Critical,IT,4825856,47360,User Report,Resolved
CR02619,24-11-2024,Ladakh,Leh,Phishing,Medium,Banking,1703745,43918,User Report,Open
CR02620,31-05-2024,Maharashtra,Mumbai,Identity Theft,Low,Banking,1501183,12213,CERT-In,Investigating
CR02621,30-04-2026,West Bengal,Durgapur,Identity Theft,Critical,Personal,4266024,546,User Report,Open
CR02622,31-08-2025,Madhya Pradesh,Gwalior,DDoS,High,IT,3277488,35600,Organization,Investigating
CR02623,30-03-2024,Karnataka,Mangaluru,DDoS,Critical,Corporate,3553211,30335,User Report,Investigating
CR02624,21-12-2025,Meghalaya,Shillong,Ransomware,Low,Banking,1697433,16168,Organization,Investigating
CR02625,01-11-2024,Telangana,Hyderabad,Data Breach,Low,Government,3079419,37383,Organization,Open
CR02626,11-07-2024,Chandigarh,Chandigarh,Ransomware,Critical,Education,453954,28518,CERT-In,Resolved
CR02627,17-09-2025,Chhattisgarh,Raipur,Phishing,Medium,Education,4670960,23054,Organization,Open
CR02628,06-02-2025,Jharkhand,Jamshedpur,DDoS,Low,Banking,401014,25645,User Report,Investigating
CR02629,28-03-2026,Meghalaya,Shillong,DDoS,Critical,Government,3473765,29256,Organization,Open
CR02630,21-01-2025,Punjab,Amritsar,Phishing,Low,Government,301877,19923,CERT-In,Open
CR02631,29-04-2026,Andhra Pradesh,Guntur,Data Breach,High,Banking,733390,14931,Organization,Resolved
CR02632,28-04-2026,Uttarakhand,Haridwar,Identity Theft,Low,Education,2348681,14339,Organization,Investigating
CR02633,10-08-2025,Chandigarh,Chandigarh,Identity Theft,Medium,Education,2477101,2868,Organization,Investigating
CR02634,15-02-2026,Gujarat,Vadodara,Online Fraud,Medium,Government,1251226,46784,CERT-In,Open
CR02635,09-05-2024,Lakshadweep,Kavaratti,Identity Theft,Critical,Banking,4432929,19537,Organization,Investigating
CR02636,30-03-2025,Arunachal Pradesh,Naharlagun,Ransomware,Critical,Healthcare,68660,10961,User Report,Investigating
CR02637,17-08-2024,Punjab,Amritsar,Ransomware,Critical,Banking,170296,3641,CERT-In,Open
CR02638,18-03-2025,Lakshadweep,Kavaratti,Data Breach,Low,Government,2603521,10321,User Report,Investigating
CR02639,04-07-2026,Telangana,Warangal,DDoS,Medium,Education,901453,10215,CERT-In,Open
CR02640,26-12-2024,Punjab,Chandigarh,Online Fraud,High,E-commerce,696341,38162,CERT-In,Investigating
CR02641,25-09-2024,Assam,Guwahati,DDoS,Low,IT,4386807,27705,User Report,Open
CR02642,29-12-2024,Lakshadweep,Kavaratti,Online Fraud,Critical,Government,2576439,26544,User Report,Open
CR02643,06-02-2026,Rajasthan,Jodhpur,Identity Theft,Medium,Education,2387709,31717,Organization,Open
CR02644,05-02-2025,Bihar,Patna,Ransomware,Critical,Corporate,4359721,15094,CERT-In,Resolved
CR02645,26-01-2026,Uttarakhand,Haridwar,Data Breach,Low,Banking,857737,20882,Organization,Resolved
CR02646,22-05-2024,Delhi,New Delhi,Identity Theft,Critical,Healthcare,2952283,29506,User Report,Investigating
CR02647,01-03-2025,Tripura,Agartala,Ransomware,Low,E-commerce,1361508,600,CERT-In,Open
CR02648,25-04-2025,Uttar Pradesh,Noida,Identity Theft,High,Education,224054,15543,CERT-In,Open
CR02649,18-08-2025,Telangana,Warangal,Ransomware,Low,Education,3484851,36494,Organization,Resolved
CR02650,31-05-2026,Andaman and Nicobar Islands,Port Blair,DDoS,Critical,Banking,2799782,44953,CERT-In,Open
CR02651,04-02-2026,Uttar Pradesh,Noida,Online Fraud,Low,Government,2769857,26976,News,Open
CR02652,05-11-2025,Assam,Guwahati,Online Fraud,Critical,IT,2566701,32598,User Report,Open
CR02653,20-01-2024,Karnataka,Bengaluru,Malware,High,E-commerce,4617424,5953,User Report,Open
CR02654,09-03-2024,Kerala,Kozhikode,Data Breach,Critical,Banking,3210178,49948,User Report,Investigating
CR02655,26-04-2026,Chhattisgarh,Raipur,Phishing,Critical,Corporate,1474549,19147,Organization,Investigating
CR02656,01-06-2024,Maharashtra,Mumbai,DDoS,Low,Government,2644210,44741,Organization,Investigating
CR02657,11-05-2026,Chandigarh,Chandigarh,DDoS,Critical,Corporate,919282,517,CERT-In,Open
CR02658,21-04-2024,West Bengal,Durgapur,Ransomware,High,Banking,1845751,11999,Organization,Resolved
CR02659,03-04-2025,Assam,Silchar,Malware,High,Healthcare,2827932,18497,User Report,Resolved
CR02660,07-06-2024,Assam,Silchar,Malware,High,Education,2803845,31680,News,Resolved
CR02661,19-04-2024,Tripura,Agartala,Phishing,Critical,E-commerce,3465953,30184,CERT-In,Open
CR02662,15-02-2024,Tamil Nadu,Madurai,Data Breach,High,IT,1628506,16330,News,Open
CR02663,06-12-2025,Himachal Pradesh,Dharamshala,Phishing,High,IT,2306465,4541,CERT-In,Open
CR02664,12-11-2025,Sikkim,Gangtok,DDoS,Medium,Banking,1549074,39681,User Report,Open
CR02665,14-02-2024,Uttar Pradesh,Kanpur,Malware,Critical,Healthcare,2228106,48590,Organization,Open
CR02666,07-11-2025,Haryana,Panipat,DDoS,Medium,Banking,76824,22478,Organization,Investigating
CR02667,22-04-2025,Ladakh,Leh,Malware,Critical,Education,4808933,44600,Organization,Resolved
CR02668,07-04-2024,Dadra and Nagar Haveli and Daman and Diu,Silvassa,Data Breach,Medium,Education,191004,12916,News,Resolved
CR02669,19-03-2026,Jammu and Kashmir,Srinagar,DDoS,Medium,Healthcare,1683120,47917,CERT-In,Open
CR02670,23-06-2026,Uttarakhand,Dehradun,Ransomware,Critical,Healthcare,3905540,394,User Report,Investigating
CR02671,31-07-2024,Himachal Pradesh,Shimla,Online Fraud,High,Personal,3224391,47831,CERT-In,Open
CR02672,06-04-2025,Nagaland,Dimapur,Malware,Low,IT,1912804,34812,User Report,Resolved
CR02673,01-07-2024,Odisha,Cuttack,Online Fraud,Critical,IT,3463133,34179,News,Resolved
CR02674,13-10-2024,Bihar,Gaya,Phishing,Critical,Government,2290418,45861,User Report,Investigating
CR02675,09-11-2025,Jharkhand,Jamshedpur,Phishing,Low,Corporate,3173522,20404,CERT-In,Resolved
CR02676,29-03-2024,Haryana,Gurugram,Data Breach,Medium,IT,4076015,16676,News,Resolved
CR02677,07-11-2025,Rajasthan,Udaipur,Phishing,High,E-commerce,2135156,28097,CERT-In,Investigating
CR02678,16-03-2025,Chhattisgarh,Bilaspur,Phishing,High,Corporate,1308531,34405,User Report,Investigating
CR02679,11-01-2025,Mizoram,Aizawl,DDoS,Low,Healthcare,3032243,43592,CERT-In,Open
CR02680,09-03-2024,Haryana,Panipat,Phishing,Medium,Banking,650683,37979,Organization,Investigating
CR02681,15-08-2025,Meghalaya,Shillong,DDoS,High,Government,99563,44371,CERT-In,Investigating
CR02682,08-01-2026,Dadra and Nagar Haveli and Daman and Diu,Daman,Data Breach,Medium,Education,85612,9718,CERT-In,Investigating
CR02683,09-08-2024,Mizoram,Aizawl,Malware,Critical,Banking,1604214,25378,Organization,Open
CR02684,07-02-2026,Nagaland,Dimapur,Phishing,Medium,Corporate,3311184,38475,News,Investigating
CR02685,31-03-2026,Nagaland,Dimapur,Data Breach,Medium,Corporate,3681444,27893,Organization,Open
CR02686,03-05-2026,Andaman and Nicobar Islands,Port Blair,Phishing,Low,Healthcare,1814876,19713,News,Resolved
CR02687,24-05-2025,Chhattisgarh,Bilaspur,Malware,Low,Government,2274356,10504,News,Investigating
CR02688,14-06-2026,Sikkim,Gangtok,Online Fraud,Critical,Government,1112744,28374,News,Investigating
CR02689,17-02-2026,Meghalaya,Shillong,DDoS,Critical,Banking,3675536,40801,Organization,Open
CR02690,13-09-2025,Assam,Guwahati,Data Breach,Medium,Corporate,3437653,4794,User Report,Resolved
CR02691,26-06-2026,Telangana,Warangal,Data Breach,Critical,Personal,3707242,5593,News,Investigating
CR02692,21-09-2024,Assam,Guwahati,Data Breach,High,IT,3420201,45985,User Report,Open
CR02693,26-03-2024,Telangana,Warangal,Phishing,Critical,IT,3186038,23752,CERT-In,Resolved
CR02694,23-01-2024,Meghalaya,Shillong,Ransomware,High,Healthcare,1143300,30150,CERT-In,Investigating
CR02695,25-09-2024,Madhya Pradesh,Gwalior,Phishing,Medium,Government,3229304,23594,News,Open
CR02696,15-01-2024,Puducherry,Puducherry,DDoS,High,Banking,250794,47991,User Report,Investigating
CR02697,05-04-2024,Sikkim,Gangtok,Malware,Medium,Healthcare,71438,5953,News,Resolved
CR02698,05-12-2025,Jammu and Kashmir,Srinagar,Malware,Medium,IT,4431892,47731,Organization,Investigating
CR02699,05-09-2025,Kerala,Thiruvananthapuram,Phishing,High,Personal,2213531,41388,Organization,Investigating
CR02700,08-10-2025,Himachal Pradesh,Dharamshala,Identity Theft,Low,Banking,4024667,24649,News,Resolved
CR02701,27-12-2024,Himachal Pradesh,Shimla,Online Fraud,Medium,IT,1868712,20914,Organization,Investigating
CR02702,31-01-2024,Tamil Nadu,Madurai,Online Fraud,Medium,E-commerce,978262,48298,News,Open
CR02703,27-10-2024,Nagaland,Kohima,Identity Theft,Medium,Government,1649611,231,User Report,Resolved
CR02704,15-01-2025,Chhattisgarh,Raipur,Phishing,High,Banking,4269496,29320,Organization,Investigating
CR02705,15-02-2026,Punjab,Ludhiana,Phishing,Low,Banking,936268,2245,User Report,Resolved
CR02706,14-03-2026,Sikkim,Gangtok,Identity Theft,Critical,Healthcare,2442650,25399,Organization,Investigating
CR02707,25-01-2025,Maharashtra,Nashik,Identity Theft,High,IT,4356543,49357,News,Investigating
CR02708,03-11-2024,Gujarat,Surat,Malware,Low,Government,3825756,38358,CERT-In,Open
CR02709,16-12-2025,Andhra Pradesh,Guntur,Identity Theft,High,E-commerce,2893182,40239,News,Open
CR02710,31-05-2026,Meghalaya,Shillong,Ransomware,Low,Banking,883267,23374,News,Open
CR02711,08-09-2025,Uttarakhand,Dehradun,Malware,Low,E-commerce,1616412,43411,Organization,Resolved
CR02712,23-11-2024,Odisha,Cuttack,Ransomware,Medium,IT,151026,11772,News,Open
CR02713,28-05-2024,Sikkim,Gangtok,Data Breach,Medium,Healthcare,4199180,20750,CERT-In,Investigating
CR02714,06-01-2026,Goa,Panaji,Ransomware,Critical,Personal,4748569,18277,CERT-In,Investigating
CR02715,26-05-2025,Uttar Pradesh,Noida,Malware,Low,Government,2639658,33439,User Report,Resolved
CR02716,17-03-2025,Meghalaya,Shillong,Online Fraud,Low,Healthcare,1390165,45382,Organization,Open
CR02717,23-05-2026,Dadra and Nagar Haveli and Daman and Diu,Daman,Data Breach,Low,Banking,941269,4604,CERT-In,Resolved
CR02718,14-06-2026,Jammu and Kashmir,Jammu,Ransomware,Critical,IT,4754768,20948,News,Investigating
CR02719,20-11-2025,Goa,Panaji,Online Fraud,Low,IT,729131,3346,News,Resolved
CR02720,21-09-2025,Madhya Pradesh,Bhopal,Identity Theft,Low,Personal,2386176,31240,News,Resolved
CR02721,29-01-2025,Odisha,Cuttack,Online Fraud,Medium,Government,4682385,23943,News,Open
CR02722,30-09-2024,Punjab,Ludhiana,Online Fraud,Low,Healthcare,636043,35658,CERT-In,Investigating
CR02723,30-12-2025,Telangana,Hyderabad,Phishing,High,E-commerce,668983,20167,CERT-In,Investigating
CR02724,30-06-2025,Tripura,Agartala,Ransomware,High,Healthcare,491236,24698,CERT-In,Investigating
CR02725,22-02-2024,Lakshadweep,Kavaratti,Phishing,Low,Personal,856142,32326,Organization,Open
CR02726,13-04-2024,Lakshadweep,Kavaratti,Data Breach,Medium,Government,125058,2193,News,Resolved
CR02727,25-08-2024,Tamil Nadu,Madurai,Phishing,Low,Banking,4145182,15451,User Report,Investigating
CR02728,28-03-2025,Haryana,Faridabad,Identity Theft,High,Personal,2064539,16145,User Report,Resolved
CR02729,02-06-2026,Uttarakhand,Dehradun,Ransomware,High,Education,2917822,36609,User Report,Open
CR02730,03-06-2026,Mizoram,Aizawl,Ransomware,High,Personal,1324477,37903,News,Resolved
CR02731,02-03-2025,Chandigarh,Chandigarh,Phishing,Critical,IT,333043,49340,User Report,Resolved
CR02732,16-06-2024,Ladakh,Leh,Identity Theft,Low,E-commerce,1728724,47831,Organization,Resolved
CR02733,05-06-2024,Bihar,Muzaffarpur,Identity Theft,Medium,Government,1539704,24341,CERT-In,Resolved
CR02734,22-12-2024,Himachal Pradesh,Dharamshala,Data Breach,Low,Banking,423558,45504,Organization,Resolved
CR02735,19-10-2024,Nagaland,Kohima,Identity Theft,Medium,Banking,16899,9554,User Report,Resolved
CR02736,04-12-2025,Odisha,Bhubaneswar,Online Fraud,Medium,Corporate,1012796,1158,News,Resolved
CR02737,01-01-2025,Uttarakhand,Dehradun,Malware,Low,Personal,3775255,5247,User Report,Investigating
CR02738,04-07-2026,Odisha,Cuttack,Phishing,Low,IT,1874507,28183,News,Resolved
CR02739,09-11-2024,Uttarakhand,Dehradun,Phishing,Medium,Government,683393,36757,User Report,Resolved
CR02740,12-03-2026,Assam,Silchar,DDoS,Critical,Healthcare,4052795,6283,News,Open
CR02741,27-03-2026,Kerala,Kochi,Malware,Low,Personal,4629484,5640,News,Investigating
CR02742,30-12-2024,Arunachal Pradesh,Itanagar,Data Breach,Critical,Healthcare,1000757,34765,Organization,Investigating
CR02743,21-04-2026,Punjab,Ludhiana,Identity Theft,Low,Education,267907,40389,Organization,Investigating
CR02744,12-01-2025,Puducherry,Puducherry,Online Fraud,High,IT,3833285,12353,User Report,Open
CR02745,05-11-2025,Sikkim,Gangtok,Ransomware,Medium,IT,4469982,33699,News,Open
CR02746,21-06-2024,Nagaland,Kohima,Ransomware,High,Corporate,3050732,34868,News,Investigating
CR02747,17-07-2025,Odisha,Cuttack,Online Fraud,Low,Personal,2017041,13703,Organization,Open
CR02748,03-09-2025,Kerala,Kozhikode,Malware,Medium,Personal,1859397,35662,News,Resolved
CR02749,02-03-2026,Telangana,Hyderabad,Data Breach,High,IT,2471993,12808,Organization,Open
CR02750,27-02-2024,Himachal Pradesh,Shimla,Malware,Medium,Education,1708139,16453,User Report,Investigating
CR02751,24-03-2024,Chhattisgarh,Bilaspur,Data Breach,Medium,Personal,1116806,42966,CERT-In,Open
CR02752,08-01-2024,Bihar,Muzaffarpur,Ransomware,Critical,Personal,2842217,6127,User Report,Open
CR02753,20-06-2026,Goa,Margao,Data Breach,Critical,IT,4816305,40450,CERT-In,Investigating
CR02754,18-12-2025,Goa,Margao,Online Fraud,Low,Corporate,4574666,3144,Organization,Investigating
CR02755,13-08-2024,Sikkim,Gangtok,DDoS,Critical,E-commerce,1691386,15972,Organization,Investigating
CR02756,01-01-2024,Assam,Dibrugarh,Identity Theft,Low,Banking,2737291,42708,User Report,Open
CR02757,23-07-2026,Chandigarh,Chandigarh,Data Breach,High,E-commerce,4439217,35617,User Report,Resolved
CR02758,30-05-2025,Andhra Pradesh,Guntur,Ransomware,Low,E-commerce,4749336,7953,User Report,Resolved
CR02759,05-06-2024,Uttar Pradesh,Noida,Malware,Low,Education,1419733,35016,CERT-In,Open
CR02760,09-05-2024,Ladakh,Leh,DDoS,Low,Healthcare,265291,29437,Organization,Open
CR02761,05-03-2025,Arunachal Pradesh,Itanagar,Identity Theft,High,Government,4594292,12071,CERT-In,Open
CR02762,31-01-2026,Assam,Dibrugarh,DDoS,Low,Banking,4914639,37993,Organization,Resolved
CR02763,17-03-2024,Lakshadweep,Kavaratti,Phishing,Low,Corporate,4910640,41290,CERT-In,Investigating
CR02764,10-04-2026,Maharashtra,Nagpur,Online Fraud,Medium,E-commerce,3023545,43893,CERT-In,Open
CR02765,26-11-2024,Andaman and Nicobar Islands,Port Blair,Data Breach,Critical,Personal,18482,44555,CERT-In,Open
CR02766,22-03-2025,Nagaland,Dimapur,Malware,High,Personal,660099,12314,CERT-In,Open
CR02767,15-09-2024,Madhya Pradesh,Gwalior,Malware,Medium,Personal,2748852,38917,Organization,Open
CR02768,20-04-2026,Andhra Pradesh,Guntur,Data Breach,Low,Personal,1748375,23723,CERT-In,Open
CR02769,27-08-2024,Puducherry,Puducherry,Ransomware,High,Healthcare,3161037,31433,News,Investigating
CR02770,11-06-2025,West Bengal,Kolkata,Malware,High,Corporate,4060472,35136,News,Resolved
CR02771,06-06-2026,Odisha,Bhubaneswar,DDoS,Critical,Healthcare,1940231,45169,CERT-In,Investigating
CR02772,05-09-2024,Puducherry,Puducherry,Malware,Medium,E-commerce,1461686,22260,News,Investigating
CR02773,06-08-2024,Telangana,Hyderabad,DDoS,High,Healthcare,414703,45100,CERT-In,Open
CR02774,08-08-2025,Assam,Guwahati,Malware,Medium,Government,3875869,133,News,Resolved
CR02775,23-04-2026,Haryana,Gurugram,Malware,High,Corporate,3639017,30240,CERT-In,Resolved
CR02776,09-05-2025,Manipur,Imphal,Data Breach,Low,Personal,1627009,48422,User Report,Investigating
CR02777,14-09-2024,Goa,Panaji,Phishing,Low,E-commerce,1781635,46630,Organization,Open
CR02778,04-04-2024,Ladakh,Leh,Phishing,Medium,IT,1857288,3552,User Report,Resolved
CR02779,10-03-2024,Uttarakhand,Haridwar,Ransomware,Medium,Corporate,2533747,32631,User Report,Open
CR02780,07-05-2024,Assam,Dibrugarh,DDoS,Medium,Government,1048042,20321,News,Resolved
CR02781,14-02-2024,Tamil Nadu,Chennai,Data Breach,Medium,Education,1461036,31776,User Report,Open
CR02782,23-06-2026,Chandigarh,Chandigarh,Online Fraud,Medium,Healthcare,3150939,46851,News,Open
CR02783,19-07-2024,Uttar Pradesh,Lucknow,Ransomware,Low,IT,480282,44103,User Report,Resolved
CR02784,03-04-2024,Uttar Pradesh,Kanpur,Malware,Critical,Healthcare,1210621,3180,News,Resolved
CR02785,12-10-2025,Maharashtra,Mumbai,Online Fraud,Medium,Education,1189420,6330,CERT-In,Open
CR02786,29-07-2026,Tamil Nadu,Coimbatore,DDoS,Low,Corporate,2556211,29813,CERT-In,Investigating
CR02787,25-03-2024,Gujarat,Vadodara,Malware,Medium,Banking,3683797,35899,CERT-In,Investigating
CR02788,15-01-2025,Goa,Panaji,Malware,Medium,Personal,2374601,18294,User Report,Resolved
CR02789,20-03-2025,Tamil Nadu,Chennai,Identity Theft,Critical,Government,717139,45443,Organization,Resolved
CR02790,08-09-2025,West Bengal,Durgapur,Malware,Critical,E-commerce,836293,15486,News,Resolved
CR02791,24-05-2025,Uttarakhand,Haridwar,Online Fraud,Critical,Banking,3923235,3023,User Report,Resolved
CR02792,05-05-2024,Nagaland,Kohima,Phishing,High,E-commerce,60380,22853,News,Open
CR02793,13-07-2024,Dadra and Nagar Haveli and Daman and Diu,Daman,Phishing,Medium,IT,2684204,4089,Organization,Investigating
CR02794,10-04-2024,Ladakh,Leh,Identity Theft,Medium,Government,348054,14515,CERT-In,Open
CR02795,11-08-2025,Madhya Pradesh,Indore,Phishing,Low,Education,1015006,36714,News,Investigating
CR02796,05-04-2024,Uttarakhand,Dehradun,Malware,Medium,Government,2221760,24156,News,Investigating
CR02797,02-06-2024,Bihar,Muzaffarpur,Ransomware,High,Banking,4505856,13845,User Report,Open
CR02798,02-12-2025,Madhya Pradesh,Indore,DDoS,Medium,Corporate,2650539,39910,Organization,Open
CR02799,09-03-2024,Dadra and Nagar Haveli and Daman and Diu,Silvassa,Ransomware,Medium,Education,449462,6260,CERT-In,Resolved
CR02800,03-07-2024,Himachal Pradesh,Shimla,Malware,Critical,Government,418757,552,Organization,Resolved
CR02801,26-08-2025,Manipur,Imphal,Data Breach,Medium,Banking,4238411,24349,News,Resolved
CR02802,10-02-2026,Chandigarh,Chandigarh,Identity Theft,Critical,E-commerce,2864976,4236,CERT-In,Resolved
CR02803,23-01-2026,Uttar Pradesh,Kanpur,Data Breach,Low,Corporate,4914569,27854,User Report,Open
CR02804,08-03-2025,Kerala,Kochi,Data Breach,Medium,Personal,1270932,7371,News,Investigating
CR02805,04-12-2024,Rajasthan,Jodhpur,Data Breach,Medium,Banking,4827973,6869,User Report,Open
CR02806,07-06-2025,Andhra Pradesh,Guntur,Malware,Critical,Government,1542093,40644,User Report,Open
CR02807,12-11-2025,Arunachal Pradesh,Naharlagun,Malware,Medium,E-commerce,1550339,27130,CERT-In,Investigating
CR02808,10-09-2024,Andaman and Nicobar Islands,Port Blair,DDoS,Low,IT,1633643,27145,CERT-In,Open
CR02809,02-04-2024,Delhi,New Delhi,Online Fraud,Critical,Education,1362033,39747,Organization,Resolved
CR02810,23-01-2026,Kerala,Kozhikode,Data Breach,High,Personal,4102686,47774,User Report,Open
CR02811,20-05-2024,Bihar,Patna,Data Breach,High,IT,1808837,42064,News,Open
CR02812,03-03-2024,Chandigarh,Chandigarh,Identity Theft,Medium,Education,3659077,8130,User Report,Open
CR02813,23-02-2025,Bihar,Muzaffarpur,Malware,Critical,Banking,4603320,42828,User Report,Resolved
CR02814,21-03-2026,Lakshadweep,Kavaratti,Malware,Low,Healthcare,2293223,26648,News,Resolved
CR02815,01-03-2024,Sikkim,Gangtok,Phishing,High,Personal,734149,19854,Organization,Resolved
CR02816,05-05-2025,Uttar Pradesh,Varanasi,Data Breach,Low,Healthcare,4766532,40888,User Report,Open
CR02817,18-03-2026,Sikkim,Gangtok,Identity Theft,Medium,Banking,2125570,16433,Organization,Resolved
CR02818,12-01-2026,Andaman and Nicobar Islands,Port Blair,Online Fraud,Medium,Healthcare,2154191,48235,User Report,Resolved
CR02819,08-04-2024,Chandigarh,Chandigarh,DDoS,Critical,Corporate,272059,11703,News,Investigating
CR02820,22-09-2024,Gujarat,Rajkot,Online Fraud,Medium,IT,1890161,20246,User Report,Investigating
CR02821,10-07-2025,Chandigarh,Chandigarh,Ransomware,Medium,Corporate,1779204,46878,Organization,Resolved
CR02822,28-02-2026,Gujarat,Vadodara,Data Breach,Low,Personal,2539783,16049,User Report,Open
CR02823,22-11-2025,Bihar,Muzaffarpur,Identity Theft,Critical,Healthcare,2055924,37130,CERT-In,Investigating
CR02824,24-03-2026,Mizoram,Aizawl,Data Breach,Critical,Healthcare,2573324,2371,News,Resolved
CR02825,25-04-2026,Tripura,Agartala,Data Breach,Medium,Banking,1596935,26518,News,Open
CR02826,09-06-2026,Arunachal Pradesh,Naharlagun,DDoS,Low,E-commerce,3323829,11883,User Report,Resolved
CR02827,05-07-2026,Uttarakhand,Haridwar,Data Breach,Critical,Personal,3199087,45999,Organization,Open
CR02828,08-09-2024,Andaman and Nicobar Islands,Port Blair,Identity Theft,High,Banking,1572826,19877,News,Investigating
CR02829,07-05-2026,West Bengal,Durgapur,Online Fraud,Critical,Healthcare,1788521,45612,Organization,Investigating
CR02830,03-02-2024,Mizoram,Aizawl,Phishing,Medium,E-commerce,3968018,36142,User Report,Investigating
CR02831,22-11-2024,Lakshadweep,Kavaratti,Ransomware,High,Corporate,2697443,41308,Organization,Open
CR02832,27-05-2025,Maharashtra,Nagpur,Ransomware,Critical,IT,1460716,29001,CERT-In,Open
CR02833,20-11-2024,Rajasthan,Udaipur,Data Breach,Medium,Government,3977763,19123,User Report,Investigating
CR02834,20-02-2024,Himachal Pradesh,Shimla,Ransomware,High,Education,3221528,4866,User Report,Resolved
CR02835,28-01-2025,Tamil Nadu,Chennai,DDoS,High,Government,936068,18506,News,Investigating
CR02836,03-10-2025,Tripura,Agartala,Malware,High,Banking,1219084,7973,Organization,Investigating
CR02837,01-08-2025,Dadra and Nagar Haveli and Daman and Diu,Daman,Online Fraud,High,Education,4035578,28399,User Report,Resolved
CR02838,06-08-2024,Assam,Guwahati,Identity Theft,High,IT,4710363,45495,Organization,Resolved
CR02839,02-06-2025,Gujarat,Vadodara,Data Breach,Critical,E-commerce,4085798,35248,News,Open
CR02840,06-01-2024,Punjab,Amritsar,Data Breach,High,Government,3427907,29719,News,Resolved
CR02841,19-11-2025,Arunachal Pradesh,Itanagar,Data Breach,Critical,Healthcare,171864,40534,User Report,Open
CR02842,30-09-2025,Bihar,Muzaffarpur,Malware,Critical,IT,2100475,13459,User Report,Open
CR02843,18-02-2026,West Bengal,Kolkata,Online Fraud,High,IT,2070254,83,CERT-In,Open
CR02844,24-07-2025,Chhattisgarh,Raipur,Ransomware,High,Corporate,1557569,32021,User Report,Open
CR02845,30-03-2025,Puducherry,Puducherry,Phishing,Medium,Government,4916652,16681,CERT-In,Investigating
CR02846,11-09-2025,Uttarakhand,Dehradun,Online Fraud,Low,IT,1982208,38763,User Report,Resolved
CR02847,13-02-2025,Telangana,Warangal,Online Fraud,Critical,IT,3915804,34359,Organization,Investigating
CR02848,06-02-2025,Maharashtra,Nagpur,Phishing,Critical,E-commerce,2388487,15973,User Report,Investigating
CR02849,05-02-2026,Odisha,Bhubaneswar,Data Breach,High,Healthcare,4746972,48198,Organization,Resolved
CR02850,14-07-2024,Manipur,Imphal,Malware,Critical,Healthcare,427387,11977,CERT-In,Open
CR02851,08-04-2026,Arunachal Pradesh,Naharlagun,Online Fraud,High,E-commerce,2484343,2955,User Report,Investigating
CR02852,19-08-2025,Dadra and Nagar Haveli and Daman and Diu,Silvassa,Ransomware,Critical,Education,1660279,5468,Organization,Open
CR02853,10-09-2025,Puducherry,Puducherry,DDoS,Low,IT,3726975,26966,CERT-In,Open
CR02854,19-08-2025,Chhattisgarh,Raipur,Ransomware,Medium,Government,2099400,13827,User Report,Open
CR02855,06-02-2026,Arunachal Pradesh,Itanagar,Ransomware,Critical,Corporate,1462108,16527,CERT-In,Resolved
CR02856,16-10-2024,Odisha,Bhubaneswar,Ransomware,Critical,Corporate,1986585,6715,CERT-In,Investigating
CR02857,24-05-2025,West Bengal,Siliguri,Identity Theft,Critical,Education,3336214,110,Organization,Investigating
CR02858,27-06-2025,Chhattisgarh,Bilaspur,Data Breach,High,Education,2676570,14389,Organization,Resolved
CR02859,15-10-2024,Chandigarh,Chandigarh,Ransomware,Critical,E-commerce,1906183,26678,News,Open
CR02860,18-03-2025,Manipur,Imphal,Data Breach,Low,Education,1761127,12231,Organization,Investigating
CR02861,14-10-2024,Odisha,Bhubaneswar,Ransomware,High,E-commerce,3821114,6499,Organization,Open
CR02862,06-01-2024,Lakshadweep,Kavaratti,Phishing,Critical,Healthcare,906555,13780,News,Resolved
CR02863,09-10-2024,Dadra and Nagar Haveli and Daman and Diu,Daman,Identity Theft,High,Corporate,476830,47835,Organization,Open
CR02864,26-07-2026,Assam,Dibrugarh,Malware,Critical,Healthcare,1802077,3199,User Report,Open
CR02865,23-09-2024,Dadra and Nagar Haveli and Daman and Diu,Silvassa,Online Fraud,Medium,E-commerce,1839541,43345,CERT-In,Resolved
CR02866,06-05-2025,Assam,Silchar,Phishing,Critical,E-commerce,457408,15772,User Report,Open
CR02867,28-03-2025,Punjab,Amritsar,Ransomware,Medium,Personal,1365475,41432,News,Open
CR02868,29-05-2024,Meghalaya,Shillong,DDoS,Low,Healthcare,4188879,32008,User Report,Open
CR02869,16-04-2026,Mizoram,Aizawl,Identity Theft,Critical,IT,231165,34330,CERT-In,Investigating
CR02870,02-11-2024,Lakshadweep,Kavaratti,Malware,Critical,Education,4594753,40852,News,Investigating
CR02871,06-06-2025,Himachal Pradesh,Shimla,Malware,High,Corporate,4448759,16043,News,Open
CR02872,23-10-2024,Uttar Pradesh,Kanpur,Malware,Critical,Education,2751229,3758,CERT-In,Investigating
CR02873,23-06-2025,Andaman and Nicobar Islands,Port Blair,Phishing,Medium,Education,154124,18835,Organization,Open
CR02874,15-01-2026,Mizoram,Aizawl,Malware,Medium,E-commerce,278014,27849,CERT-In,Open
CR02875,23-06-2025,Jammu and Kashmir,Jammu,Data Breach,High,IT,1232841,23255,News,Investigating
CR02876,05-10-2025,Tamil Nadu,Coimbatore,Phishing,Medium,Education,1606179,31121,CERT-In,Open
CR02877,12-06-2024,Odisha,Cuttack,Data Breach,High,Personal,2889605,10088,User Report,Open
CR02878,27-05-2025,Ladakh,Leh,Ransomware,Medium,Government,845814,38765,User Report,Resolved
CR02879,30-01-2025,Jammu and Kashmir,Jammu,DDoS,Medium,Banking,4749688,15940,User Report,Resolved
CR02880,02-02-2024,Chhattisgarh,Bilaspur,DDoS,Medium,Healthcare,2052147,55,CERT-In,Open
CR02881,22-05-2024,Tamil Nadu,Chennai,DDoS,Low,Healthcare,402805,13069,News,Investigating
CR02882,15-04-2024,West Bengal,Kolkata,DDoS,Low,Banking,923320,49091,News,Open
CR02883,24-12-2025,Delhi,New Delhi,Malware,Critical,Personal,3507151,33034,User Report,Open
CR02884,10-12-2024,Manipur,Imphal,DDoS,High,Education,3950670,37099,Organization,Open
CR02885,10-12-2024,Goa,Margao,Malware,Low,Education,423842,29913,CERT-In,Resolved
CR02886,29-04-2025,Madhya Pradesh,Indore,Identity Theft,Medium,Education,1745246,46468,News,Resolved
CR02887,06-06-2025,Tamil Nadu,Madurai,Online Fraud,High,IT,370689,33585,Organization,Open
CR02888,30-09-2024,Arunachal Pradesh,Itanagar,Phishing,Medium,Education,1758407,24924,Organization,Investigating
CR02889,15-01-2024,Gujarat,Surat,Malware,Medium,Personal,4910428,27254,CERT-In,Open
CR02890,30-09-2025,Uttarakhand,Haridwar,Identity Theft,Medium,Education,3115539,46913,User Report,Open
CR02891,17-04-2026,Goa,Panaji,Data Breach,Critical,Personal,4523527,4183,Organization,Investigating
CR02892,19-12-2024,Puducherry,Puducherry,Online Fraud,Critical,Education,2552910,28047,User Report,Open
CR02893,29-07-2024,Uttarakhand,Dehradun,Online Fraud,High,IT,3147629,22349,News,Investigating
CR02894,25-11-2024,Haryana,Gurugram,Ransomware,Low,E-commerce,1414325,44675,News,Investigating
CR02895,07-12-2025,Jharkhand,Jamshedpur,Online Fraud,Medium,Personal,3731415,2788,CERT-In,Resolved
CR02896,18-01-2024,Mizoram,Aizawl,Ransomware,High,IT,1689773,20095,Organization,Investigating
CR02897,05-09-2024,Sikkim,Gangtok,Ransomware,Low,Government,2634832,20562,CERT-In,Resolved
CR02898,19-01-2026,Lakshadweep,Kavaratti,DDoS,High,IT,1327463,4526,News,Resolved
CR02899,23-03-2025,Delhi,New Delhi,Data Breach,Medium,Corporate,1026905,32773,Organization,Open
CR02900,30-12-2024,West Bengal,Siliguri,Identity Theft,High,Education,2373671,47318,User Report,Investigating
CR02901,02-01-2025,Andaman and Nicobar Islands,Port Blair,Online Fraud,Medium,Personal,3912641,37816,User Report,Resolved
CR02902,29-06-2024,Maharashtra,Nagpur,Ransomware,Low,Healthcare,4186324,5823,News,Open
CR02903,08-02-2024,Dadra and Nagar Haveli and Daman and Diu,Daman,Malware,Critical,E-commerce,964554,77,News,Investigating
CR02904,02-04-2024,Meghalaya,Shillong,Identity Theft,Critical,Banking,4601334,21378,User Report,Resolved
CR02905,10-08-2024,Jharkhand,Ranchi,DDoS,Medium,Education,2702256,11227,News,Investigating
CR02906,16-12-2025,Chhattisgarh,Bilaspur,Identity Theft,Low,Government,4124275,7956,Organization,Investigating
CR02907,25-05-2026,Ladakh,Leh,Ransomware,Low,Banking,1553051,42347,Organization,Investigating
CR02908,14-08-2025,Delhi,New Delhi,Ransomware,High,Healthcare,531156,40921,Organization,Investigating
CR02909,23-10-2025,Tamil Nadu,Chennai,Phishing,Low,IT,4607834,21072,News,Investigating
CR02910,25-04-2024,Arunachal Pradesh,Itanagar,Phishing,Critical,E-commerce,2536913,44101,Organization,Resolved
CR02911,06-08-2025,Bihar,Gaya,Phishing,Low,Corporate,3360651,22749,User Report,Investigating
CR02912,31-03-2025,Assam,Dibrugarh,Online Fraud,Critical,Personal,4304703,4957,Organization,Open
CR02913,25-07-2025,Manipur,Imphal,Identity Theft,Low,Education,3205881,21295,User Report,Resolved
CR02914,03-03-2026,Assam,Dibrugarh,Online Fraud,Medium,IT,977920,18809,Organization,Open
CR02915,07-07-2024,Telangana,Hyderabad,Identity Theft,High,Healthcare,1939482,26241,User Report,Resolved
CR02916,22-04-2026,Lakshadweep,Kavaratti,Phishing,High,IT,1926464,11097,User Report,Resolved
CR02917,30-10-2025,Madhya Pradesh,Bhopal,Online Fraud,High,Healthcare,2726472,31609,Organization,Investigating
CR02918,03-05-2026,Andhra Pradesh,Vijayawada,Malware,Low,Government,4670261,37111,CERT-In,Resolved
CR02919,24-04-2026,Tamil Nadu,Coimbatore,Malware,Medium,Government,2823152,21820,User Report,Investigating
CR02920,13-03-2025,Chhattisgarh,Bilaspur,Data Breach,High,Banking,2724806,45597,CERT-In,Open
CR02921,25-03-2025,Maharashtra,Nagpur,Online Fraud,Critical,Banking,4385160,47875,News,Resolved
CR02922,05-08-2024,Maharashtra,Nashik,Malware,Low,E-commerce,286304,36408,Organization,Investigating
CR02923,28-03-2025,Goa,Panaji,DDoS,Medium,Personal,2525231,10952,User Report,Investigating
CR02924,13-07-2026,Jammu and Kashmir,Srinagar,DDoS,Critical,Education,185482,27325,CERT-In,Open
CR02925,07-12-2024,Sikkim,Gangtok,Ransomware,Low,Healthcare,2934636,34802,CERT-In,Resolved
CR02926,22-08-2024,Rajasthan,Jodhpur,Identity Theft,Low,Healthcare,4831094,35463,News,Resolved
CR02927,08-10-2025,Andaman and Nicobar Islands,Port Blair,Online Fraud,Medium,Personal,2624306,84,CERT-In,Resolved
CR02928,04-09-2025,Chandigarh,Chandigarh,Data Breach,Medium,Banking,3446269,22435,Organization,Investigating
CR02929,19-01-2026,Gujarat,Surat,Identity Theft,Critical,Education,3073742,47055,News,Resolved
CR02930,22-05-2024,Nagaland,Kohima,Online Fraud,High,Corporate,523528,29332,CERT-In,Open
CR02931,18-03-2025,Tamil Nadu,Chennai,DDoS,Low,IT,3173010,31807,Organization,Investigating
CR02932,21-01-2025,Kerala,Kozhikode,DDoS,Critical,Corporate,1202194,26657,User Report,Resolved
CR02933,13-01-2026,Arunachal Pradesh,Itanagar,Online Fraud,Low,Government,830336,25495,CERT-In,Investigating
CR02934,30-09-2025,Rajasthan,Jodhpur,Ransomware,Critical,Healthcare,4827200,28962,News,Open
CR02935,23-04-2024,Andhra Pradesh,Vijayawada,Malware,Critical,Banking,1772538,10398,User Report,Open
CR02936,27-12-2025,Uttarakhand,Haridwar,Malware,Low,Personal,955226,9397,CERT-In,Resolved
CR02937,01-05-2026,Madhya Pradesh,Gwalior,Data Breach,Low,Education,4380623,11457,News,Open
CR02938,18-03-2025,Jammu and Kashmir,Srinagar,Identity Theft,Critical,Education,3553105,36690,News,Investigating
CR02939,07-02-2024,Bihar,Gaya,Phishing,Medium,E-commerce,2900995,8119,Organization,Investigating
CR02940,16-01-2026,Goa,Margao,Identity Theft,Medium,Banking,2323120,28464,Organization,Resolved
CR02941,16-08-2024,Tripura,Agartala,Malware,High,Banking,3207531,10654,Organization,Investigating
CR02942,08-01-2024,Punjab,Ludhiana,Ransomware,Critical,Banking,1724379,47589,CERT-In,Open
CR02943,20-01-2024,Andhra Pradesh,Vijayawada,Online Fraud,High,Banking,1809653,24588,CERT-In,Resolved
CR02944,31-12-2024,Odisha,Cuttack,Data Breach,High,Healthcare,3494800,34653,CERT-In,Investigating
CR02945,09-06-2024,Rajasthan,Jodhpur,Phishing,High,Education,4043470,43634,CERT-In,Resolved
CR02946,15-08-2024,Kerala,Kochi,DDoS,Critical,Healthcare,1657736,465,News,Resolved
CR02947,16-06-2026,Telangana,Warangal,DDoS,Medium,E-commerce,582050,8775,News,Investigating
CR02948,29-04-2024,Jammu and Kashmir,Srinagar,Data Breach,Critical,Personal,3871907,49671,News,Resolved
CR02949,28-07-2024,Tripura,Agartala,Data Breach,Medium,Government,3354846,32435,News,Investigating
CR02950,05-07-2025,Madhya Pradesh,Indore,Ransomware,Low,E-commerce,980411,4848,News,Resolved
CR02951,09-11-2025,Manipur,Imphal,Data Breach,Medium,Banking,3492689,27395,CERT-In,Resolved
CR02952,21-03-2025,Uttar Pradesh,Kanpur,Online Fraud,Medium,Banking,649185,2852,Organization,Open
CR02953,21-11-2024,Arunachal Pradesh,Naharlagun,Identity Theft,Medium,Corporate,2288098,43999,CERT-In,Investigating
CR02954,12-10-2024,Punjab,Chandigarh,Ransomware,High,Healthcare,128935,9527,CERT-In,Resolved
CR02955,26-04-2024,Madhya Pradesh,Bhopal,Ransomware,High,Personal,3945123,45407,News,Investigating
CR02956,20-01-2024,Tripura,Agartala,Data Breach,Low,E-commerce,2917318,17837,CERT-In,Open
CR02957,25-02-2026,Goa,Margao,Online Fraud,Low,Healthcare,4786484,37874,CERT-In,Resolved
CR02958,01-12-2025,Dadra and Nagar Haveli and Daman and Diu,Silvassa,Phishing,Critical,IT,3022294,37350,CERT-In,Open
CR02959,03-10-2024,Himachal Pradesh,Dharamshala,Malware,High,E-commerce,163155,49664,Organization,Investigating
CR02960,25-01-2024,Chandigarh,Chandigarh,DDoS,High,IT,4776470,6120,News,Resolved
CR02961,03-07-2026,Telangana,Hyderabad,Phishing,Low,E-commerce,3411162,2276,User Report,Open
CR02962,13-02-2025,Gujarat,Ahmedabad,Identity Theft,Critical,Corporate,4008475,13940,Organization,Resolved
CR02963,27-09-2025,Jharkhand,Ranchi,Ransomware,Medium,Banking,575130,33028,Organization,Resolved
CR02964,17-03-2025,Uttar Pradesh,Varanasi,Ransomware,Low,E-commerce,502093,22405,CERT-In,Open
CR02965,21-08-2025,Rajasthan,Jodhpur,Online Fraud,Medium,IT,4728879,9175,News,Open
CR02966,30-03-2025,Ladakh,Leh,Phishing,Low,E-commerce,4839533,34122,User Report,Open
CR02967,15-05-2024,Kerala,Kochi,Malware,High,Education,1889731,2092,Organization,Investigating
CR02968,06-03-2025,Madhya Pradesh,Bhopal,Ransomware,Medium,Banking,4755848,7222,Organization,Investigating
CR02969,30-01-2024,Tripura,Agartala,Data Breach,Medium,Banking,344632,14503,CERT-In,Open
CR02970,16-02-2026,Tamil Nadu,Chennai,Phishing,High,Government,1156492,23521,Organization,Resolved
CR02971,11-05-2026,Karnataka,Bengaluru,Phishing,High,Corporate,3767437,37142,User Report,Open
CR02972,23-04-2024,Ladakh,Leh,Ransomware,High,Healthcare,4083102,9272,News,Open
CR02973,01-01-2026,Chhattisgarh,Bilaspur,Identity Theft,Medium,Education,3825061,37239,News,Investigating
CR02974,24-02-2025,Karnataka,Bengaluru,DDoS,Critical,Education,3450702,32034,News,Resolved
CR02975,29-05-2026,Punjab,Amritsar,Online Fraud,Critical,Education,2208065,13055,News,Open
CR02976,08-06-2024,Andaman and Nicobar Islands,Port Blair,DDoS,Medium,E-commerce,2799745,10851,Organization,Resolved
CR02977,30-09-2025,Ladakh,Leh,Data Breach,High,Banking,2117261,47151,Organization,Investigating
CR02978,23-10-2025,Assam,Guwahati,Online Fraud,Low,Corporate,1352712,48956,CERT-In,Investigating
CR02979,25-03-2026,Meghalaya,Shillong,DDoS,Low,Personal,2614221,43530,Organization,Open
CR02980,15-04-2026,Jammu and Kashmir,Srinagar,Identity Theft,Critical,E-commerce,2166381,2992,News,Resolved
CR02981,01-07-2024,Odisha,Cuttack,Data Breach,High,Banking,1689910,18438,CERT-In,Open
CR02982,07-01-2025,Jharkhand,Jamshedpur,Identity Theft,Low,Personal,1925605,25217,Organization,Resolved
CR02983,23-07-2026,Uttarakhand,Dehradun,Online Fraud,Low,Education,4186397,42422,CERT-In,Investigating
CR02984,06-06-2024,Rajasthan,Jodhpur,Ransomware,Critical,E-commerce,3914104,25040,Organization,Investigating
CR02985,26-04-2026,Punjab,Ludhiana,Online Fraud,Low,Government,1641017,13916,CERT-In,Resolved
CR02986,03-06-2026,Himachal Pradesh,Dharamshala,Malware,Critical,Personal,1188210,45622,Organization,Investigating
CR02987,15-04-2026,Goa,Panaji,Phishing,Critical,Healthcare,3805418,40036,News,Investigating
CR02988,04-10-2025,Bihar,Muzaffarpur,Malware,High,IT,2898296,17709,News,Open
CR02989,20-05-2026,Himachal Pradesh,Dharamshala,Ransomware,High,Government,425682,22158,News,Resolved
CR02990,01-04-2026,Meghalaya,Shillong,DDoS,Critical,IT,3623881,9125,Organization,Resolved
CR02991,16-12-2024,Dadra and Nagar Haveli and Daman and Diu,Silvassa,DDoS,Medium,E-commerce,2194660,34737,News,Open
CR02992,13-04-2026,Tripura,Agartala,Online Fraud,Critical,Education,606704,14526,CERT-In,Resolved
CR02993,19-07-2026,Jharkhand,Jamshedpur,DDoS,Medium,IT,3512719,7493,CERT-In,Resolved
CR02994,29-06-2025,West Bengal,Kolkata,Phishing,Medium,Healthcare,2671423,4582,Organization,Resolved
CR02995,17-11-2024,Jammu and Kashmir,Srinagar,Malware,High,E-commerce,3216771,13699,User Report,Investigating
CR02996,04-09-2025,Chhattisgarh,Raipur,Identity Theft,Critical,Personal,4668187,27516,CERT-In,Investigating
CR02997,08-08-2024,Nagaland,Dimapur,Data Breach,Critical,Healthcare,3452330,34849,User Report,Resolved
CR02998,09-06-2025,Sikkim,Gangtok,Identity Theft,High,Government,4302324,32687,CERT-In,Investigating
CR02999,22-07-2026,Karnataka,Mysuru,Ransomware,Critical,Education,3837191,42892,Organization,Investigating
CR03000,20-05-2024,Madhya Pradesh,Indore,DDoS,Low,Personal,2316942,11165,User Report,Resolved
CR03001,02-03-2025,Uttar Pradesh,Kanpur,DDoS,Critical,Healthcare,4897806,8177,User Report,Open
CR03002,05-12-2024,Bihar,Muzaffarpur,Online Fraud,High,Personal,2183103,49740,Organization,Investigating
CR03003,22-05-2025,Tripura,Agartala,Data Breach,High,IT,4672385,33231,User Report,Resolved
CR03004,15-09-2024,Odisha,Bhubaneswar,Malware,Medium,IT,4695401,38133,News,Investigating
CR03005,21-06-2024,Jharkhand,Jamshedpur,Phishing,Critical,Government,2818276,40437,CERT-In,Open
CR03006,23-05-2024,Goa,Margao,Identity Theft,Critical,IT,4437271,7912,News,Investigating
CR03007,18-02-2026,Madhya Pradesh,Bhopal,Malware,Critical,E-commerce,2725566,30749,News,Open
CR03008,11-04-2024,Arunachal Pradesh,Naharlagun,Identity Theft,Medium,Government,2158404,10039,User Report,Open
CR03009,12-07-2025,Kerala,Thiruvananthapuram,Ransomware,High,Personal,2105754,11586,Organization,Investigating
CR03010,08-11-2025,Karnataka,Mangaluru,Online Fraud,High,Personal,4916444,22044,User Report,Open
CR03011,25-09-2025,Manipur,Imphal,Ransomware,Low,IT,3159999,1170,User Report,Investigating
CR03012,21-05-2026,Meghalaya,Shillong,Phishing,Medium,Education,3806318,1642,Organization,Open
CR03013,10-10-2024,Delhi,New Delhi,Identity Theft,High,Healthcare,567486,7767,User Report,Open
CR03014,18-09-2025,Odisha,Bhubaneswar,Online Fraud,High,Personal,2862108,41059,CERT-In,Investigating
CR03015,08-02-2025,Ladakh,Leh,Data Breach,Low,Healthcare,2330752,600,User Report,Resolved
CR03016,14-02-2025,Dadra and Nagar Haveli and Daman and Diu,Daman,DDoS,Medium,Corporate,4617959,6658,CERT-In,Investigating
CR03017,07-11-2025,Maharashtra,Mumbai,Data Breach,Critical,Banking,293733,22283,Organization,Investigating
CR03018,18-01-2026,Haryana,Panipat,Online Fraud,Critical,Corporate,1831253,27206,Organization,Resolved
CR03019,07-04-2026,Manipur,Imphal,Malware,Low,Personal,2994614,27506,User Report,Resolved
CR03020,19-05-2026,Uttarakhand,Dehradun,Identity Theft,Low,IT,1178507,36526,CERT-In,Resolved
CR03021,28-07-2024,Puducherry,Puducherry,Data Breach,Medium,Government,4512077,42565,CERT-In,Investigating
CR03022,14-09-2024,Lakshadweep,Kavaratti,Online Fraud,Low,IT,3762586,12184,News,Resolved
CR03023,08-01-2024,Ladakh,Leh,Ransomware,High,Banking,1153820,35175,Organization,Resolved
CR03024,06-04-2024,Andaman and Nicobar Islands,Port Blair,Malware,High,IT,643541,45755,Organization,Investigating
CR03025,23-02-2025,Andaman and Nicobar Islands,Port Blair,Identity Theft,Low,Banking,2527539,20088,CERT-In,Resolved
CR03026,03-01-2026,Madhya Pradesh,Bhopal,Online Fraud,Medium,IT,4639050,43663,User Report,Open
CR03027,01-06-2026,Chhattisgarh,Bilaspur,Data Breach,Critical,Corporate,3419976,1068,User Report,Investigating
CR03028,26-09-2024,Dadra and Nagar Haveli and Daman and Diu,Silvassa,Identity Theft,Low,Personal,2211253,45419,News,Resolved
CR03029,21-07-2024,Rajasthan,Jodhpur,Identity Theft,Low,Healthcare,4512767,31274,Organization,Resolved
CR03030,04-09-2025,Gujarat,Rajkot,DDoS,Medium,Banking,2759379,38217,Organization,Open
CR03031,05-12-2025,Chhattisgarh,Raipur,Identity Theft,Critical,IT,2464044,20343,CERT-In,Open
CR03032,14-01-2026,West Bengal,Durgapur,Phishing,Critical,Banking,1247216,47911,CERT-In,Investigating
CR03033,19-06-2026,Karnataka,Mangaluru,Phishing,Medium,E-commerce,687573,35079,News,Investigating
CR03034,06-11-2024,West Bengal,Kolkata,Ransomware,Low,Education,1793167,36718,User Report,Investigating
CR03035,05-03-2026,West Bengal,Kolkata,Online Fraud,High,Banking,3686243,4849,CERT-In,Resolved
CR03036,20-06-2026,Chhattisgarh,Bilaspur,Online Fraud,Critical,Personal,2377269,28033,CERT-In,Resolved
CR03037,14-06-2025,Rajasthan,Jodhpur,Ransomware,Low,Healthcare,4962274,2170,User Report,Open
CR03038,28-11-2024,Nagaland,Dimapur,Identity Theft,High,Banking,4866286,7247,CERT-In,Investigating
CR03039,10-06-2026,Nagaland,Dimapur,Data Breach,Critical,Healthcare,225430,1481,News,Resolved
CR03040,30-10-2024,Bihar,Muzaffarpur,Malware,High,Education,3901522,45086,Organization,Investigating
CR03041,10-10-2024,Bihar,Muzaffarpur,Malware,High,IT,672088,11634,CERT-In,Resolved
CR03042,01-06-2025,Karnataka,Mangaluru,DDoS,Critical,Corporate,2326033,8500,User Report,Investigating
CR03043,28-12-2025,Gujarat,Ahmedabad,Malware,Medium,Government,1009929,3345,Organization,Resolved
CR03044,01-07-2026,Kerala,Thiruvananthapuram,DDoS,Critical,Healthcare,1560557,33373,Organization,Resolved
CR03045,01-09-2024,Arunachal Pradesh,Naharlagun,Phishing,High,Banking,2802752,9171,CERT-In,Open
CR03046,25-05-2026,Chhattisgarh,Bilaspur,Malware,High,Education,597515,45324,CERT-In,Resolved
CR03047,20-02-2025,Lakshadweep,Kavaratti,Identity Theft,Medium,Personal,2749622,43577,Organization,Resolved
CR03048,09-02-2026,Maharashtra,Pune,Identity Theft,Medium,Personal,4616940,42742,CERT-In,Investigating
CR03049,08-11-2024,Dadra and Nagar Haveli and Daman and Diu,Daman,Data Breach,Medium,IT,3919544,40892,News,Open
CR03050,25-08-2025,Tripura,Agartala,Ransomware,High,IT,2540673,14309,User Report,Investigating
CR03051,09-07-2024,Kerala,Thiruvananthapuram,Data Breach,Critical,Personal,2725990,42885,Organization,Investigating
CR03052,16-02-2026,Andaman and Nicobar Islands,Port Blair,Online Fraud,Medium,Education,3695514,7491,News,Investigating
CR03053,28-02-2026,Meghalaya,Shillong,DDoS,Medium,Government,1476458,44925,User Report,Investigating
CR03054,17-03-2025,Gujarat,Vadodara,Phishing,Critical,IT,303505,2469,CERT-In,Open
CR03055,09-02-2024,Puducherry,Puducherry,Phishing,Low,Healthcare,2995536,9925,Organization,Open
CR03056,18-02-2025,Haryana,Faridabad,Malware,Medium,E-commerce,13694,2628,User Report,Resolved
CR03057,28-10-2025,Puducherry,Puducherry,Phishing,Low,Personal,1147073,48926,Organization,Resolved
CR03058,10-01-2024,Sikkim,Gangtok,Online Fraud,Low,Government,1403428,27521,User Report,Resolved
CR03059,18-07-2024,Odisha,Cuttack,Malware,High,Education,3428794,43625,News,Open
CR03060,03-12-2024,Tripura,Agartala,Ransomware,Medium,Healthcare,678126,24357,News,Investigating
CR03061,29-03-2024,Assam,Silchar,Data Breach,Medium,Corporate,3428239,11833,CERT-In,Open
CR03062,19-02-2024,Jharkhand,Ranchi,DDoS,High,Personal,2991756,7970,News,Open
CR03063,26-08-2024,Odisha,Cuttack,DDoS,Low,Corporate,2385762,24311,User Report,Investigating
CR03064,18-08-2025,Odisha,Bhubaneswar,Phishing,High,IT,1884919,12157,User Report,Open
CR03065,27-01-2026,Lakshadweep,Kavaratti,Identity Theft,High,Healthcare,2743863,8966,User Report,Resolved
CR03066,13-01-2025,West Bengal,Siliguri,Data Breach,High,Corporate,952702,25116,News,Open
CR03067,02-01-2025,Madhya Pradesh,Indore,Identity Theft,Critical,IT,1229305,27344,Organization,Open
CR03068,17-02-2025,Tripura,Agartala,Data Breach,High,Education,4767088,7660,News,Investigating
CR03069,20-02-2024,Himachal Pradesh,Shimla,Data Breach,Critical,Corporate,1024564,14610,News,Investigating
CR03070,11-12-2025,Goa,Margao,Online Fraud,Critical,Corporate,2367954,20574,News,Investigating
CR03071,27-07-2026,Andaman and Nicobar Islands,Port Blair,DDoS,High,Education,1614368,20856,CERT-In,Investigating
CR03072,28-10-2024,West Bengal,Siliguri,Ransomware,High,Education,395248,13069,User Report,Resolved
CR03073,02-10-2025,Haryana,Panipat,DDoS,Low,IT,3295837,13891,Organization,Investigating
CR03074,28-05-2026,West Bengal,Kolkata,Identity Theft,Critical,Education,4754839,24439,CERT-In,Investigating
CR03075,22-02-2026,Haryana,Gurugram,Phishing,Low,IT,2999696,12297,User Report,Resolved
CR03076,10-08-2025,Tamil Nadu,Coimbatore,Phishing,High,Education,927172,6110,CERT-In,Resolved
CR03077,23-07-2026,Dadra and Nagar Haveli and Daman and Diu,Silvassa,DDoS,Low,Education,1711210,18666,Organization,Investigating
CR03078,19-09-2024,Delhi,New Delhi,Identity Theft,High,Education,1619261,5386,CERT-In,Open
CR03079,28-07-2024,Andhra Pradesh,Visakhapatnam,Phishing,High,Banking,2623409,47840,Organization,Resolved
CR03080,30-11-2024,Tripura,Agartala,Data Breach,High,Healthcare,1081417,6089,News,Open
CR03081,02-10-2025,Puducherry,Puducherry,Ransomware,Low,E-commerce,4826670,27498,News,Resolved
CR03082,08-11-2025,Lakshadweep,Kavaratti,Online Fraud,High,Government,3671214,41513,CERT-In,Investigating
CR03083,30-04-2026,Ladakh,Leh,Data Breach,Low,Banking,4517103,12407,CERT-In,Investigating
CR03084,22-11-2025,Karnataka,Mysuru,Identity Theft,Low,IT,2511790,31716,Organization,Resolved
CR03085,23-06-2025,Tamil Nadu,Madurai,Online Fraud,Critical,Banking,549007,32355,Organization,Investigating
CR03086,01-11-2024,Rajasthan,Jaipur,Malware,Medium,Banking,368962,46060,User Report,Open
CR03087,07-04-2025,Goa,Margao,Identity Theft,Medium,E-commerce,628769,9315,News,Investigating
CR03088,17-03-2025,Ladakh,Leh,DDoS,Low,Personal,863525,29315,User Report,Investigating
CR03089,07-12-2025,West Bengal,Durgapur,Phishing,High,E-commerce,3031319,33608,Organization,Resolved
CR03090,06-07-2026,Andaman and Nicobar Islands,Port Blair,DDoS,Low,Healthcare,2200697,6589,News,Resolved
CR03091,01-06-2024,Karnataka,Mangaluru,Ransomware,Low,Education,4300370,38846,Organization,Resolved
CR03092,08-06-2024,Andaman and Nicobar Islands,Port Blair,DDoS,Critical,Government,2466640,43609,News,Resolved
CR03093,09-04-2026,Karnataka,Mangaluru,Phishing,Critical,Personal,166009,5649,News,Resolved
CR03094,18-07-2024,Maharashtra,Mumbai,Data Breach,Medium,E-commerce,2637843,17699,News,Open
CR03095,17-10-2025,West Bengal,Kolkata,Malware,Medium,IT,3183169,33579,Organization,Resolved
CR03096,02-04-2026,Bihar,Muzaffarpur,Online Fraud,Low,Personal,1287550,41029,User Report,Open
CR03097,05-12-2025,Lakshadweep,Kavaratti,DDoS,High,E-commerce,660495,44373,Organization,Resolved
CR03098,09-01-2025,Telangana,Warangal,Online Fraud,Medium,E-commerce,124346,13048,CERT-In,Resolved
CR03099,09-05-2025,Arunachal Pradesh,Itanagar,Malware,Critical,Banking,4037163,24849,CERT-In,Resolved
CR03100,14-02-2024,Assam,Guwahati,DDoS,Low,Banking,2269602,13283,CERT-In,Resolved
CR03101,15-08-2025,Puducherry,Puducherry,Phishing,Medium,Corporate,1010834,36370,User Report,Open
CR03102,30-03-2025,Himachal Pradesh,Dharamshala,Online Fraud,Critical,Banking,1271459,88,User Report,Open
CR03103,01-05-2026,Manipur,Imphal,Data Breach,High,Education,2279213,22298,Organization,Investigating
CR03104,05-04-2025,Dadra and Nagar Haveli and Daman and Diu,Daman,Ransomware,High,E-commerce,1986791,3233,News,Investigating
CR03105,17-03-2025,Goa,Panaji,Online Fraud,High,Personal,4824578,18947,User Report,Investigating
CR03106,21-02-2025,Jharkhand,Ranchi,Malware,Low,Banking,1460355,24863,CERT-In,Open
CR03107,15-07-2024,Chhattisgarh,Bilaspur,Malware,High,Education,4819320,3768,User Report,Open
CR03108,24-07-2025,Chhattisgarh,Raipur,DDoS,High,Corporate,3883846,26946,News,Investigating
CR03109,25-09-2025,Jharkhand,Jamshedpur,Online Fraud,Low,Personal,2317298,30532,News,Investigating
CR03110,02-08-2024,Sikkim,Gangtok,Ransomware,Medium,Banking,2918832,4884,User Report,Open
CR03111,17-06-2026,Puducherry,Puducherry,Malware,Medium,Corporate,3544433,20571,Organization,Open
CR03112,11-08-2024,Delhi,New Delhi,Phishing,Critical,Banking,4311827,35509,User Report,Resolved
CR03113,05-07-2024,Andaman and Nicobar Islands,Port Blair,Phishing,Critical,Personal,906384,4289,User Report,Open
CR03114,22-04-2024,Andhra Pradesh,Vijayawada,Ransomware,Critical,IT,3699367,3195,CERT-In,Open
CR03115,30-01-2024,Jharkhand,Jamshedpur,Data Breach,Medium,Healthcare,3836894,46598,User Report,Resolved
CR03116,22-02-2025,Punjab,Amritsar,Data Breach,Critical,Education,4616265,41037,CERT-In,Resolved
CR03117,26-09-2025,Punjab,Amritsar,Identity Theft,Medium,Government,1463196,33458,CERT-In,Resolved
CR03118,09-02-2025,Uttarakhand,Dehradun,Ransomware,High,Banking,57081,34785,Organization,Investigating
CR03119,11-07-2024,Meghalaya,Shillong,Data Breach,Critical,Corporate,869871,21558,Organization,Open
CR03120,25-06-2024,Telangana,Warangal,Online Fraud,Medium,Healthcare,1738207,3016,User Report,Resolved
CR03121,14-04-2024,Tripura,Agartala,Online Fraud,Medium,Healthcare,385658,42265,Organization,Resolved
CR03122,14-12-2024,Assam,Guwahati,Phishing,High,Corporate,462407,21441,News,Open
CR03123,26-02-2024,Assam,Dibrugarh,Online Fraud,Low,Education,1614652,23767,News,Resolved
CR03124,06-11-2025,Odisha,Cuttack,Online Fraud,Medium,Corporate,1607651,4224,User Report,Resolved
CR03125,31-05-2024,Delhi,New Delhi,DDoS,High,Personal,2276252,45666,User Report,Open
CR03126,07-04-2025,Meghalaya,Shillong,Ransomware,Critical,E-commerce,2303770,7049,Organization,Resolved
CR03127,15-08-2025,Sikkim,Gangtok,Data Breach,Critical,Healthcare,4296629,5830,User Report,Investigating
CR03128,18-02-2024,Lakshadweep,Kavaratti,Ransomware,Low,IT,2906595,15819,Organization,Investigating
CR03129,25-07-2025,Jammu and Kashmir,Srinagar,DDoS,Low,Corporate,3339819,10053,News,Open
CR03130,05-06-2025,Karnataka,Mangaluru,Phishing,Medium,Corporate,3009722,46158,CERT-In,Investigating
CR03131,19-03-2026,Goa,Panaji,Malware,Critical,Education,942659,30785,News,Investigating
CR03132,22-06-2025,Chandigarh,Chandigarh,Identity Theft,High,Education,2682410,4863,Organization,Resolved
CR03133,30-03-2025,Andaman and Nicobar Islands,Port Blair,Online Fraud,High,E-commerce,3865394,8117,CERT-In,Investigating
CR03134,04-03-2024,Punjab,Chandigarh,Malware,High,Government,4373205,29696,Organization,Open
CR03135,18-02-2024,Karnataka,Bengaluru,Malware,Low,Healthcare,2169336,36587,Organization,Investigating
CR03136,06-06-2025,Chhattisgarh,Raipur,Malware,Critical,Government,3639612,3682,CERT-In,Resolved
CR03137,02-05-2024,Meghalaya,Shillong,Ransomware,Low,Corporate,1956335,7146,News,Open
CR03138,09-10-2024,Meghalaya,Shillong,Malware,Critical,Personal,2528982,40656,News,Open
CR03139,31-12-2024,Himachal Pradesh,Shimla,Malware,Medium,Healthcare,1137814,40849,News,Resolved
CR03140,19-11-2025,Gujarat,Ahmedabad,Phishing,High,E-commerce,3979480,28292,User Report,Investigating
CR03141,21-10-2024,Meghalaya,Shillong,Phishing,Medium,Personal,1001212,38633,Organization,Investigating
CR03142,24-06-2025,Tripura,Agartala,Data Breach,High,Personal,1869123,1472,CERT-In,Open
CR03143,20-04-2026,Sikkim,Gangtok,Identity Theft,Medium,E-commerce,3340800,35970,Organization,Resolved
CR03144,05-07-2025,Odisha,Cuttack,Online Fraud,Medium,Banking,1891749,4445,CERT-In,Resolved
CR03145,18-10-2024,Sikkim,Gangtok,Online Fraud,Medium,Government,2051892,6482,Organization,Investigating
CR03146,09-08-2024,Kerala,Kozhikode,Ransomware,Medium,IT,3767335,27675,CERT-In,Resolved
CR03147,06-05-2024,Assam,Silchar,Identity Theft,Low,Banking,4247291,12305,News,Resolved
CR03148,09-04-2026,Madhya Pradesh,Bhopal,Online Fraud,Low,Banking,4432653,35379,News,Resolved
CR03149,05-12-2025,Tripura,Agartala,Ransomware,Medium,Government,4960834,25542,CERT-In,Open
CR03150,05-05-2026,Karnataka,Mangaluru,Online Fraud,Critical,IT,3462740,26965,News,Open
CR03151,23-12-2024,Telangana,Warangal,Data Breach,Critical,Government,4706910,22178,CERT-In,Resolved
CR03152,27-01-2025,Karnataka,Mangaluru,Ransomware,Critical,Government,2029228,47617,User Report,Open
CR03153,27-08-2024,Delhi,New Delhi,Malware,High,Government,3093181,35971,User Report,Open
CR03154,17-12-2024,West Bengal,Durgapur,Ransomware,Medium,E-commerce,2632176,34563,User Report,Resolved
CR03155,20-05-2026,Telangana,Hyderabad,Data Breach,Medium,Personal,914965,5742,CERT-In,Resolved
CR03156,22-10-2024,Andaman and Nicobar Islands,Port Blair,Ransomware,High,Education,565239,4603,User Report,Investigating
CR03157,16-07-2025,Gujarat,Rajkot,Ransomware,High,E-commerce,2349121,27685,CERT-In,Investigating
CR03158,21-10-2025,Goa,Margao,Phishing,Low,Personal,1938102,23918,News,Open
CR03159,10-07-2025,Uttarakhand,Dehradun,Malware,Low,Corporate,4054681,9812,CERT-In,Resolved
CR03160,04-03-2025,Madhya Pradesh,Gwalior,Phishing,Medium,Education,4008933,13768,Organization,Resolved
CR03161,17-06-2025,Lakshadweep,Kavaratti,Data Breach,Low,IT,4796763,38824,User Report,Open
CR03162,21-03-2026,Tamil Nadu,Chennai,Ransomware,Medium,Education,2436492,30126,News,Resolved
CR03163,31-10-2024,Mizoram,Aizawl,Online Fraud,Medium,Government,1387102,25579,Organization,Open
CR03164,17-12-2024,Goa,Margao,Online Fraud,Critical,IT,3133332,25484,User Report,Open
CR03165,02-12-2025,Kerala,Kochi,Phishing,Critical,Government,1899325,49771,CERT-In,Open
CR03166,20-02-2025,Chandigarh,Chandigarh,Online Fraud,Low,E-commerce,4067217,26830,News,Resolved
CR03167,24-08-2024,Haryana,Gurugram,Ransomware,Low,IT,2698526,29382,User Report,Resolved
CR03168,04-05-2024,Jammu and Kashmir,Srinagar,Malware,Critical,Banking,4448103,46215,Organization,Investigating
CR03169,16-12-2025,Maharashtra,Nashik,Online Fraud,High,E-commerce,1084413,42902,News,Open
CR03170,09-06-2025,Chandigarh,Chandigarh,Phishing,Medium,Government,2248986,14727,User Report,Investigating
CR03171,03-11-2024,Kerala,Thiruvananthapuram,Data Breach,Medium,Banking,214850,42659,News,Open
CR03172,03-08-2025,Meghalaya,Shillong,DDoS,Critical,Personal,544169,8021,User Report,Investigating
CR03173,12-09-2025,Uttar Pradesh,Lucknow,Data Breach,High,Corporate,4512687,40164,News,Investigating
CR03174,03-01-2025,Tamil Nadu,Chennai,Malware,Medium,Government,3571110,11648,Organization,Investigating
CR03175,11-07-2025,Chhattisgarh,Bilaspur,Malware,Critical,Government,4949945,22851,News,Investigating
CR03176,06-04-2026,Delhi,New Delhi,Ransomware,Medium,Healthcare,218003,47499,User Report,Investigating
CR03177,11-06-2025,Lakshadweep,Kavaratti,Ransomware,Medium,IT,2012017,5301,News,Resolved
CR03178,07-05-2025,Gujarat,Surat,Identity Theft,High,Healthcare,2589996,20290,News,Investigating
CR03179,21-07-2026,Uttarakhand,Haridwar,Identity Theft,Low,Government,4814751,9195,News,Resolved
CR03180,18-03-2025,Andaman and Nicobar Islands,Port Blair,Phishing,Critical,Education,727360,36464,Organization,Resolved
CR03181,04-03-2026,Telangana,Warangal,Ransomware,Critical,Personal,2756211,9151,CERT-In,Investigating
CR03182,30-03-2025,Chandigarh,Chandigarh,Identity Theft,Medium,Healthcare,569599,31270,CERT-In,Investigating
CR03183,19-10-2025,Punjab,Amritsar,Phishing,Critical,Banking,4430841,2511,Organization,Resolved
CR03184,25-07-2025,Meghalaya,Shillong,Phishing,Critical,IT,524184,14547,CERT-In,Resolved
CR03185,07-05-2024,Tripura,Agartala,Ransomware,Critical,Personal,3193773,10804,CERT-In,Investigating
CR03186,03-02-2026,Meghalaya,Shillong,Online Fraud,Low,Banking,2249301,30120,User Report,Resolved
CR03187,19-08-2024,Himachal Pradesh,Shimla,Identity Theft,Medium,Healthcare,791190,13856,News,Investigating
CR03188,01-08-2025,Kerala,Kozhikode,Online Fraud,Critical,Banking,3216406,2969,Organization,Open
CR03189,17-05-2026,Rajasthan,Jaipur,Online Fraud,Low,Banking,3471647,18832,Organization,Open
CR03190,31-03-2025,Uttarakhand,Dehradun,DDoS,Low,Corporate,547075,11669,Organization,Resolved
CR03191,16-09-2025,West Bengal,Durgapur,DDoS,High,Education,3640168,27178,User Report,Resolved
CR03192,08-09-2025,Maharashtra,Mumbai,DDoS,High,E-commerce,3151123,26930,News,Investigating
CR03193,04-04-2024,Madhya Pradesh,Gwalior,Online Fraud,Critical,IT,3355544,3135,CERT-In,Investigating
CR03194,26-02-2025,Mizoram,Aizawl,Data Breach,Medium,Government,3176918,9682,Organization,Open
CR03195,24-04-2025,Punjab,Chandigarh,Malware,Critical,Government,1823873,48004,CERT-In,Investigating
CR03196,14-07-2025,Assam,Silchar,Identity Theft,Low,Personal,838016,17078,CERT-In,Resolved
CR03197,26-01-2026,Meghalaya,Shillong,Data Breach,Low,IT,1999716,22834,Organization,Resolved
CR03198,01-09-2024,Madhya Pradesh,Bhopal,Data Breach,Low,Banking,728862,7647,Organization,Investigating
CR03199,22-05-2024,Arunachal Pradesh,Naharlagun,Malware,Critical,Corporate,2725093,33948,News,Open
CR03200,24-01-2025,Dadra and Nagar Haveli and Daman and Diu,Daman,Ransomware,Low,Education,2091537,45929,Organization,Investigating
CR03201,05-05-2024,Tamil Nadu,Chennai,Malware,Critical,Healthcare,1219936,46723,Organization,Open
CR03202,19-03-2024,Andhra Pradesh,Visakhapatnam,Phishing,High,Banking,986567,46386,CERT-In,Open
CR03203,22-01-2025,Delhi,New Delhi,Data Breach,Low,E-commerce,1919857,1394,CERT-In,Investigating
CR03204,03-03-2024,Rajasthan,Jodhpur,Malware,Critical,Banking,4808307,16501,News,Resolved
CR03205,09-12-2024,Gujarat,Rajkot,Malware,Medium,Personal,4804400,3859,CERT-In,Open
CR03206,03-04-2024,Andhra Pradesh,Visakhapatnam,Identity Theft,Medium,Education,3939183,22542,User Report,Resolved
CR03207,14-11-2024,Dadra and Nagar Haveli and Daman and Diu,Silvassa,DDoS,Critical,Education,991059,14764,CERT-In,Investigating
CR03208,24-06-2024,Andaman and Nicobar Islands,Port Blair,Identity Theft,Medium,Banking,351538,36393,News,Open
CR03209,06-05-2025,Ladakh,Leh,Online Fraud,Low,Banking,4100355,27090,CERT-In,Resolved
CR03210,08-08-2025,Odisha,Cuttack,Data Breach,Medium,Personal,4505631,5449,News,Open
CR03211,24-01-2025,Jammu and Kashmir,Jammu,Ransomware,Medium,Government,233922,13784,Organization,Resolved
CR03212,22-10-2024,Telangana,Hyderabad,Data Breach,Low,E-commerce,4303132,9400,News,Resolved
CR03213,07-12-2024,Bihar,Gaya,Online Fraud,Critical,Banking,1699647,15004,News,Open
CR03214,27-07-2024,Madhya Pradesh,Gwalior,Online Fraud,Critical,Personal,2207895,2746,User Report,Open
CR03215,15-11-2024,Tamil Nadu,Coimbatore,Phishing,Critical,IT,3929057,16899,News,Resolved
CR03216,16-01-2025,Jharkhand,Jamshedpur,Online Fraud,Medium,Personal,333746,28602,News,Investigating
CR03217,21-07-2024,Meghalaya,Shillong,Online Fraud,High,Education,77834,1880,User Report,Investigating
CR03218,21-02-2024,Maharashtra,Pune,Online Fraud,High,Banking,357728,24513,Organization,Resolved
CR03219,29-04-2026,Nagaland,Dimapur,Malware,High,Personal,4806320,42976,Organization,Resolved
CR03220,04-05-2025,Assam,Dibrugarh,Malware,Critical,Education,4983592,49967,Organization,Investigating
CR03221,22-06-2026,Assam,Guwahati,Online Fraud,Low,Banking,862491,46867,News,Open
CR03222,15-01-2026,Andhra Pradesh,Visakhapatnam,Phishing,High,E-commerce,3185430,5469,User Report,Resolved
CR03223,07-07-2024,Sikkim,Gangtok,Phishing,Low,Education,3169458,12481,News,Open
CR03224,30-11-2024,Delhi,New Delhi,Identity Theft,Low,Personal,1774787,14846,User Report,Open
CR03225,09-03-2025,Himachal Pradesh,Dharamshala,Ransomware,High,Healthcare,2081401,25764,CERT-In,Open
CR03226,23-10-2024,Uttarakhand,Dehradun,Malware,Critical,IT,4824789,48854,CERT-In,Open
CR03227,19-01-2024,Jharkhand,Ranchi,Ransomware,High,Personal,4744046,8625,Organization,Open
CR03228,10-01-2026,Tamil Nadu,Madurai,Online Fraud,Low,Government,328814,49284,News,Resolved
CR03229,06-06-2026,Chandigarh,Chandigarh,Phishing,Low,Corporate,2550502,42615,News,Resolved
CR03230,10-10-2025,Madhya Pradesh,Bhopal,Identity Theft,Low,Education,198934,15148,News,Resolved
CR03231,29-06-2025,Assam,Dibrugarh,Data Breach,Low,Corporate,1325063,38413,Organization,Investigating
CR03232,20-10-2024,Goa,Panaji,Phishing,Critical,IT,4546065,45677,User Report,Resolved
CR03233,21-05-2026,Uttar Pradesh,Varanasi,Online Fraud,High,Education,4490628,32511,Organization,Open
CR03234,09-09-2024,Jammu and Kashmir,Jammu,Phishing,Critical,E-commerce,3424856,47685,User Report,Investigating
CR03235,16-02-2024,West Bengal,Siliguri,DDoS,High,Personal,2807714,9627,Organization,Open
CR03236,27-07-2026,Ladakh,Leh,DDoS,High,IT,705310,26572,Organization,Investigating
CR03237,09-02-2024,Nagaland,Kohima,Malware,Low,IT,4826318,37000,News,Resolved
CR03238,15-09-2025,Arunachal Pradesh,Naharlagun,Data Breach,Medium,Personal,3260083,36251,User Report,Open
CR03239,21-03-2026,Tamil Nadu,Chennai,Identity Theft,Medium,E-commerce,2526264,33119,User Report,Open
CR03240,27-10-2024,Andhra Pradesh,Visakhapatnam,Data Breach,Critical,Education,2718333,48506,Organization,Investigating
CR03241,14-11-2024,Himachal Pradesh,Shimla,Identity Theft,High,Government,2436021,15338,News,Open
CR03242,08-11-2024,Manipur,Imphal,Ransomware,Low,Banking,3066694,39322,User Report,Open
CR03243,28-03-2025,Puducherry,Puducherry,DDoS,Medium,Banking,3549890,48084,News,Open
CR03244,11-07-2025,Assam,Guwahati,Identity Theft,High,Banking,3100371,1478,CERT-In,Open
CR03245,16-09-2024,Haryana,Gurugram,Identity Theft,High,Banking,2775435,10402,Organization,Resolved
CR03246,28-05-2024,Uttar Pradesh,Kanpur,Identity Theft,Low,Government,1203270,15423,CERT-In,Open
CR03247,11-05-2024,Chandigarh,Chandigarh,DDoS,Medium,IT,3060177,10780,User Report,Investigating
CR03248,19-05-2024,Andhra Pradesh,Guntur,Phishing,High,IT,2212591,15895,User Report,Open
CR03249,05-11-2025,Uttarakhand,Haridwar,Identity Theft,High,Healthcare,3499179,35526,CERT-In,Open
CR03250,05-01-2026,Karnataka,Mysuru,DDoS,Low,Healthcare,1982952,5104,Organization,Investigating
CR03251,03-09-2025,Karnataka,Mangaluru,Malware,Medium,Corporate,4242989,10206,News,Investigating
CR03252,20-07-2024,Punjab,Ludhiana,Malware,Critical,Corporate,4299289,39677,CERT-In,Resolved
CR03253,18-11-2025,Ladakh,Leh,Identity Theft,Medium,Banking,3798750,37037,User Report,Resolved
CR03254,24-07-2025,Jharkhand,Ranchi,Ransomware,Low,Education,1206435,44369,User Report,Resolved
CR03255,04-07-2024,Meghalaya,Shillong,Identity Theft,Medium,Corporate,3229612,25601,Organization,Open
CR03256,04-10-2025,West Bengal,Durgapur,Online Fraud,High,Banking,3480568,16122,News,Investigating
CR03257,14-11-2025,Andaman and Nicobar Islands,Port Blair,Phishing,High,Healthcare,369897,35000,Organization,Open
CR03258,30-09-2025,Ladakh,Leh,Data Breach,High,Government,273898,6442,CERT-In,Investigating
CR03259,19-04-2024,West Bengal,Kolkata,Online Fraud,High,Government,2947216,42510,User Report,Resolved
CR03260,12-03-2025,Goa,Margao,Data Breach,High,Healthcare,4523544,29425,User Report,Investigating
CR03261,26-05-2026,Kerala,Kozhikode,Data Breach,Low,Government,4687685,3345,CERT-In,Open
CR03262,22-12-2025,Puducherry,Puducherry,DDoS,High,Corporate,2157180,47645,News,Open
CR03263,13-05-2025,Andhra Pradesh,Guntur,Ransomware,Medium,IT,1341026,28350,User Report,Open
CR03264,27-04-2024,Arunachal Pradesh,Itanagar,Identity Theft,Critical,Personal,2825717,23486,News,Investigating
CR03265,26-06-2026,Uttar Pradesh,Varanasi,Phishing,High,Government,1692374,32855,Organization,Open
CR03266,06-04-2026,Lakshadweep,Kavaratti,Ransomware,Medium,E-commerce,963054,44160,Organization,Investigating
CR03267,01-02-2024,Nagaland,Kohima,DDoS,Low,Education,791704,16047,News,Resolved
CR03268,01-06-2024,Kerala,Thiruvananthapuram,DDoS,High,Healthcare,4953603,34803,CERT-In,Investigating
CR03269,08-06-2025,Tamil Nadu,Chennai,DDoS,High,Healthcare,2403548,33977,User Report,Open
CR03270,09-06-2026,Arunachal Pradesh,Naharlagun,DDoS,Medium,Corporate,2541621,4036,CERT-In,Open
CR03271,29-04-2025,Manipur,Imphal,Ransomware,Low,Banking,2593772,7830,User Report,Resolved
CR03272,29-09-2025,Goa,Panaji,DDoS,Medium,Government,4290384,48780,CERT-In,Investigating
CR03273,08-05-2024,Kerala,Thiruvananthapuram,Ransomware,High,Education,951777,19873,News,Open
CR03274,30-11-2024,Jammu and Kashmir,Jammu,Data Breach,Critical,Banking,3965922,19043,Organization,Investigating
CR03275,07-02-2026,Telangana,Hyderabad,Data Breach,Low,Healthcare,3131972,44016,CERT-In,Resolved
CR03276,12-07-2025,Rajasthan,Jodhpur,Phishing,Low,Healthcare,240356,12365,User Report,Resolved
CR03277,08-03-2024,Delhi,New Delhi,DDoS,High,Personal,728567,2895,News,Resolved
CR03278,01-07-2026,Arunachal Pradesh,Itanagar,Online Fraud,High,IT,2264094,43882,News,Investigating
CR03279,30-07-2024,Lakshadweep,Kavaratti,Phishing,Medium,Personal,789220,45758,News,Resolved
CR03280,20-07-2025,Himachal Pradesh,Dharamshala,DDoS,Low,E-commerce,4642667,48574,CERT-In,Investigating
CR03281,14-02-2024,Karnataka,Bengaluru,Identity Theft,Medium,Education,2791732,37528,Organization,Resolved
CR03282,04-03-2026,Karnataka,Mangaluru,Malware,Medium,Personal,549575,44506,CERT-In,Resolved
CR03283,27-07-2024,Punjab,Amritsar,Ransomware,Critical,Banking,4698946,19791,User Report,Open
CR03284,31-05-2024,Himachal Pradesh,Dharamshala,Ransomware,Low,Education,1614785,10670,User Report,Open
CR03285,02-10-2025,Maharashtra,Nashik,Malware,High,IT,3095353,30722,News,Investigating
CR03286,12-02-2024,Bihar,Muzaffarpur,Malware,High,Banking,813753,48652,User Report,Resolved
CR03287,20-05-2025,West Bengal,Durgapur,Ransomware,High,IT,2214839,17536,News,Investigating
CR03288,11-01-2025,Rajasthan,Jaipur,Online Fraud,Critical,IT,306916,11120,CERT-In,Resolved
CR03289,09-01-2026,Assam,Guwahati,DDoS,High,Healthcare,501338,10818,CERT-In,Investigating
CR03290,14-02-2025,Maharashtra,Pune,Malware,Medium,Banking,452501,49936,User Report,Open
CR03291,15-02-2024,Bihar,Gaya,Phishing,High,IT,289262,19066,CERT-In,Open
CR03292,26-03-2024,Goa,Panaji,Ransomware,Low,Personal,3873529,27546,News,Open
CR03293,15-09-2024,Dadra and Nagar Haveli and Daman and Diu,Daman,Identity Theft,High,IT,366987,14171,News,Investigating
CR03294,19-05-2025,Lakshadweep,Kavaratti,Online Fraud,Critical,Corporate,4577336,49518,CERT-In,Open
CR03295,09-10-2024,Haryana,Panipat,Online Fraud,Low,Banking,4739443,11044,Organization,Open
CR03296,09-04-2024,Goa,Margao,Malware,Low,Personal,321899,8065,News,Investigating
CR03297,09-07-2024,Punjab,Chandigarh,Ransomware,Critical,Government,714050,16955,Organization,Open
CR03298,24-06-2026,Uttarakhand,Haridwar,Identity Theft,Critical,Healthcare,964850,28792,News,Investigating
CR03299,08-10-2024,Tamil Nadu,Chennai,Malware,High,Government,1950749,44393,News,Investigating
CR03300,15-01-2025,Kerala,Kozhikode,Online Fraud,High,Personal,1796938,6149,Organization,Resolved
CR03301,19-04-2025,Andhra Pradesh,Visakhapatnam,Online Fraud,High,Banking,4031466,36054,CERT-In,Open
CR03302,22-01-2026,West Bengal,Durgapur,Data Breach,Medium,Education,4290970,3635,Organization,Resolved
CR03303,31-01-2024,Dadra and Nagar Haveli and Daman and Diu,Daman,Malware,High,Banking,1273721,45405,Organization,Investigating
CR03304,12-07-2025,Dadra and Nagar Haveli and Daman and Diu,Daman,Ransomware,High,E-commerce,4672367,31505,Organization,Resolved
CR03305,17-05-2025,Tamil Nadu,Chennai,DDoS,High,Personal,747543,12309,User Report,Open
CR03306,25-04-2025,Arunachal Pradesh,Itanagar,Phishing,Medium,E-commerce,4837376,33884,User Report,Resolved
CR03307,24-08-2025,Uttar Pradesh,Lucknow,Identity Theft,High,Healthcare,2599416,6553,News,Resolved
CR03308,16-06-2024,Punjab,Amritsar,Ransomware,Critical,E-commerce,1818544,35736,News,Resolved
CR03309,07-02-2026,Uttar Pradesh,Varanasi,Data Breach,High,IT,4153348,32725,CERT-In,Open
CR03310,12-10-2024,Andaman and Nicobar Islands,Port Blair,DDoS,Medium,Healthcare,1889001,1466,User Report,Investigating
CR03311,08-08-2025,Lakshadweep,Kavaratti,Ransomware,High,E-commerce,4136820,26030,CERT-In,Open
CR03312,30-08-2024,Odisha,Bhubaneswar,DDoS,Low,Personal,808568,41452,News,Investigating
CR03313,27-12-2024,Andaman and Nicobar Islands,Port Blair,DDoS,High,Personal,4406963,27459,News,Investigating
CR03314,28-04-2026,Sikkim,Gangtok,Data Breach,Low,Government,3335817,45808,User Report,Investigating
CR03315,28-04-2024,Gujarat,Rajkot,Ransomware,Low,Healthcare,3993368,7149,News,Investigating
CR03316,18-09-2025,Tamil Nadu,Chennai,Malware,Critical,Government,3191522,45987,CERT-In,Resolved
CR03317,29-07-2026,Dadra and Nagar Haveli and Daman and Diu,Silvassa,Identity Theft,Low,Healthcare,2582669,23809,Organization,Resolved
CR03318,03-05-2024,Chhattisgarh,Bilaspur,Identity Theft,Medium,Education,4720558,40889,Organization,Investigating
CR03319,18-01-2025,Arunachal Pradesh,Naharlagun,Malware,Low,IT,2616050,30110,News,Investigating
CR03320,14-05-2025,Dadra and Nagar Haveli and Daman and Diu,Daman,Online Fraud,Low,Banking,885564,33667,News,Open
CR03321,06-08-2025,Dadra and Nagar Haveli and Daman and Diu,Silvassa,Online Fraud,Critical,Personal,4804853,9262,Organization,Resolved
CR03322,05-03-2025,Delhi,New Delhi,Data Breach,Medium,E-commerce,1878258,10977,News,Investigating
CR03323,06-01-2025,Dadra and Nagar Haveli and Daman and Diu,Daman,DDoS,Medium,Education,2746968,27063,News,Open
CR03324,21-11-2024,Sikkim,Gangtok,Online Fraud,High,E-commerce,66582,5694,User Report,Resolved
CR03325,19-02-2026,Odisha,Bhubaneswar,Ransomware,High,IT,3517467,1395,Organization,Open
CR03326,25-12-2025,Jammu and Kashmir,Jammu,Ransomware,Critical,E-commerce,2355759,27042,News,Investigating
CR03327,05-11-2024,Lakshadweep,Kavaratti,Identity Theft,Low,E-commerce,713917,3138,CERT-In,Investigating
CR03328,30-03-2026,Goa,Panaji,Online Fraud,Medium,Government,3381445,45817,CERT-In,Investigating
CR03329,23-11-2025,Odisha,Cuttack,Online Fraud,Critical,Healthcare,4091727,13530,News,Open
CR03330,06-08-2024,West Bengal,Durgapur,Data Breach,Medium,Education,4280148,31422,User Report,Resolved
CR03331,07-07-2026,Karnataka,Mysuru,DDoS,Low,Government,2993160,46182,User Report,Resolved
CR03332,14-02-2024,Madhya Pradesh,Indore,Malware,High,Corporate,3756550,42392,CERT-In,Open
CR03333,27-02-2024,Karnataka,Mangaluru,Data Breach,Low,Government,545656,28151,News,Resolved
CR03334,10-03-2026,Gujarat,Rajkot,Data Breach,Medium,Personal,1570756,7038,User Report,Investigating
CR03335,01-07-2026,Maharashtra,Nagpur,DDoS,High,Banking,1005280,26230,News,Resolved
CR03336,19-09-2025,Haryana,Gurugram,Identity Theft,Medium,Corporate,31994,15806,News,Investigating
CR03337,01-04-2025,Tamil Nadu,Madurai,Phishing,High,E-commerce,1254576,144,User Report,Investigating
CR03338,29-01-2024,Ladakh,Leh,Malware,Low,Government,37148,39425,News,Investigating
CR03339,08-07-2026,Madhya Pradesh,Bhopal,DDoS,Medium,Government,3473935,13720,User Report,Resolved
CR03340,11-06-2025,Odisha,Cuttack,Phishing,High,Education,56484,5004,User Report,Investigating
CR03341,06-07-2024,Uttar Pradesh,Varanasi,Malware,Critical,E-commerce,2375782,22909,User Report,Resolved
CR03342,01-06-2026,Meghalaya,Shillong,Phishing,Low,IT,3254265,2302,News,Resolved
CR03343,26-03-2026,Gujarat,Surat,DDoS,Low,Healthcare,741572,370,Organization,Resolved
CR03344,21-02-2025,Chhattisgarh,Raipur,Online Fraud,Critical,E-commerce,53843,14191,CERT-In,Open
CR03345,15-02-2025,Manipur,Imphal,Phishing,Critical,Education,781090,27904,News,Investigating
CR03346,24-08-2024,Dadra and Nagar Haveli and Daman and Diu,Daman,DDoS,Critical,Education,3697434,39,Organization,Open
CR03347,03-11-2025,Rajasthan,Jodhpur,Identity Theft,High,IT,1226529,37912,User Report,Investigating
CR03348,25-05-2026,Bihar,Gaya,Ransomware,Critical,Personal,3370234,39462,CERT-In,Resolved
CR03349,03-10-2025,Andaman and Nicobar Islands,Port Blair,Online Fraud,Critical,Corporate,2462487,40339,Organization,Resolved
CR03350,17-11-2024,Mizoram,Aizawl,Data Breach,Low,IT,3901830,29197,CERT-In,Investigating
CR03351,05-10-2024,Gujarat,Surat,Data Breach,Low,Personal,4925565,11603,Organization,Resolved
CR03352,13-02-2026,Chhattisgarh,Bilaspur,Identity Theft,Critical,IT,1448924,44231,User Report,Resolved
CR03353,14-04-2025,Odisha,Bhubaneswar,Malware,Medium,Education,1204603,7951,CERT-In,Investigating
CR03354,30-03-2025,Madhya Pradesh,Bhopal,Phishing,Critical,Government,710896,13205,News,Resolved
CR03355,04-03-2026,Punjab,Chandigarh,Data Breach,Low,Education,4212398,42166,User Report,Investigating
CR03356,01-10-2024,Rajasthan,Jaipur,Online Fraud,Critical,Banking,3945030,45432,Organization,Resolved
CR03357,10-10-2025,Tamil Nadu,Coimbatore,Phishing,Low,E-commerce,2316591,20621,Organization,Investigating
CR03358,02-12-2025,Goa,Panaji,Ransomware,High,IT,2801099,3488,User Report,Investigating
CR03359,31-03-2024,Maharashtra,Mumbai,DDoS,Critical,Corporate,4594566,20151,Organization,Open
CR03360,17-07-2026,Punjab,Ludhiana,Data Breach,High,Personal,32934,27880,Organization,Investigating
CR03361,15-03-2024,Mizoram,Aizawl,Malware,Low,E-commerce,3020212,28418,Organization,Open
CR03362,12-12-2024,Karnataka,Mysuru,Ransomware,Medium,Government,2561206,43284,News,Investigating
CR03363,20-10-2024,Madhya Pradesh,Gwalior,Identity Theft,Critical,Education,1056980,49299,CERT-In,Investigating
CR03364,20-10-2025,Haryana,Faridabad,Identity Theft,Low,Personal,3871821,36298,CERT-In,Investigating
CR03365,03-10-2025,Himachal Pradesh,Shimla,DDoS,Medium,Personal,880853,48202,News,Investigating
CR03366,27-05-2024,Ladakh,Leh,Ransomware,Low,Education,253162,33974,News,Investigating
CR03367,11-07-2024,Delhi,New Delhi,Identity Theft,Critical,Government,4347548,40826,Organization,Resolved
CR03368,10-05-2025,Himachal Pradesh,Dharamshala,Identity Theft,Critical,Personal,1840423,35083,CERT-In,Investigating
CR03369,02-02-2026,Odisha,Bhubaneswar,Ransomware,Medium,IT,1206708,21299,Organization,Open
CR03370,18-01-2025,Mizoram,Aizawl,Online Fraud,Low,Personal,1821459,29057,News,Open
CR03371,29-01-2025,Rajasthan,Jaipur,Malware,High,Healthcare,1029335,22560,News,Investigating
CR03372,23-09-2024,Lakshadweep,Kavaratti,DDoS,High,IT,876452,1577,News,Investigating
CR03373,29-03-2024,Bihar,Gaya,DDoS,High,E-commerce,531442,10947,CERT-In,Resolved
CR03374,07-02-2025,Arunachal Pradesh,Naharlagun,DDoS,Medium,Healthcare,1055233,20914,CERT-In,Investigating
CR03375,02-12-2024,Odisha,Bhubaneswar,Ransomware,Low,Corporate,993423,28091,User Report,Open
CR03376,19-03-2024,Uttar Pradesh,Noida,Ransomware,High,Education,3644039,28028,User Report,Resolved
CR03377,14-12-2025,Rajasthan,Jodhpur,Data Breach,Low,Education,4676437,1159,News,Investigating
CR03378,23-12-2024,Telangana,Hyderabad,DDoS,High,Banking,1420869,48682,CERT-In,Resolved
CR03379,01-07-2026,Haryana,Gurugram,Ransomware,Low,Government,356255,41761,Organization,Resolved
CR03380,26-10-2024,Bihar,Gaya,Malware,Low,E-commerce,3749033,33883,Organization,Open
CR03381,23-04-2026,Manipur,Imphal,Data Breach,High,Education,2534968,18476,User Report,Investigating
CR03382,03-01-2026,Jharkhand,Ranchi,Ransomware,Low,Education,1288402,30732,CERT-In,Resolved
CR03383,13-06-2024,Uttarakhand,Dehradun,Online Fraud,Medium,Banking,733458,41159,User Report,Open
CR03384,23-03-2026,Maharashtra,Nagpur,Phishing,Low,Education,2111798,26525,User Report,Investigating
CR03385,13-09-2025,Telangana,Warangal,Online Fraud,Medium,E-commerce,2429616,36091,Organization,Open
CR03386,25-04-2026,Kerala,Thiruvananthapuram,Data Breach,Low,IT,3413144,29734,Organization,Investigating
CR03387,08-01-2024,Ladakh,Leh,DDoS,High,Banking,4114872,43941,User Report,Open
CR03388,22-05-2024,West Bengal,Siliguri,DDoS,High,Banking,2624049,9951,News,Open
CR03389,04-01-2024,Manipur,Imphal,Ransomware,High,Banking,2836790,39533,CERT-In,Open
CR03390,08-10-2025,Uttarakhand,Haridwar,Malware,Critical,Corporate,2931431,20232,News,Resolved
CR03391,06-05-2026,West Bengal,Durgapur,Malware,Low,Corporate,1231974,37242,News,Investigating
CR03392,08-09-2025,Ladakh,Leh,Malware,Low,Corporate,4245680,9977,User Report,Open
CR03393,19-04-2026,Goa,Margao,Phishing,Critical,Healthcare,4321773,11917,Organization,Resolved
CR03394,29-09-2025,Dadra and Nagar Haveli and Daman and Diu,Daman,Malware,Critical,Corporate,722803,28638,CERT-In,Investigating
CR03395,29-02-2024,Tamil Nadu,Coimbatore,Identity Theft,Low,Banking,2253323,33599,News,Resolved
CR03396,01-01-2026,Lakshadweep,Kavaratti,DDoS,Critical,Government,1329259,33381,Organization,Open
CR03397,24-02-2025,Uttarakhand,Dehradun,Phishing,Low,Education,4509010,19684,Organization,Investigating
CR03398,13-01-2025,Punjab,Ludhiana,DDoS,Low,Healthcare,2425427,21795,Organization,Open
CR03399,19-01-2025,Manipur,Imphal,Phishing,High,Healthcare,3648571,18636,Organization,Open
CR03400,15-08-2024,Puducherry,Puducherry,Ransomware,High,E-commerce,2678142,11752,News,Resolved
CR03401,13-03-2024,Himachal Pradesh,Dharamshala,Data Breach,Medium,E-commerce,2379918,7027,CERT-In,Investigating
CR03402,17-01-2026,Tamil Nadu,Chennai,Data Breach,Medium,Government,3349139,49395,Organization,Resolved
CR03403,23-01-2025,Jammu and Kashmir,Srinagar,Ransomware,Low,Corporate,2243894,5535,Organization,Resolved
CR03404,16-12-2024,Dadra and Nagar Haveli and Daman and Diu,Silvassa,Data Breach,Medium,E-commerce,2939783,19759,User Report,Investigating
CR03405,29-06-2025,Punjab,Ludhiana,Ransomware,Medium,Corporate,2240341,34816,News,Investigating
CR03406,13-06-2026,Tripura,Agartala,Phishing,Critical,Government,2529525,1246,Organization,Open
CR03407,25-08-2024,Himachal Pradesh,Dharamshala,DDoS,Critical,Government,2660598,15051,CERT-In,Investigating
CR03408,26-10-2025,Assam,Guwahati,Ransomware,Critical,Healthcare,1497493,33980,User Report,Resolved
CR03409,02-06-2025,Sikkim,Gangtok,Malware,Medium,Corporate,2460246,12636,User Report,Resolved
CR03410,04-07-2025,Puducherry,Puducherry,Malware,Medium,Government,1897202,13340,Organization,Resolved
CR03411,11-05-2024,Arunachal Pradesh,Naharlagun,Online Fraud,Critical,Education,2181130,21037,News,Investigating
CR03412,06-03-2024,Jammu and Kashmir,Jammu,Data Breach,Medium,Healthcare,689187,41736,CERT-In,Open
CR03413,30-09-2025,Uttar Pradesh,Varanasi,Malware,Critical,Banking,4769776,33729,User Report,Investigating
CR03414,27-02-2026,Nagaland,Dimapur,Data Breach,High,Education,1734876,48730,News,Resolved
CR03415,20-01-2024,Haryana,Gurugram,Malware,Medium,Government,4927940,28845,Organization,Investigating
CR03416,13-06-2025,Jammu and Kashmir,Jammu,Identity Theft,Low,Healthcare,1464472,26870,News,Investigating
CR03417,03-03-2026,Haryana,Panipat,Data Breach,Critical,Banking,207974,34338,Organization,Resolved
CR03418,17-04-2024,Telangana,Warangal,Malware,Critical,Banking,4556778,34284,Organization,Open
CR03419,18-11-2025,Gujarat,Vadodara,Malware,High,IT,4297894,13121,User Report,Resolved
CR03420,19-01-2025,Chhattisgarh,Raipur,Ransomware,High,Healthcare,495048,45511,News,Investigating
CR03421,20-04-2025,West Bengal,Durgapur,Identity Theft,Low,Healthcare,3133442,8823,News,Investigating
CR03422,25-04-2025,Lakshadweep,Kavaratti,Data Breach,Medium,Education,4848321,20704,CERT-In,Open
CR03423,22-09-2025,Andaman and Nicobar Islands,Port Blair,Malware,Medium,E-commerce,3231484,48236,User Report,Investigating
CR03424,25-01-2026,Jharkhand,Ranchi,Identity Theft,Medium,Government,381808,38873,User Report,Investigating
CR03425,14-03-2024,Bihar,Muzaffarpur,Malware,Medium,Personal,2942145,39105,User Report,Investigating
CR03426,08-12-2025,Tamil Nadu,Madurai,Data Breach,Low,Healthcare,662337,20597,User Report,Open
CR03427,09-11-2025,Ladakh,Leh,Phishing,Low,E-commerce,2475848,24633,Organization,Investigating
CR03428,02-10-2024,Uttar Pradesh,Noida,Phishing,Critical,Government,4242799,45483,User Report,Open
CR03429,16-03-2024,Chhattisgarh,Bilaspur,Ransomware,Low,Healthcare,1890558,14648,News,Open
CR03430,03-09-2024,Manipur,Imphal,Data Breach,High,Healthcare,4814944,9886,News,Investigating
CR03431,26-07-2025,Telangana,Hyderabad,Ransomware,Critical,Government,3509103,33537,CERT-In,Investigating
CR03432,20-03-2024,Chandigarh,Chandigarh,DDoS,Critical,Corporate,1724937,44161,User Report,Open
CR03433,04-07-2026,Madhya Pradesh,Bhopal,Online Fraud,Low,Banking,4086270,18586,User Report,Investigating
CR03434,03-05-2026,Bihar,Gaya,Online Fraud,High,Corporate,1759746,45498,News,Resolved
CR03435,30-06-2026,Telangana,Hyderabad,DDoS,Critical,E-commerce,2975369,1510,News,Resolved
CR03436,07-04-2024,Sikkim,Gangtok,Malware,Low,Education,20634,48652,Organization,Investigating
CR03437,17-10-2025,Jammu and Kashmir,Jammu,Phishing,Medium,Banking,4912623,45728,News,Open
CR03438,02-04-2026,Telangana,Warangal,Data Breach,High,Healthcare,4215453,36878,News,Open
CR03439,07-03-2025,Assam,Guwahati,DDoS,High,Education,1621239,10429,Organization,Open
CR03440,29-08-2025,Karnataka,Mangaluru,Identity Theft,Low,Banking,3656230,4440,CERT-In,Investigating
CR03441,31-05-2024,Arunachal Pradesh,Naharlagun,Online Fraud,High,Personal,3289042,48590,User Report,Investigating
CR03442,30-07-2025,Jharkhand,Ranchi,Identity Theft,Critical,IT,2514526,21019,User Report,Open
CR03443,07-03-2025,Jammu and Kashmir,Jammu,Identity Theft,Medium,IT,440707,37350,User Report,Open
CR03444,18-06-2026,Delhi,New Delhi,Online Fraud,Critical,Banking,2075533,42235,News,Investigating
CR03445,02-11-2025,Nagaland,Kohima,Ransomware,High,IT,689817,11485,User Report,Open
CR03446,12-04-2024,Uttarakhand,Dehradun,DDoS,Medium,IT,158541,3172,User Report,Investigating
CR03447,21-08-2025,Jammu and Kashmir,Jammu,Online Fraud,High,Healthcare,3440107,23785,User Report,Resolved
CR03448,25-06-2026,Telangana,Hyderabad,Online Fraud,Medium,IT,4020417,11743,CERT-In,Open
CR03449,07-09-2025,Manipur,Imphal,Ransomware,Critical,Corporate,3547426,43920,News,Open
CR03450,18-05-2025,Jharkhand,Jamshedpur,Malware,High,Government,1207486,14681,User Report,Resolved
CR03451,07-06-2026,Uttarakhand,Dehradun,DDoS,Medium,Personal,906408,31088,Organization,Open
CR03452,07-12-2025,Lakshadweep,Kavaratti,Ransomware,Low,Government,599072,19022,News,Resolved
CR03453,04-07-2026,Odisha,Cuttack,Ransomware,Medium,E-commerce,2486074,6381,User Report,Resolved
CR03454,24-05-2025,Punjab,Amritsar,Phishing,Low,E-commerce,1534967,12636,CERT-In,Investigating
CR03455,15-03-2024,Rajasthan,Udaipur,Phishing,Medium,E-commerce,2737443,13265,Organization,Resolved
CR03456,19-12-2024,Odisha,Bhubaneswar,Online Fraud,Low,Government,3724514,26054,CERT-In,Resolved
CR03457,19-05-2025,Jammu and Kashmir,Jammu,Phishing,Critical,Banking,85358,5125,User Report,Open
CR03458,15-11-2025,Meghalaya,Shillong,Phishing,Critical,Government,4885752,38332,User Report,Open
CR03459,09-06-2025,Uttar Pradesh,Kanpur,DDoS,High,Healthcare,752393,40325,CERT-In,Investigating
CR03460,05-11-2025,Goa,Margao,Online Fraud,Low,Healthcare,4651200,14892,Organization,Open
CR03461,05-04-2024,Gujarat,Rajkot,Phishing,High,IT,1231420,34015,Organization,Open
CR03462,25-10-2025,Arunachal Pradesh,Itanagar,Identity Theft,High,Banking,4582631,37216,News,Open
CR03463,02-06-2026,Haryana,Gurugram,DDoS,Critical,Healthcare,2687063,16981,News,Open
CR03464,14-04-2024,Goa,Margao,Malware,Critical,Personal,3183171,1837,User Report,Open
CR03465,08-03-2025,Kerala,Kozhikode,DDoS,Medium,Education,3925933,17892,User Report,Investigating
CR03466,23-11-2024,Goa,Panaji,Malware,High,Personal,1110963,22098,User Report,Resolved
CR03467,01-05-2024,Maharashtra,Nashik,Online Fraud,Critical,Corporate,4092910,41894,CERT-In,Resolved
CR03468,10-08-2025,West Bengal,Siliguri,Identity Theft,Critical,Healthcare,1919776,24718,Organization,Resolved
CR03469,15-03-2024,Mizoram,Aizawl,Data Breach,Medium,E-commerce,3933272,14191,CERT-In,Resolved
CR03470,21-06-2026,Maharashtra,Pune,Malware,High,Healthcare,3903497,23908,News,Investigating
CR03471,23-12-2025,Dadra and Nagar Haveli and Daman and Diu,Daman,Phishing,Low,IT,2383507,23952,User Report,Open
CR03472,04-12-2025,Mizoram,Aizawl,Ransomware,Low,Education,1169666,29688,User Report,Open
CR03473,08-06-2024,Nagaland,Kohima,Ransomware,Critical,Corporate,3982292,42333,CERT-In,Investigating
CR03474,22-03-2025,Madhya Pradesh,Indore,Identity Theft,Medium,Government,3685145,14957,Organization,Investigating
CR03475,21-04-2026,Andaman and Nicobar Islands,Port Blair,Identity Theft,Medium,Corporate,240844,18631,User Report,Resolved
CR03476,28-05-2024,Uttar Pradesh,Lucknow,Online Fraud,High,E-commerce,603887,15114,User Report,Resolved
CR03477,30-01-2026,Haryana,Faridabad,DDoS,Low,Corporate,4274823,33926,News,Open
CR03478,13-04-2025,Odisha,Bhubaneswar,Identity Theft,Medium,Education,4684525,18659,News,Resolved
CR03479,02-10-2024,Jammu and Kashmir,Jammu,Online Fraud,High,Banking,2364153,32097,News,Open
CR03480,13-10-2024,Assam,Guwahati,DDoS,Low,E-commerce,3788487,3416,Organization,Investigating
CR03481,11-09-2024,Bihar,Patna,Identity Theft,Critical,IT,1465943,9354,User Report,Resolved
CR03482,20-04-2026,Dadra and Nagar Haveli and Daman and Diu,Silvassa,Ransomware,Medium,E-commerce,3466981,35167,News,Investigating
CR03483,27-01-2025,Uttar Pradesh,Varanasi,Data Breach,High,Personal,3875274,46760,News,Investigating
CR03484,14-04-2025,Andhra Pradesh,Guntur,Phishing,Critical,Banking,3423333,31206,CERT-In,Investigating
CR03485,15-03-2024,West Bengal,Durgapur,Malware,High,Banking,4559560,17542,Organization,Resolved
CR03486,11-05-2024,Kerala,Kochi,Phishing,Critical,Personal,1568808,27377,Organization,Open
CR03487,07-01-2026,Rajasthan,Udaipur,Ransomware,Low,E-commerce,890001,35463,Organization,Open
CR03488,15-08-2025,Rajasthan,Jodhpur,Online Fraud,Medium,Healthcare,985416,41367,CERT-In,Resolved
CR03489,21-12-2025,Lakshadweep,Kavaratti,Online Fraud,Critical,Government,3615815,6899,News,Open
CR03490,22-01-2024,Himachal Pradesh,Dharamshala,DDoS,Medium,Banking,3986623,29828,CERT-In,Open
CR03491,12-01-2025,Chandigarh,Chandigarh,Identity Theft,Low,Government,1836255,28465,CERT-In,Investigating
CR03492,11-08-2025,Puducherry,Puducherry,Phishing,Low,Education,2734974,37359,User Report,Open
CR03493,04-12-2024,Chhattisgarh,Raipur,Malware,High,Government,3542639,4630,News,Investigating
CR03494,11-08-2024,Puducherry,Puducherry,Online Fraud,Medium,Education,1236160,22892,CERT-In,Resolved
CR03495,13-10-2025,Mizoram,Aizawl,DDoS,Low,IT,4112337,7136,CERT-In,Resolved
CR03496,24-03-2025,Punjab,Ludhiana,Ransomware,High,Banking,2043301,49359,News,Resolved
CR03497,13-06-2026,Odisha,Bhubaneswar,Online Fraud,High,E-commerce,3535052,20538,User Report,Resolved
CR03498,21-04-2024,Karnataka,Mangaluru,Online Fraud,Medium,Healthcare,3220976,10458,News,Open
CR03499,23-03-2025,Nagaland,Dimapur,Identity Theft,High,Banking,2655162,30882,Organization,Investigating
CR03500,23-09-2025,Tamil Nadu,Chennai,Ransomware,Low,Healthcare,4221074,7956,CERT-In,Open
CR03501,16-01-2026,Manipur,Imphal,DDoS,High,Healthcare,4456569,5154,News,Resolved
CR03502,31-10-2025,Odisha,Bhubaneswar,Phishing,High,Healthcare,3304369,16574,Organization,Open
CR03503,06-03-2024,Lakshadweep,Kavaratti,Malware,High,Personal,4141675,928,News,Open
CR03504,08-03-2025,Nagaland,Dimapur,Identity Theft,Medium,Healthcare,3742831,44470,CERT-In,Open
CR03505,05-10-2024,Andaman and Nicobar Islands,Port Blair,DDoS,High,Corporate,2783737,4534,User Report,Investigating
CR03506,16-04-2026,Ladakh,Leh,DDoS,High,Healthcare,2068298,30289,CERT-In,Open
CR03507,18-07-2026,Rajasthan,Jodhpur,Ransomware,High,Government,3182551,4097,Organization,Open
CR03508,21-02-2024,Tamil Nadu,Madurai,Identity Theft,Low,Banking,4653755,18244,Organization,Investigating
CR03509,17-12-2024,Punjab,Chandigarh,Online Fraud,Critical,Corporate,1926131,48140,CERT-In,Investigating
CR03510,15-01-2026,Haryana,Panipat,Data Breach,High,IT,2481625,2811,Organization,Open
CR03511,16-01-2025,Arunachal Pradesh,Naharlagun,Malware,Medium,Healthcare,3711269,24925,Organization,Investigating
CR03512,16-09-2024,Manipur,Imphal,Malware,Medium,Healthcare,1280217,20149,Organization,Open
CR03513,24-01-2026,Telangana,Hyderabad,Online Fraud,Low,Education,2538187,8820,Organization,Open
CR03514,15-03-2025,Delhi,New Delhi,Identity Theft,Critical,Personal,2886619,23220,Organization,Open
CR03515,13-07-2024,Kerala,Kozhikode,Ransomware,Low,Banking,768578,35799,Organization,Resolved
CR03516,21-11-2025,Bihar,Patna,Malware,Critical,Government,3052407,1839,CERT-In,Open
CR03517,22-02-2026,Chhattisgarh,Bilaspur,Online Fraud,Low,Corporate,3759715,16824,CERT-In,Investigating
CR03518,27-04-2025,Goa,Panaji,Malware,Critical,Corporate,1995234,20819,Organization,Open
CR03519,23-02-2025,Uttar Pradesh,Noida,Online Fraud,Low,E-commerce,4585656,14763,News,Resolved
CR03520,28-09-2024,Dadra and Nagar Haveli and Daman and Diu,Daman,Identity Theft,High,Personal,4726414,48799,CERT-In,Open
CR03521,17-06-2024,Ladakh,Leh,DDoS,Low,Government,3773960,15985,User Report,Investigating
CR03522,17-11-2024,West Bengal,Kolkata,Online Fraud,High,Education,1253479,27998,Organization,Resolved
CR03523,28-01-2025,Assam,Silchar,Data Breach,Medium,Corporate,3543790,25252,CERT-In,Open
CR03524,17-01-2026,Himachal Pradesh,Shimla,Data Breach,High,Government,1080417,17522,CERT-In,Investigating
CR03525,12-01-2025,Jammu and Kashmir,Jammu,Identity Theft,Critical,IT,814315,11109,News,Open
CR03526,09-12-2024,Madhya Pradesh,Bhopal,Phishing,Low,Education,2820604,35206,Organization,Investigating
CR03527,30-06-2024,Uttar Pradesh,Kanpur,Online Fraud,Medium,E-commerce,3195035,10040,Organization,Investigating
CR03528,21-10-2024,Tamil Nadu,Madurai,Identity Theft,High,Personal,3662344,14131,CERT-In,Open
CR03529,24-06-2025,Andaman and Nicobar Islands,Port Blair,Identity Theft,High,Healthcare,3502627,45320,Organization,Investigating
CR03530,26-09-2024,Ladakh,Leh,Malware,Critical,Banking,309162,8829,News,Resolved
CR03531,22-12-2025,Assam,Guwahati,Ransomware,Low,Banking,2509589,45817,User Report,Investigating
CR03532,05-01-2026,Maharashtra,Nagpur,Malware,High,Government,1139695,7128,User Report,Investigating
CR03533,31-12-2025,Ladakh,Leh,Identity Theft,Critical,Government,3701533,15270,CERT-In,Investigating
CR03534,27-06-2025,Rajasthan,Jaipur,Identity Theft,Low,Government,4221027,12940,Organization,Investigating
CR03535,18-09-2024,Karnataka,Mysuru,Malware,Medium,Corporate,4152325,12148,News,Open
CR03536,04-07-2024,Kerala,Kochi,Malware,Medium,Healthcare,3295783,25180,CERT-In,Resolved
CR03537,12-03-2025,Lakshadweep,Kavaratti,Identity Theft,High,Corporate,3071019,39313,News,Investigating
CR03538,23-02-2026,Telangana,Hyderabad,Phishing,High,Personal,3579586,30792,CERT-In,Investigating
CR03539,06-12-2024,Goa,Panaji,Data Breach,High,Healthcare,4277725,37100,News,Open
CR03540,27-05-2024,Tamil Nadu,Madurai,Data Breach,High,Corporate,4500532,49652,User Report,Resolved
CR03541,31-01-2024,Odisha,Cuttack,Identity Theft,High,Healthcare,810088,18132,News,Investigating
CR03542,31-08-2024,Madhya Pradesh,Indore,Identity Theft,Critical,Government,1058028,46141,CERT-In,Open
CR03543,13-05-2025,Jharkhand,Ranchi,Malware,Medium,Healthcare,4434884,38621,Organization,Investigating
CR03544,14-02-2024,Uttarakhand,Haridwar,Online Fraud,Medium,Personal,777443,45014,User Report,Investigating
CR03545,22-07-2026,Gujarat,Rajkot,Data Breach,Low,Education,4949212,38049,News,Resolved
CR03546,30-05-2026,Maharashtra,Pune,Identity Theft,Medium,Personal,2725317,42957,User Report,Resolved
CR03547,28-05-2026,Puducherry,Puducherry,Ransomware,Medium,IT,773186,46134,User Report,Resolved
CR03548,03-06-2026,Uttarakhand,Dehradun,Online Fraud,High,E-commerce,1822776,25757,CERT-In,Investigating
CR03549,05-03-2026,West Bengal,Kolkata,Identity Theft,Low,Education,3229633,449,Organization,Open
CR03550,12-07-2024,Ladakh,Leh,Data Breach,Medium,E-commerce,1614221,20652,CERT-In,Investigating
CR03551,14-01-2025,Delhi,New Delhi,DDoS,Critical,Banking,2339187,9717,CERT-In,Resolved
CR03552,23-12-2025,Maharashtra,Pune,Online Fraud,Medium,Corporate,843933,44810,Organization,Resolved
CR03553,30-04-2025,Mizoram,Aizawl,Ransomware,Low,Education,541982,491,User Report,Open
CR03554,23-05-2025,Punjab,Amritsar,Malware,High,Education,1523593,14723,CERT-In,Investigating
CR03555,06-02-2024,Chandigarh,Chandigarh,DDoS,Critical,Education,2160662,17960,CERT-In,Open
CR03556,04-07-2026,Tamil Nadu,Coimbatore,Malware,Medium,E-commerce,1948072,2763,CERT-In,Resolved
CR03557,15-04-2025,Goa,Margao,Malware,Low,Personal,3897830,10070,CERT-In,Open
CR03558,23-09-2025,Uttar Pradesh,Kanpur,Data Breach,High,Education,1981758,16475,User Report,Open
CR03559,06-06-2024,Bihar,Patna,Identity Theft,Low,Government,1270193,27353,CERT-In,Resolved
CR03560,30-12-2024,Sikkim,Gangtok,Online Fraud,Medium,Corporate,3984144,7300,User Report,Open
CR03561,25-12-2025,Punjab,Chandigarh,Data Breach,Low,Corporate,3917195,30204,News,Resolved
CR03562,20-11-2024,Haryana,Faridabad,Ransomware,Critical,Personal,2034492,49637,User Report,Resolved
CR03563,22-05-2025,Jharkhand,Jamshedpur,Malware,Critical,Corporate,3357221,2188,Organization,Open
CR03564,20-09-2025,Nagaland,Dimapur,Ransomware,Critical,Government,1879075,3696,CERT-In,Open
CR03565,05-07-2026,Karnataka,Mysuru,Identity Theft,High,Government,1020725,12679,News,Investigating
CR03566,01-01-2025,Odisha,Bhubaneswar,Online Fraud,Critical,Corporate,3173568,17623,User Report,Open
CR03567,31-01-2024,Tripura,Agartala,DDoS,High,Education,1734097,29381,News,Open
CR03568,03-05-2024,Odisha,Bhubaneswar,Phishing,Low,IT,4861294,37615,News,Investigating
CR03569,04-10-2024,Punjab,Amritsar,Online Fraud,Low,Banking,3293702,18488,News,Resolved
CR03570,01-01-2024,Mizoram,Aizawl,Data Breach,High,Corporate,2441523,21716,CERT-In,Investigating
CR03571,02-03-2024,Andaman and Nicobar Islands,Port Blair,Ransomware,Low,Healthcare,3664489,28547,News,Open
CR03572,12-04-2026,Chhattisgarh,Bilaspur,Malware,Critical,Government,2161832,30608,News,Investigating
CR03573,17-01-2026,Chhattisgarh,Bilaspur,Phishing,High,E-commerce,4439591,31517,Organization,Open
CR03574,09-05-2024,Tripura,Agartala,Identity Theft,Medium,Government,3658648,46276,User Report,Open
CR03575,05-11-2025,Haryana,Panipat,Malware,Medium,Corporate,428943,24360,News,Resolved
CR03576,15-02-2025,Ladakh,Leh,Online Fraud,Low,Government,994557,29086,Organization,Resolved
CR03577,31-03-2024,Lakshadweep,Kavaratti,Phishing,Critical,Healthcare,453698,48261,User Report,Investigating
CR03578,29-07-2025,Bihar,Patna,Identity Theft,Medium,IT,3591098,14346,User Report,Resolved
CR03579,20-02-2025,Punjab,Ludhiana,DDoS,High,Healthcare,4584960,31879,News,Investigating
CR03580,22-04-2025,Sikkim,Gangtok,Data Breach,Low,Education,3507377,8953,Organization,Resolved
CR03581,25-06-2025,Jammu and Kashmir,Jammu,Ransomware,Medium,E-commerce,3155406,46950,Organization,Open
CR03582,10-03-2025,Karnataka,Mysuru,Data Breach,Low,E-commerce,1269452,49636,News,Resolved
CR03583,19-09-2025,Jharkhand,Ranchi,Ransomware,Critical,IT,2921775,29213,Organization,Investigating
CR03584,05-09-2025,Tripura,Agartala,Data Breach,High,Banking,4892672,6577,User Report,Open
CR03585,24-07-2024,Goa,Panaji,Malware,High,Corporate,4962113,42089,Organization,Open
CR03586,26-09-2024,Uttar Pradesh,Lucknow,Online Fraud,Medium,Banking,2405763,19546,User Report,Investigating
CR03587,01-05-2026,West Bengal,Siliguri,Data Breach,Low,E-commerce,1822600,36395,Organization,Investigating
CR03588,04-03-2026,Sikkim,Gangtok,Online Fraud,High,Government,994567,45979,Organization,Open
CR03589,16-05-2026,Dadra and Nagar Haveli and Daman and Diu,Daman,Data Breach,Medium,E-commerce,2789876,6184,News,Resolved
CR03590,18-03-2025,Puducherry,Puducherry,Ransomware,Low,Government,3259286,11085,News,Open
CR03591,26-07-2026,Punjab,Amritsar,DDoS,Critical,Education,3844584,29495,CERT-In,Open
CR03592,16-04-2026,Telangana,Warangal,Identity Theft,High,Healthcare,1095241,29722,News,Open
CR03593,04-07-2026,Uttarakhand,Dehradun,DDoS,High,E-commerce,2047298,11918,CERT-In,Open
CR03594,26-03-2024,Delhi,New Delhi,Ransomware,Low,Healthcare,2719117,16482,User Report,Resolved
CR03595,10-03-2025,Manipur,Imphal,Data Breach,Critical,Healthcare,3443968,23363,CERT-In,Open
CR03596,30-04-2024,Telangana,Hyderabad,DDoS,Medium,Government,1539497,1071,News,Resolved
CR03597,03-02-2024,Meghalaya,Shillong,Phishing,Critical,Corporate,2178760,49567,News,Open
CR03598,21-06-2024,Madhya Pradesh,Bhopal,Online Fraud,Low,Healthcare,3712579,17959,News,Open
CR03599,12-08-2024,Jharkhand,Jamshedpur,Phishing,High,Education,4837569,1511,Organization,Open
CR03600,17-07-2026,Maharashtra,Mumbai,Malware,High,Corporate,2076893,35279,CERT-In,Open
CR03601,02-02-2026,Himachal Pradesh,Shimla,Phishing,High,Education,3271116,23570,CERT-In,Investigating
CR03602,10-09-2025,Goa,Panaji,Online Fraud,Low,Government,798628,19662,User Report,Investigating
CR03603,27-07-2025,Delhi,New Delhi,Ransomware,High,Corporate,497061,37055,News,Investigating
CR03604,30-06-2026,Meghalaya,Shillong,Identity Theft,Low,E-commerce,598547,23106,Organization,Open
CR03605,11-11-2024,Dadra and Nagar Haveli and Daman and Diu,Silvassa,Phishing,High,Corporate,3543047,32248,CERT-In,Investigating
CR03606,10-02-2025,Chhattisgarh,Raipur,Identity Theft,High,Banking,3418707,28344,News,Investigating
CR03607,18-04-2024,Assam,Guwahati,DDoS,High,Banking,3644041,13090,Organization,Investigating
CR03608,22-06-2026,Tamil Nadu,Madurai,Ransomware,Medium,Personal,2752619,31871,CERT-In,Investigating
CR03609,15-03-2025,Lakshadweep,Kavaratti,Ransomware,Critical,Healthcare,4492860,34158,CERT-In,Open
CR03610,29-11-2025,Madhya Pradesh,Gwalior,Identity Theft,Low,Banking,790459,41088,News,Resolved
CR03611,17-08-2025,Madhya Pradesh,Indore,Data Breach,Medium,Corporate,1856995,26044,User Report,Resolved
CR03612,10-02-2026,Punjab,Amritsar,Online Fraud,Critical,Education,4604242,45932,Organization,Open
CR03613,25-04-2024,Gujarat,Ahmedabad,Malware,Medium,Personal,261450,28353,User Report,Resolved
CR03614,06-02-2024,Manipur,Imphal,Identity Theft,Low,Education,4210918,29800,Organization,Open
CR03615,03-10-2025,Andaman and Nicobar Islands,Port Blair,DDoS,Medium,Healthcare,1864507,45806,User Report,Investigating
CR03616,28-07-2024,Dadra and Nagar Haveli and Daman and Diu,Silvassa,DDoS,Medium,Banking,1859166,16442,CERT-In,Open
CR03617,16-05-2025,Jammu and Kashmir,Jammu,Malware,Medium,E-commerce,3246761,26420,CERT-In,Open
CR03618,19-12-2025,Uttarakhand,Haridwar,Online Fraud,Low,IT,3231914,2227,News,Investigating
CR03619,27-04-2026,Nagaland,Dimapur,Phishing,High,Government,4230645,3049,User Report,Resolved
CR03620,28-04-2025,Delhi,New Delhi,Malware,Low,Personal,3945888,15330,CERT-In,Investigating
CR03621,17-04-2026,Punjab,Amritsar,DDoS,Medium,IT,886381,24657,Organization,Investigating
CR03622,30-03-2025,Ladakh,Leh,Online Fraud,Medium,Banking,1901673,13649,CERT-In,Resolved
CR03623,27-04-2026,Sikkim,Gangtok,Malware,High,Personal,4089111,38434,Organization,Resolved
CR03624,14-01-2025,Madhya Pradesh,Indore,Identity Theft,High,Healthcare,3819525,25776,CERT-In,Investigating
CR03625,18-04-2024,Punjab,Amritsar,Identity Theft,Critical,Healthcare,2556877,38594,Organization,Investigating
CR03626,06-08-2025,West Bengal,Kolkata,Malware,Low,Corporate,2415952,17525,CERT-In,Open
CR03627,18-11-2025,Haryana,Faridabad,Identity Theft,High,Corporate,2433951,1411,CERT-In,Open
CR03628,04-07-2026,Puducherry,Puducherry,Malware,High,Education,3442195,6714,Organization,Investigating
CR03629,06-07-2024,Tamil Nadu,Coimbatore,Ransomware,High,Corporate,992830,10106,News,Open
CR03630,30-01-2024,Punjab,Amritsar,Ransomware,Critical,Government,3252168,14820,CERT-In,Open
CR03631,24-10-2024,Rajasthan,Udaipur,Malware,Medium,E-commerce,1588224,43707,News,Resolved
CR03632,09-01-2026,Maharashtra,Nagpur,Online Fraud,Low,Healthcare,4750048,24475,User Report,Resolved
CR03633,09-01-2026,Sikkim,Gangtok,Malware,Low,Government,2930663,33671,User Report,Open
CR03634,11-04-2025,Rajasthan,Jaipur,Ransomware,Medium,Banking,4028767,25981,User Report,Investigating
CR03635,24-06-2025,Jharkhand,Ranchi,Malware,Critical,Banking,3050524,46699,CERT-In,Open
CR03636,18-09-2025,Mizoram,Aizawl,Online Fraud,Low,IT,269190,17509,CERT-In,Investigating
CR03637,16-01-2024,Puducherry,Puducherry,Ransomware,Medium,Banking,4799757,4499,User Report,Open
CR03638,10-01-2025,Maharashtra,Nagpur,Identity Theft,Low,Personal,2491417,43037,User Report,Resolved
CR03639,10-02-2025,Manipur,Imphal,Ransomware,Low,IT,554761,31209,Organization,Open
CR03640,24-06-2024,Odisha,Cuttack,Phishing,Critical,E-commerce,3424670,1964,CERT-In,Open
CR03641,25-11-2024,Gujarat,Ahmedabad,DDoS,Critical,Education,3639002,12855,CERT-In,Resolved
CR03642,24-06-2025,Odisha,Cuttack,Identity Theft,Low,E-commerce,3620737,40166,Organization,Open
CR03643,28-03-2026,Delhi,New Delhi,Phishing,Critical,Corporate,2402545,13266,User Report,Open
CR03644,13-02-2025,Mizoram,Aizawl,DDoS,Medium,Education,3192003,14856,Organization,Investigating
CR03645,20-06-2024,Dadra and Nagar Haveli and Daman and Diu,Daman,Ransomware,Critical,Government,1927411,27323,Organization,Investigating
CR03646,09-06-2026,Karnataka,Mangaluru,Phishing,High,IT,2764139,40306,Organization,Resolved
CR03647,20-12-2025,Punjab,Chandigarh,Ransomware,Medium,Personal,1721244,42824,Organization,Open
CR03648,15-05-2026,Bihar,Gaya,Data Breach,Medium,E-commerce,295200,26054,News,Open
CR03649,14-04-2026,West Bengal,Siliguri,DDoS,Medium,IT,2610284,29696,Organization,Resolved
CR03650,07-07-2026,Rajasthan,Udaipur,Phishing,High,E-commerce,1664730,31215,Organization,Open
CR03651,16-07-2026,Punjab,Chandigarh,DDoS,Medium,Corporate,500429,5681,Organization,Resolved
CR03652,04-04-2026,Jharkhand,Jamshedpur,Ransomware,Low,Education,2463010,21656,CERT-In,Open
CR03653,27-05-2026,Meghalaya,Shillong,Malware,High,Corporate,2280130,23882,News,Investigating
CR03654,16-12-2025,Sikkim,Gangtok,Ransomware,Low,Education,4305829,10752,CERT-In,Resolved
CR03655,06-08-2024,Puducherry,Puducherry,Phishing,Medium,IT,2192881,11403,CERT-In,Resolved
CR03656,04-01-2025,Mizoram,Aizawl,Malware,Critical,Education,3855646,16843,News,Open
CR03657,29-03-2024,Jharkhand,Jamshedpur,Phishing,Medium,Education,484176,49639,Organization,Resolved
CR03658,10-05-2026,Sikkim,Gangtok,Online Fraud,Low,Banking,3466898,6208,News,Open
CR03659,12-11-2025,Mizoram,Aizawl,DDoS,Critical,Education,1806620,20571,Organization,Investigating
CR03660,10-06-2026,Bihar,Muzaffarpur,Online Fraud,Low,Corporate,113826,11680,CERT-In,Resolved
CR03661,29-03-2026,Manipur,Imphal,Data Breach,High,IT,2795738,44921,News,Open
CR03662,27-02-2026,Gujarat,Rajkot,Phishing,Medium,Government,4929009,17460,User Report,Open
CR03663,06-08-2024,Nagaland,Kohima,Phishing,Medium,Personal,2894387,45855,Organization,Open
CR03664,15-07-2026,Odisha,Cuttack,Malware,Medium,Healthcare,3330184,4039,News,Open
CR03665,02-06-2024,Goa,Panaji,DDoS,Critical,Government,2174221,43991,User Report,Resolved
CR03666,16-10-2025,Arunachal Pradesh,Itanagar,Ransomware,Critical,Personal,2727159,7245,News,Resolved
CR03667,22-11-2024,Karnataka,Mangaluru,Malware,Critical,Government,4805034,26343,User Report,Open
CR03668,26-05-2026,Nagaland,Dimapur,Ransomware,Critical,IT,2637197,41431,News,Investigating
CR03669,07-01-2026,Mizoram,Aizawl,Identity Theft,Critical,E-commerce,682777,1393,News,Open
CR03670,09-04-2025,Lakshadweep,Kavaratti,Identity Theft,Medium,E-commerce,4277635,34018,User Report,Open
CR03671,14-04-2024,West Bengal,Durgapur,Online Fraud,High,Banking,1763310,9408,News,Resolved
CR03672,07-12-2025,Telangana,Hyderabad,Online Fraud,High,Education,3033954,14644,User Report,Open
CR03673,23-08-2024,Mizoram,Aizawl,Ransomware,Medium,Government,4341703,1920,Organization,Open
CR03674,04-10-2025,Meghalaya,Shillong,Malware,Critical,E-commerce,3657509,14573,News,Open
CR03675,21-02-2025,Puducherry,Puducherry,Ransomware,Low,IT,3273741,6408,CERT-In,Investigating
CR03676,04-02-2025,Chhattisgarh,Bilaspur,Malware,High,Education,1779879,5185,CERT-In,Open
CR03677,27-02-2025,Puducherry,Puducherry,Malware,Medium,Corporate,1870874,48846,Organization,Resolved
CR03678,15-07-2024,Delhi,New Delhi,Ransomware,Medium,IT,2059917,9649,Organization,Resolved
CR03679,26-07-2026,Mizoram,Aizawl,Phishing,Critical,Banking,1307244,47259,Organization,Resolved
CR03680,26-12-2025,Maharashtra,Nashik,Online Fraud,High,E-commerce,1647875,32522,User Report,Investigating
CR03681,31-05-2024,Odisha,Bhubaneswar,DDoS,High,Corporate,2533705,16948,CERT-In,Resolved
CR03682,01-04-2025,Himachal Pradesh,Dharamshala,Identity Theft,Low,Education,1897574,14029,News,Open
CR03683,08-10-2025,Odisha,Cuttack,Online Fraud,Critical,Banking,598335,41063,User Report,Investigating
CR03684,21-08-2025,Sikkim,Gangtok,Identity Theft,High,Government,456556,13868,User Report,Investigating
CR03685,03-02-2025,Dadra and Nagar Haveli and Daman and Diu,Daman,Ransomware,Medium,Personal,4504795,4441,News,Open
CR03686,27-07-2026,Manipur,Imphal,Ransomware,Critical,Education,3165202,11366,Organization,Open
CR03687,15-03-2024,Kerala,Thiruvananthapuram,Data Breach,Critical,IT,3973363,13520,News,Open
CR03688,16-01-2025,Chandigarh,Chandigarh,Phishing,Low,E-commerce,1138530,27723,CERT-In,Resolved
CR03689,23-04-2025,Andaman and Nicobar Islands,Port Blair,Ransomware,Critical,Government,62859,14206,CERT-In,Investigating
CR03690,01-11-2025,Assam,Silchar,Malware,Low,E-commerce,1015624,43923,User Report,Open
CR03691,23-03-2024,Uttar Pradesh,Lucknow,Data Breach,Low,Personal,2677860,37126,CERT-In,Resolved
CR03692,28-04-2024,Nagaland,Kohima,Ransomware,Low,Healthcare,4635224,11339,CERT-In,Investigating
CR03693,08-03-2026,Madhya Pradesh,Gwalior,Phishing,Medium,Banking,265840,20118,Organization,Investigating
CR03694,02-07-2026,Odisha,Bhubaneswar,DDoS,Critical,Healthcare,3628213,5214,User Report,Resolved
CR03695,17-03-2025,Gujarat,Surat,DDoS,High,Corporate,2388164,17273,News,Resolved
CR03696,11-04-2024,Tamil Nadu,Coimbatore,DDoS,High,Corporate,1913262,31395,Organization,Open
CR03697,02-08-2025,Andaman and Nicobar Islands,Port Blair,Online Fraud,Medium,Personal,4815657,28337,CERT-In,Investigating
CR03698,19-07-2025,Himachal Pradesh,Shimla,Phishing,High,Education,4505832,14770,Organization,Investigating
CR03699,05-01-2026,Odisha,Cuttack,Ransomware,Low,Education,4329821,14183,Organization,Open
CR03700,29-07-2025,Dadra and Nagar Haveli and Daman and Diu,Silvassa,Data Breach,Low,Healthcare,874414,4828,User Report,Resolved
CR03701,06-05-2026,Tripura,Agartala,Phishing,High,Corporate,4735575,19657,User Report,Open
CR03702,03-02-2026,Mizoram,Aizawl,Ransomware,High,Corporate,3379949,265,Organization,Investigating
CR03703,11-03-2024,Rajasthan,Udaipur,Ransomware,Critical,Healthcare,4140984,17259,Organization,Resolved
CR03704,14-11-2025,Gujarat,Surat,Phishing,Low,Personal,229823,11059,User Report,Open
CR03705,21-02-2025,Punjab,Ludhiana,Phishing,Critical,IT,3190538,14931,News,Resolved
CR03706,10-06-2024,Chandigarh,Chandigarh,DDoS,Medium,Education,2939764,40110,CERT-In,Investigating
CR03707,11-01-2024,Haryana,Faridabad,Data Breach,Low,Banking,1853374,14207,User Report,Investigating
CR03708,11-02-2024,Assam,Silchar,Online Fraud,High,Government,2400553,31015,Organization,Open
CR03709,16-05-2026,Rajasthan,Jaipur,Phishing,Critical,Corporate,1560586,19275,News,Resolved
CR03710,16-07-2024,Chhattisgarh,Bilaspur,Online Fraud,Critical,Education,1104768,7192,CERT-In,Resolved
CR03711,27-08-2025,Mizoram,Aizawl,Ransomware,Critical,Banking,1266695,47576,CERT-In,Investigating
CR03712,02-04-2026,Tripura,Agartala,Identity Theft,Medium,Education,1934646,38197,Organization,Resolved
CR03713,16-03-2024,Puducherry,Puducherry,Data Breach,Low,E-commerce,4117967,45204,Organization,Investigating
CR03714,10-10-2024,Puducherry,Puducherry,Ransomware,High,Government,3534958,45506,Organization,Resolved
CR03715,23-01-2025,Chandigarh,Chandigarh,Ransomware,High,Banking,3480161,35320,Organization,Investigating
CR03716,22-04-2026,Uttarakhand,Dehradun,Identity Theft,Critical,Banking,4644407,42032,Organization,Investigating
CR03717,04-10-2025,Maharashtra,Mumbai,Phishing,Low,Corporate,1778271,10380,Organization,Open
CR03718,24-05-2025,Odisha,Bhubaneswar,DDoS,Low,Healthcare,2486838,22038,User Report,Open
CR03719,12-05-2025,Arunachal Pradesh,Naharlagun,Identity Theft,High,Personal,2056233,43159,News,Resolved
CR03720,24-07-2026,Uttar Pradesh,Noida,Malware,Low,Corporate,639309,39808,CERT-In,Resolved
CR03721,26-06-2026,Odisha,Cuttack,Identity Theft,Medium,Banking,861010,40348,CERT-In,Resolved
CR03722,21-10-2024,Karnataka,Bengaluru,Ransomware,Medium,Banking,1389630,28714,CERT-In,Resolved
CR03723,27-05-2024,Manipur,Imphal,Identity Theft,Medium,E-commerce,3525627,28289,Organization,Open
CR03724,03-02-2024,Rajasthan,Udaipur,DDoS,High,Education,3750395,34284,Organization,Resolved
CR03725,08-05-2024,Gujarat,Surat,Ransomware,Medium,Government,1819564,45341,User Report,Investigating
CR03726,27-09-2025,Odisha,Cuttack,Identity Theft,Low,Banking,1108439,32708,News,Investigating
CR03727,29-10-2025,Andaman and Nicobar Islands,Port Blair,Phishing,Critical,Education,3992059,32790,CERT-In,Open
CR03728,11-05-2026,Meghalaya,Shillong,Data Breach,Medium,E-commerce,2468502,26227,News,Investigating
CR03729,28-05-2026,Karnataka,Mysuru,Ransomware,Medium,IT,172728,26767,User Report,Resolved
CR03730,02-02-2024,Lakshadweep,Kavaratti,Phishing,Low,E-commerce,1102705,45865,News,Open
CR03731,31-08-2024,Uttar Pradesh,Varanasi,Online Fraud,Medium,Healthcare,1456205,30927,News,Investigating
CR03732,26-02-2024,Andhra Pradesh,Vijayawada,DDoS,Critical,E-commerce,736188,22774,News,Resolved
CR03733,20-05-2024,Nagaland,Dimapur,Malware,Medium,Corporate,1115903,18057,User Report,Resolved
CR03734,06-10-2024,Kerala,Thiruvananthapuram,DDoS,High,Corporate,2562829,12932,User Report,Investigating
CR03735,17-10-2025,Gujarat,Rajkot,Malware,Low,E-commerce,1118821,45667,User Report,Open
CR03736,20-04-2026,Himachal Pradesh,Dharamshala,Ransomware,High,IT,4321286,11985,Organization,Investigating
CR03737,29-07-2024,Bihar,Muzaffarpur,Malware,High,Education,1703107,28611,Organization,Resolved
CR03738,12-05-2026,Telangana,Hyderabad,Data Breach,Medium,Healthcare,3063421,31994,User Report,Investigating
CR03739,07-05-2026,Chandigarh,Chandigarh,Ransomware,Medium,Healthcare,4337073,27177,Organization,Investigating
CR03740,21-06-2025,West Bengal,Siliguri,Malware,Low,IT,1241101,47123,Organization,Investigating
CR03741,01-08-2025,Bihar,Gaya,Data Breach,Medium,Government,1338729,14093,Organization,Investigating
CR03742,20-06-2026,Rajasthan,Jodhpur,Malware,High,Personal,330853,34290,Organization,Investigating
CR03743,07-09-2024,Assam,Dibrugarh,Identity Theft,Low,IT,687847,15768,Organization,Resolved
CR03744,03-01-2025,Odisha,Bhubaneswar,Phishing,Critical,IT,1443441,20586,Organization,Investigating
CR03745,29-11-2025,Manipur,Imphal,Online Fraud,High,Personal,4478148,24074,CERT-In,Resolved
CR03746,28-02-2026,Tripura,Agartala,Identity Theft,Low,Government,1651009,32118,News,Investigating
CR03747,07-07-2025,Chandigarh,Chandigarh,Online Fraud,High,E-commerce,3075709,33073,CERT-In,Investigating
CR03748,14-03-2026,Puducherry,Puducherry,DDoS,High,Government,4301010,10525,News,Open
CR03749,27-05-2026,Andaman and Nicobar Islands,Port Blair,Malware,High,Education,1948480,15395,News,Resolved
CR03750,23-08-2025,Karnataka,Mangaluru,Phishing,Low,Government,470843,20904,News,Resolved
CR03751,04-02-2026,West Bengal,Kolkata,Online Fraud,Medium,Healthcare,702746,3450,News,Investigating
CR03752,10-10-2024,Rajasthan,Udaipur,DDoS,Low,IT,1160390,17231,News,Resolved
CR03753,28-04-2024,Telangana,Warangal,Ransomware,Critical,Personal,240520,3540,News,Investigating
CR03754,24-02-2025,Punjab,Amritsar,Ransomware,Critical,IT,2454063,21336,News,Open
CR03755,15-07-2025,Haryana,Faridabad,Identity Theft,Low,Corporate,3475994,4075,CERT-In,Open
CR03756,01-05-2024,Tamil Nadu,Chennai,DDoS,High,E-commerce,506121,24108,News,Open
CR03757,14-07-2025,Kerala,Thiruvananthapuram,Ransomware,Medium,Government,3244790,47096,News,Investigating
CR03758,15-11-2025,Tripura,Agartala,Phishing,Critical,Banking,2336446,44901,Organization,Open
CR03759,25-07-2024,Kerala,Thiruvananthapuram,Online Fraud,Medium,IT,986303,30095,CERT-In,Investigating
CR03760,07-05-2024,Rajasthan,Jaipur,Malware,Medium,Education,2269488,32827,User Report,Investigating
CR03761,13-11-2025,Tamil Nadu,Madurai,Data Breach,Medium,Healthcare,2174571,17041,CERT-In,Investigating
CR03762,20-12-2025,Manipur,Imphal,Data Breach,Critical,Banking,3942653,25219,CERT-In,Resolved
CR03763,04-10-2024,Rajasthan,Jodhpur,Malware,High,Banking,2427286,36809,Organization,Open
CR03764,27-07-2025,Madhya Pradesh,Indore,Identity Theft,High,E-commerce,17816,7946,News,Resolved
CR03765,22-11-2025,Lakshadweep,Kavaratti,Identity Theft,Medium,Education,939104,28088,Organization,Open
CR03766,01-02-2026,West Bengal,Durgapur,Malware,Critical,Personal,819820,27439,Organization,Resolved
CR03767,21-01-2024,Nagaland,Kohima,Online Fraud,Medium,E-commerce,422235,48135,CERT-In,Open
CR03768,16-01-2026,Telangana,Hyderabad,Ransomware,Low,Personal,2844166,42202,Organization,Open
CR03769,08-03-2026,Gujarat,Rajkot,Ransomware,Critical,IT,44667,21357,Organization,Open
CR03770,01-06-2025,Mizoram,Aizawl,Data Breach,Medium,Banking,462592,18163,News,Resolved
CR03771,06-08-2024,Delhi,New Delhi,DDoS,Low,E-commerce,3819674,43932,Organization,Resolved
CR03772,30-10-2025,Maharashtra,Pune,DDoS,Critical,Government,2028936,3320,Organization,Resolved
CR03773,11-05-2025,Andaman and Nicobar Islands,Port Blair,Phishing,Critical,Personal,3423132,20224,CERT-In,Resolved
CR03774,10-11-2025,Sikkim,Gangtok,Data Breach,Medium,Banking,4818628,36744,CERT-In,Investigating
CR03775,21-10-2024,Punjab,Chandigarh,Phishing,Critical,Healthcare,1836478,34748,News,Open
CR03776,05-08-2025,Delhi,New Delhi,Identity Theft,Critical,IT,3363185,30579,CERT-In,Investigating
CR03777,05-07-2026,Lakshadweep,Kavaratti,Identity Theft,Medium,IT,3602212,5699,CERT-In,Open
CR03778,27-03-2024,Chandigarh,Chandigarh,Online Fraud,Critical,E-commerce,3553899,38618,CERT-In,Open
CR03779,20-02-2026,Jharkhand,Jamshedpur,Identity Theft,Medium,Personal,4221615,40893,User Report,Investigating
CR03780,11-06-2025,Bihar,Muzaffarpur,Identity Theft,Medium,IT,515590,9106,User Report,Resolved
CR03781,02-11-2024,Ladakh,Leh,Phishing,Low,Banking,4505474,40391,CERT-In,Resolved
CR03782,17-11-2024,Odisha,Bhubaneswar,Malware,High,Government,4982889,539,CERT-In,Open
CR03783,12-02-2025,Rajasthan,Udaipur,Identity Theft,Critical,Personal,1582215,1947,CERT-In,Investigating
CR03784,09-02-2024,Goa,Margao,Data Breach,High,Corporate,3765547,16891,Organization,Investigating
CR03785,05-05-2025,Delhi,New Delhi,Malware,Medium,E-commerce,2899060,15639,News,Investigating
CR03786,17-03-2026,Karnataka,Mangaluru,DDoS,Low,Banking,1618207,10498,CERT-In,Resolved
CR03787,06-02-2026,Jharkhand,Ranchi,Phishing,Critical,Government,681781,20826,News,Resolved
CR03788,29-01-2026,West Bengal,Durgapur,Phishing,High,Corporate,2847931,15725,User Report,Investigating
CR03789,10-03-2026,Maharashtra,Nagpur,Online Fraud,Critical,Corporate,656299,19423,CERT-In,Open
CR03790,04-08-2025,Haryana,Panipat,Phishing,Low,E-commerce,1486451,40319,News,Investigating
CR03791,28-03-2025,Arunachal Pradesh,Itanagar,Ransomware,Critical,Banking,3973973,9036,User Report,Investigating
CR03792,14-12-2024,Assam,Silchar,Online Fraud,Medium,Government,1195192,24342,News,Open
CR03793,17-06-2025,Himachal Pradesh,Dharamshala,Online Fraud,Medium,IT,485620,44403,News,Open
CR03794,26-04-2024,West Bengal,Siliguri,Malware,Critical,Corporate,826523,24898,CERT-In,Investigating
CR03795,10-07-2024,Nagaland,Dimapur,Data Breach,Critical,E-commerce,3633372,43770,CERT-In,Investigating
CR03796,23-10-2024,Uttar Pradesh,Lucknow,Online Fraud,High,Personal,1890354,44011,News,Investigating
CR03797,06-02-2025,Mizoram,Aizawl,Malware,Medium,Corporate,3595111,31774,News,Open
CR03798,14-04-2024,Tripura,Agartala,Identity Theft,Low,Corporate,471698,12736,User Report,Open
CR03799,20-02-2024,Sikkim,Gangtok,DDoS,Low,Personal,1838910,33889,Organization,Open
CR03800,10-06-2026,Andaman and Nicobar Islands,Port Blair,Phishing,Medium,IT,2773800,32831,Organization,Investigating
CR03801,01-12-2024,Kerala,Thiruvananthapuram,Malware,High,Banking,1993102,21481,News,Investigating
CR03802,12-05-2024,Maharashtra,Pune,Malware,Low,Education,4888534,25282,News,Resolved
CR03803,06-03-2025,Chandigarh,Chandigarh,Phishing,Critical,Education,2739114,2709,User Report,Open
CR03804,25-11-2024,Tamil Nadu,Chennai,Phishing,High,Education,677707,10053,CERT-In,Open
CR03805,25-03-2025,Delhi,New Delhi,Identity Theft,High,Personal,2041899,27629,News,Investigating
CR03806,11-02-2025,Karnataka,Bengaluru,Identity Theft,High,Corporate,252239,23012,CERT-In,Resolved
CR03807,27-05-2026,Manipur,Imphal,Online Fraud,Critical,Personal,2796767,41476,News,Resolved
CR03808,11-07-2025,Maharashtra,Mumbai,Identity Theft,Medium,Banking,151385,5780,CERT-In,Resolved
CR03809,02-08-2025,Jharkhand,Jamshedpur,Online Fraud,Critical,IT,2936275,38262,News,Investigating
CR03810,16-04-2025,Maharashtra,Pune,Data Breach,Critical,Banking,2820512,47880,User Report,Investigating
CR03811,09-07-2026,Arunachal Pradesh,Naharlagun,Malware,Low,E-commerce,4149193,25780,Organization,Investigating
CR03812,25-03-2026,Chhattisgarh,Raipur,Phishing,Critical,Healthcare,4953916,24901,CERT-In,Open
CR03813,26-02-2026,Telangana,Warangal,DDoS,High,Personal,2216915,14733,CERT-In,Resolved
CR03814,01-06-2026,Ladakh,Leh,Malware,Low,Healthcare,1999030,17532,News,Resolved
CR03815,18-01-2025,Maharashtra,Nashik,Ransomware,Medium,E-commerce,1209608,36801,CERT-In,Open
CR03816,12-10-2024,Bihar,Patna,Online Fraud,Critical,Healthcare,4488281,10867,Organization,Open
CR03817,14-03-2026,Jammu and Kashmir,Jammu,DDoS,Critical,IT,2746303,23745,Organization,Resolved
CR03818,13-10-2025,Delhi,New Delhi,Ransomware,Medium,Corporate,2609735,14642,CERT-In,Resolved
CR03819,18-02-2026,Andaman and Nicobar Islands,Port Blair,DDoS,Low,Education,2544018,33892,News,Investigating
CR03820,26-03-2024,Haryana,Panipat,DDoS,Critical,Personal,1943391,25833,CERT-In,Open
CR03821,19-07-2025,Lakshadweep,Kavaratti,Identity Theft,High,Education,2051361,27582,News,Open
CR03822,24-02-2026,Gujarat,Vadodara,Phishing,Medium,Banking,4037068,9357,CERT-In,Open
CR03823,09-05-2025,Chandigarh,Chandigarh,Online Fraud,High,IT,2944302,22229,News,Open
CR03824,16-08-2025,Punjab,Chandigarh,Malware,High,E-commerce,4006200,39846,Organization,Resolved
CR03825,02-09-2024,Chhattisgarh,Raipur,DDoS,Low,Personal,1109446,46474,CERT-In,Resolved
CR03826,24-03-2026,Chandigarh,Chandigarh,Data Breach,Critical,E-commerce,3106719,30942,Organization,Open
CR03827,01-08-2025,Odisha,Cuttack,Online Fraud,Medium,Education,986166,33558,News,Resolved
CR03828,21-01-2026,Meghalaya,Shillong,Identity Theft,Critical,Banking,1447322,3126,News,Open
CR03829,24-10-2025,Chhattisgarh,Bilaspur,Ransomware,Medium,IT,638901,8285,Organization,Open
CR03830,10-06-2025,Tamil Nadu,Coimbatore,Identity Theft,Critical,Government,1481920,6671,Organization,Investigating
CR03831,10-02-2024,Madhya Pradesh,Indore,Identity Theft,Medium,Personal,508243,9178,Organization,Resolved
CR03832,09-02-2026,Karnataka,Mangaluru,Phishing,Low,Education,3659510,4601,Organization,Open
CR03833,12-06-2025,West Bengal,Siliguri,Phishing,Critical,Government,4091532,11272,News,Open
CR03834,25-07-2025,Chandigarh,Chandigarh,Data Breach,High,Education,4661866,16781,News,Investigating
CR03835,14-04-2025,Maharashtra,Pune,Online Fraud,Medium,Government,4562653,4478,CERT-In,Open
CR03836,17-02-2025,Dadra and Nagar Haveli and Daman and Diu,Silvassa,Data Breach,Critical,IT,1576964,47826,User Report,Open
CR03837,10-03-2025,Uttarakhand,Dehradun,DDoS,High,Banking,2510604,38612,CERT-In,Open
CR03838,28-06-2026,Madhya Pradesh,Gwalior,Malware,Low,E-commerce,4734988,41489,User Report,Resolved
CR03839,26-03-2026,Assam,Silchar,Phishing,Low,Personal,2881146,47852,Organization,Resolved
CR03840,15-06-2025,Lakshadweep,Kavaratti,Online Fraud,Medium,Education,443276,13358,Organization,Open
CR03841,22-08-2025,Lakshadweep,Kavaratti,Malware,Critical,E-commerce,3945591,28144,User Report,Open
CR03842,01-09-2025,Jammu and Kashmir,Srinagar,Ransomware,Medium,E-commerce,2998535,23371,User Report,Resolved
CR03843,20-07-2026,Bihar,Patna,Malware,Low,Healthcare,1563428,22549,News,Investigating
CR03844,01-04-2025,Odisha,Bhubaneswar,Phishing,Medium,IT,4049085,23227,CERT-In,Resolved
CR03845,11-04-2024,Ladakh,Leh,DDoS,High,Corporate,4997993,47333,Organization,Open
CR03846,23-02-2026,Haryana,Faridabad,Malware,Low,Banking,3631633,22457,User Report,Open
CR03847,02-10-2025,Odisha,Cuttack,Data Breach,Low,Corporate,235543,24681,News,Resolved
CR03848,11-07-2025,Karnataka,Mangaluru,Phishing,Medium,Healthcare,145425,3328,User Report,Open
CR03849,16-02-2025,Gujarat,Ahmedabad,Phishing,Medium,Education,218323,5085,CERT-In,Resolved
CR03850,15-03-2026,Telangana,Hyderabad,Data Breach,Medium,Government,3765341,6727,Organization,Investigating
CR03851,10-06-2024,Karnataka,Mysuru,Identity Theft,Medium,Education,1103449,43937,Organization,Resolved
CR03852,20-02-2025,Kerala,Kozhikode,Ransomware,High,Education,4320752,42768,CERT-In,Resolved
CR03853,22-02-2024,West Bengal,Durgapur,Identity Theft,Low,Personal,4268318,37731,News,Open
CR03854,12-10-2025,Lakshadweep,Kavaratti,Data Breach,High,Banking,1702187,40170,CERT-In,Open
CR03855,23-03-2025,Gujarat,Rajkot,DDoS,Critical,Education,3434986,21630,News,Investigating
CR03856,09-03-2024,Dadra and Nagar Haveli and Daman and Diu,Daman,Ransomware,High,Healthcare,54413,47658,User Report,Investigating
CR03857,08-01-2025,Jammu and Kashmir,Jammu,Malware,Critical,Corporate,4048098,21447,News,Investigating
CR03858,04-03-2025,Bihar,Patna,Data Breach,High,Banking,1062004,49954,User Report,Open
CR03859,07-01-2025,Telangana,Warangal,Data Breach,Critical,E-commerce,636956,1651,News,Resolved
CR03860,02-11-2024,Maharashtra,Mumbai,Phishing,Medium,Personal,2369487,10931,CERT-In,Open
CR03861,18-01-2025,Andhra Pradesh,Guntur,Malware,Critical,Government,2512086,18145,News,Resolved
CR03862,10-03-2024,Gujarat,Surat,Data Breach,Critical,Healthcare,200289,1863,User Report,Open
CR03863,07-02-2026,Uttarakhand,Dehradun,Malware,Medium,Personal,3692011,8869,News,Investigating
CR03864,11-07-2024,Sikkim,Gangtok,Identity Theft,Critical,Government,2689444,21435,CERT-In,Open
CR03865,27-02-2025,Andhra Pradesh,Guntur,Ransomware,Medium,Government,2943146,2363,User Report,Investigating
CR03866,01-01-2026,Punjab,Chandigarh,DDoS,Critical,Personal,2129260,34892,CERT-In,Open
CR03867,29-04-2026,Manipur,Imphal,Online Fraud,Medium,Healthcare,4908279,25719,User Report,Resolved
CR03868,07-12-2024,Sikkim,Gangtok,Ransomware,Critical,Personal,3549570,17985,CERT-In,Investigating
CR03869,25-04-2025,Mizoram,Aizawl,Identity Theft,High,IT,930471,17008,News,Resolved
CR03870,26-03-2026,Chhattisgarh,Raipur,Data Breach,Medium,Education,1423140,13693,CERT-In,Resolved
CR03871,26-09-2025,Kerala,Thiruvananthapuram,Online Fraud,Low,Government,11128,48010,User Report,Investigating
CR03872,09-07-2026,Bihar,Muzaffarpur,Online Fraud,High,Education,3690578,31001,CERT-In,Resolved
CR03873,08-10-2024,Gujarat,Ahmedabad,Phishing,Critical,Personal,502909,3016,Organization,Investigating
CR03874,30-03-2024,Himachal Pradesh,Shimla,Data Breach,High,Healthcare,4709691,18336,User Report,Open
CR03875,23-09-2025,Andhra Pradesh,Guntur,Data Breach,Medium,Corporate,4199912,37463,CERT-In,Open
CR03876,20-02-2026,Puducherry,Puducherry,Identity Theft,Medium,Corporate,3175554,28515,CERT-In,Open
CR03877,07-08-2025,Tripura,Agartala,Data Breach,High,Education,4154919,15866,News,Resolved
CR03878,06-05-2025,Dadra and Nagar Haveli and Daman and Diu,Daman,Malware,Critical,Healthcare,3879349,17554,Organization,Investigating
CR03879,13-09-2025,Dadra and Nagar Haveli and Daman and Diu,Daman,DDoS,Medium,E-commerce,1081632,39633,User Report,Investigating
CR03880,06-11-2024,Goa,Panaji,Ransomware,Medium,Healthcare,1195992,16952,News,Resolved
CR03881,30-10-2024,Meghalaya,Shillong,Data Breach,High,Healthcare,2679864,21728,Organization,Open
CR03882,22-10-2025,Jammu and Kashmir,Jammu,DDoS,Medium,Healthcare,1837119,29494,User Report,Open
CR03883,24-03-2025,Nagaland,Dimapur,Online Fraud,Medium,Education,1402493,45252,Organization,Investigating
CR03884,05-06-2025,Punjab,Amritsar,DDoS,Medium,IT,99776,34826,News,Resolved
CR03885,26-01-2025,Ladakh,Leh,Malware,High,E-commerce,1362743,36643,User Report,Investigating
CR03886,23-11-2024,Manipur,Imphal,Ransomware,High,E-commerce,1200645,23597,News,Open
CR03887,25-01-2026,Andaman and Nicobar Islands,Port Blair,Ransomware,Low,Government,4416942,35663,News,Investigating
CR03888,20-09-2025,Tamil Nadu,Coimbatore,DDoS,Medium,E-commerce,2628627,47720,Organization,Investigating
CR03889,29-01-2025,Ladakh,Leh,Malware,High,IT,4843455,23601,News,Investigating
CR03890,04-04-2026,Arunachal Pradesh,Itanagar,Malware,High,Banking,2868894,995,User Report,Resolved
CR03891,31-05-2025,Punjab,Chandigarh,Online Fraud,Low,Education,4098310,49304,User Report,Open
CR03892,23-04-2024,Kerala,Kozhikode,Online Fraud,Medium,Banking,3724310,15739,CERT-In,Investigating
CR03893,03-07-2025,Telangana,Warangal,Phishing,High,IT,770467,43768,User Report,Resolved
CR03894,31-05-2024,Gujarat,Surat,Ransomware,Low,IT,541215,40527,News,Open
CR03895,05-03-2024,Jammu and Kashmir,Jammu,Ransomware,Critical,E-commerce,220097,48815,News,Investigating
CR03896,19-03-2024,Kerala,Kozhikode,Data Breach,Critical,Education,1967165,37926,User Report,Investigating
CR03897,07-04-2024,Andaman and Nicobar Islands,Port Blair,Data Breach,Critical,Education,1083158,39456,News,Open
CR03898,29-12-2025,Andaman and Nicobar Islands,Port Blair,Data Breach,Low,Education,4717603,1898,CERT-In,Investigating
CR03899,08-04-2025,Goa,Margao,Malware,Medium,IT,1119545,41302,CERT-In,Resolved
CR03900,30-11-2025,Karnataka,Mysuru,Phishing,Critical,Personal,3626732,30541,Organization,Open
CR03901,21-10-2025,Chandigarh,Chandigarh,Identity Theft,High,E-commerce,4310225,31199,News,Resolved
CR03902,30-11-2024,Kerala,Kochi,DDoS,High,IT,1944194,17529,News,Open
CR03903,30-08-2024,Goa,Margao,DDoS,Critical,Education,1338079,1798,Organization,Open
CR03904,07-02-2024,West Bengal,Kolkata,DDoS,High,Education,841921,12969,News,Resolved
CR03905,16-10-2025,Maharashtra,Mumbai,DDoS,High,Healthcare,2942237,20531,Organization,Investigating
CR03906,24-06-2024,Delhi,New Delhi,Phishing,Critical,Healthcare,1729985,6996,News,Resolved
CR03907,24-04-2025,Ladakh,Leh,Online Fraud,High,IT,4788514,33300,CERT-In,Open
CR03908,20-03-2026,Himachal Pradesh,Shimla,Malware,Low,Government,2632228,12868,Organization,Resolved
CR03909,25-01-2025,Chhattisgarh,Bilaspur,Online Fraud,Low,Personal,4612098,37225,News,Resolved
CR03910,17-10-2025,Tripura,Agartala,Ransomware,Low,IT,2580542,21758,CERT-In,Resolved
CR03911,02-05-2026,Chhattisgarh,Bilaspur,Malware,High,Corporate,4295999,8979,News,Resolved
CR03912,23-03-2025,Meghalaya,Shillong,Identity Theft,Medium,IT,745765,4993,Organization,Open
CR03913,10-06-2024,Madhya Pradesh,Indore,Online Fraud,High,Personal,3136938,12693,User Report,Resolved
CR03914,18-02-2024,Haryana,Faridabad,Identity Theft,Low,Government,3928302,38059,News,Resolved
CR03915,19-02-2024,West Bengal,Durgapur,Data Breach,Medium,Corporate,4003234,4280,Organization,Investigating
CR03916,09-06-2024,Lakshadweep,Kavaratti,Identity Theft,Critical,Education,4621219,26339,Organization,Resolved
CR03917,05-01-2024,Assam,Dibrugarh,Online Fraud,Medium,E-commerce,1240483,25919,News,Open
CR03918,28-12-2025,Delhi,New Delhi,Phishing,Low,Banking,1107970,25200,News,Resolved
CR03919,07-09-2024,Rajasthan,Jaipur,DDoS,Low,Personal,3515656,17502,CERT-In,Resolved
CR03920,17-03-2024,Arunachal Pradesh,Itanagar,Data Breach,Medium,Government,3178944,35834,User Report,Open
CR03921,01-07-2026,Himachal Pradesh,Shimla,Ransomware,Low,Banking,3677781,16206,Organization,Resolved
CR03922,03-08-2025,Sikkim,Gangtok,Phishing,Low,Corporate,2788531,31767,CERT-In,Investigating
CR03923,26-07-2026,Kerala,Thiruvananthapuram,Malware,Low,Corporate,3644856,39122,News,Open
CR03924,17-11-2024,Bihar,Gaya,Data Breach,Medium,Government,2222577,13132,Organization,Open
CR03925,20-05-2025,Manipur,Imphal,Data Breach,Low,Education,2082840,26520,Organization,Open
CR03926,10-11-2024,Goa,Margao,Phishing,Medium,Corporate,3448513,49598,CERT-In,Resolved
CR03927,08-11-2025,Bihar,Muzaffarpur,Ransomware,Low,Corporate,2526564,46060,User Report,Resolved
CR03928,20-12-2025,Assam,Dibrugarh,Data Breach,High,Healthcare,988770,18803,User Report,Investigating
CR03929,05-04-2025,Delhi,New Delhi,Malware,Medium,Personal,253755,33396,CERT-In,Open
CR03930,22-06-2026,Jammu and Kashmir,Jammu,Identity Theft,Medium,IT,4440202,25241,User Report,Resolved
CR03931,30-11-2025,Jammu and Kashmir,Jammu,Malware,Low,IT,2640128,34890,News,Investigating
CR03932,16-02-2026,Sikkim,Gangtok,Ransomware,Medium,IT,4835311,22001,User Report,Investigating
CR03933,12-05-2024,Nagaland,Dimapur,Ransomware,High,Corporate,4057700,37666,User Report,Investigating
CR03934,06-12-2024,Ladakh,Leh,DDoS,High,Education,1214526,15972,User Report,Resolved
CR03935,23-05-2026,Arunachal Pradesh,Naharlagun,Malware,Low,Education,2007731,31760,News,Investigating
CR03936,01-09-2024,Punjab,Chandigarh,DDoS,Critical,Personal,4197682,29640,Organization,Open
CR03937,27-01-2024,Nagaland,Dimapur,Online Fraud,High,Education,35967,12764,CERT-In,Resolved
CR03938,23-04-2024,Tripura,Agartala,Ransomware,Low,Education,2782522,45964,CERT-In,Investigating
CR03939,01-01-2025,Chhattisgarh,Raipur,Phishing,Medium,E-commerce,678501,3289,User Report,Open
CR03940,10-06-2024,Maharashtra,Nashik,Ransomware,Critical,Banking,34137,3559,User Report,Open
CR03941,21-12-2024,Arunachal Pradesh,Itanagar,Data Breach,Low,Corporate,4241881,13874,CERT-In,Investigating
CR03942,23-09-2025,Lakshadweep,Kavaratti,Phishing,Critical,Corporate,2341506,20431,CERT-In,Investigating
CR03943,17-05-2026,Manipur,Imphal,DDoS,Medium,Education,943579,5119,User Report,Resolved
CR03944,04-10-2025,Jharkhand,Ranchi,DDoS,High,E-commerce,2493944,28879,Organization,Open
CR03945,31-01-2026,Madhya Pradesh,Indore,Online Fraud,High,Government,1136369,36971,CERT-In,Investigating
CR03946,12-07-2024,Madhya Pradesh,Gwalior,DDoS,High,Education,1304648,44618,News,Open
CR03947,22-05-2024,Gujarat,Surat,Data Breach,Medium,Banking,4118942,18834,CERT-In,Open
CR03948,20-10-2024,Kerala,Thiruvananthapuram,Malware,Medium,Education,2829753,828,News,Open
CR03949,31-10-2025,Kerala,Kozhikode,Phishing,Medium,E-commerce,3708288,10589,CERT-In,Investigating
CR03950,27-04-2025,Delhi,New Delhi,Phishing,Low,Personal,4412404,10039,CERT-In,Open
CR03951,20-04-2025,Uttarakhand,Dehradun,Phishing,High,IT,486066,9042,Organization,Open
CR03952,29-09-2025,Punjab,Chandigarh,Data Breach,Critical,Healthcare,3347664,47020,News,Resolved
CR03953,10-02-2024,Delhi,New Delhi,Phishing,High,Healthcare,3392400,14085,CERT-In,Resolved
CR03954,15-12-2025,Kerala,Thiruvananthapuram,Ransomware,High,Corporate,3764768,28358,User Report,Investigating
CR03955,07-01-2025,Meghalaya,Shillong,Online Fraud,High,IT,2183024,37730,CERT-In,Investigating
CR03956,21-02-2026,Chandigarh,Chandigarh,Online Fraud,High,Personal,4215390,14184,News,Investigating
CR03957,23-08-2025,Madhya Pradesh,Bhopal,Data Breach,Critical,Corporate,4503110,28155,CERT-In,Investigating
CR03958,23-10-2024,Himachal Pradesh,Shimla,Identity Theft,High,Government,2446743,22095,User Report,Investigating
CR03959,27-04-2026,Andhra Pradesh,Vijayawada,Malware,Low,E-commerce,4107693,32029,Organization,Resolved
CR03960,22-02-2024,Andhra Pradesh,Vijayawada,Identity Theft,High,IT,4886907,19177,User Report,Resolved
CR03961,20-06-2026,Haryana,Panipat,Online Fraud,Low,Banking,443947,5771,Organization,Resolved
CR03962,07-12-2025,Tripura,Agartala,Phishing,Medium,Healthcare,4848280,14534,News,Resolved
CR03963,07-01-2026,Chhattisgarh,Bilaspur,Ransomware,Medium,Personal,4238065,41696,CERT-In,Open
CR03964,16-08-2024,Punjab,Ludhiana,Ransomware,Critical,Government,2420014,646,CERT-In,Resolved
CR03965,23-01-2025,Punjab,Ludhiana,Identity Theft,High,Banking,4704546,44882,User Report,Open
CR03966,24-12-2025,Assam,Guwahati,Malware,Medium,Corporate,1341030,34320,CERT-In,Open
CR03967,19-07-2024,Uttar Pradesh,Kanpur,Phishing,Low,Government,2717744,28910,News,Investigating
CR03968,05-06-2025,West Bengal,Siliguri,Malware,Low,Corporate,681941,41804,Organization,Resolved
CR03969,08-04-2026,Jammu and Kashmir,Srinagar,Identity Theft,Medium,IT,1693349,49936,Organization,Resolved
CR03970,04-10-2024,Uttar Pradesh,Noida,Online Fraud,Low,E-commerce,2731364,33675,News,Open
CR03971,16-07-2026,Ladakh,Leh,Data Breach,Critical,IT,2244583,10755,Organization,Open
CR03972,26-04-2025,Kerala,Thiruvananthapuram,Identity Theft,Critical,Personal,4971021,3664,User Report,Investigating
CR03973,12-11-2024,Odisha,Bhubaneswar,Phishing,Critical,Personal,221528,4956,News,Investigating
CR03974,24-09-2025,Assam,Guwahati,Data Breach,Medium,Personal,2023125,28200,CERT-In,Open
CR03975,27-02-2026,Assam,Silchar,Data Breach,Critical,Corporate,1330401,20939,CERT-In,Investigating
CR03976,01-08-2025,Dadra and Nagar Haveli and Daman and Diu,Daman,DDoS,Critical,Healthcare,2145688,4259,Organization,Investigating
CR03977,12-10-2024,Maharashtra,Pune,Identity Theft,Medium,Education,3036154,35540,News,Investigating
CR03978,14-05-2025,Gujarat,Surat,DDoS,High,Banking,3342276,45747,CERT-In,Open
CR03979,16-05-2026,Gujarat,Rajkot,Data Breach,Low,IT,3345825,29237,News,Open
CR03980,01-03-2024,Madhya Pradesh,Bhopal,Ransomware,Critical,Personal,3034550,36066,User Report,Investigating
CR03981,04-04-2026,Ladakh,Leh,Identity Theft,Medium,Personal,3283410,27864,User Report,Resolved
CR03982,07-06-2024,Andhra Pradesh,Guntur,Phishing,Medium,IT,4922364,29394,Organization,Investigating
CR03983,23-07-2026,Andaman and Nicobar Islands,Port Blair,Phishing,Low,Banking,1119816,34027,Organization,Investigating
CR03984,25-11-2025,Goa,Margao,DDoS,Medium,Healthcare,3200233,45914,News,Open
CR03985,14-03-2026,Kerala,Thiruvananthapuram,Identity Theft,High,IT,3281109,38359,Organization,Open
CR03986,22-03-2026,Telangana,Warangal,Data Breach,Low,Healthcare,2163912,43208,News,Investigating
CR03987,10-05-2024,Jharkhand,Ranchi,Online Fraud,Low,Corporate,4106127,38077,User Report,Resolved
CR03988,09-05-2025,Haryana,Gurugram,DDoS,Critical,IT,3778041,12646,CERT-In,Resolved
CR03989,17-04-2026,Maharashtra,Mumbai,Identity Theft,Medium,Education,1784296,18263,User Report,Resolved
CR03990,13-06-2025,Uttarakhand,Haridwar,Identity Theft,Critical,IT,947694,8779,News,Open
CR03991,03-07-2026,Telangana,Hyderabad,DDoS,Low,E-commerce,2541349,30727,User Report,Open
CR03992,04-02-2024,Tamil Nadu,Madurai,Identity Theft,Critical,E-commerce,3577075,17794,User Report,Open
CR03993,01-01-2024,Uttar Pradesh,Kanpur,Data Breach,Medium,Banking,1178864,49663,User Report,Resolved
CR03994,24-02-2024,Andhra Pradesh,Vijayawada,Ransomware,High,Personal,871606,18155,Organization,Investigating
CR03995,15-02-2025,Delhi,New Delhi,Data Breach,Critical,E-commerce,2808903,12926,User Report,Investigating
CR03996,18-08-2024,Telangana,Hyderabad,Identity Theft,High,IT,1804454,17845,Organization,Investigating
CR03997,04-01-2026,Andhra Pradesh,Guntur,Phishing,High,Personal,4606989,45336,News,Open
CR03998,12-01-2026,Himachal Pradesh,Shimla,Online Fraud,High,IT,681680,23535,CERT-In,Resolved
CR03999,15-03-2026,Andaman and Nicobar Islands,Port Blair,Online Fraud,High,IT,182549,8809,News,Investigating
CR04000,09-07-2025,West Bengal,Kolkata,Data Breach,Critical,Personal,3520316,8858,News,Resolved
CR04001,11-02-2025,Meghalaya,Shillong,Phishing,Medium,Government,1074540,27853,CERT-In,Open
CR04002,21-02-2025,Nagaland,Kohima,DDoS,Critical,IT,998490,28412,User Report,Resolved
CR04003,01-11-2024,Uttarakhand,Haridwar,Malware,Critical,Government,203025,8627,User Report,Resolved
CR04004,10-12-2025,Goa,Margao,DDoS,High,Healthcare,4588061,2560,News,Investigating
CR04005,25-03-2025,Puducherry,Puducherry,Malware,Medium,E-commerce,4898359,8188,News,Open
CR04006,13-10-2024,Jharkhand,Jamshedpur,DDoS,Medium,Banking,111296,12305,Organization,Investigating
CR04007,19-01-2024,Nagaland,Kohima,Ransomware,High,Banking,4900892,49896,Organization,Open
CR04008,23-06-2025,Tamil Nadu,Coimbatore,Identity Theft,Low,E-commerce,3675412,47355,News,Resolved
CR04009,26-07-2026,Lakshadweep,Kavaratti,Data Breach,Critical,Government,3301483,10616,Organization,Resolved
CR04010,09-02-2026,Telangana,Hyderabad,Phishing,Low,Government,1827319,42336,Organization,Open
CR04011,21-06-2026,West Bengal,Durgapur,Online Fraud,High,Government,2856198,36210,User Report,Resolved
CR04012,03-04-2026,Gujarat,Rajkot,Identity Theft,High,Education,3669433,36682,User Report,Open
CR04013,21-04-2026,Telangana,Warangal,DDoS,Medium,Personal,2469609,5661,User Report,Resolved
CR04014,02-09-2025,Tamil Nadu,Madurai,Identity Theft,Medium,Personal,3471833,15978,News,Resolved
CR04015,13-08-2025,Punjab,Chandigarh,Malware,Medium,IT,3134615,22342,News,Resolved
CR04016,13-04-2026,Uttar Pradesh,Noida,Malware,Medium,Healthcare,3814831,37698,News,Investigating
CR04017,04-05-2024,Karnataka,Bengaluru,Ransomware,High,E-commerce,1949907,17733,CERT-In,Resolved
CR04018,11-06-2024,Chandigarh,Chandigarh,Online Fraud,Critical,Healthcare,4244236,27282,CERT-In,Investigating
CR04019,10-08-2025,Karnataka,Bengaluru,Malware,High,IT,4638173,45993,Organization,Resolved
CR04020,29-04-2026,Jammu and Kashmir,Jammu,Malware,High,Personal,4906657,31721,User Report,Resolved
CR04021,05-04-2025,Gujarat,Surat,Malware,Critical,Government,2751633,42809,Organization,Resolved
CR04022,29-05-2026,Odisha,Bhubaneswar,DDoS,High,Personal,3661967,48757,CERT-In,Open
CR04023,02-02-2024,Telangana,Hyderabad,Data Breach,Critical,Corporate,805574,17480,CERT-In,Resolved
CR04024,05-01-2026,Andaman and Nicobar Islands,Port Blair,Phishing,High,Education,4069778,30689,Organization,Investigating
CR04025,03-04-2025,Andhra Pradesh,Guntur,Phishing,High,Personal,4561543,21024,CERT-In,Resolved
CR04026,28-12-2025,Uttar Pradesh,Kanpur,Malware,High,Education,509404,17932,Organization,Investigating
CR04027,20-10-2024,Jammu and Kashmir,Jammu,DDoS,Low,Healthcare,1067400,28223,News,Resolved
CR04028,27-09-2024,Chhattisgarh,Bilaspur,Data Breach,High,Banking,1383777,31006,Organization,Resolved
CR04029,28-01-2025,Chandigarh,Chandigarh,Online Fraud,High,Corporate,3426657,25484,Organization,Open
CR04030,19-11-2025,Goa,Margao,Data Breach,Medium,Government,2164225,43504,User Report,Investigating
CR04031,15-04-2025,Odisha,Cuttack,Online Fraud,Medium,Government,663976,46705,User Report,Open
CR04032,27-10-2025,Chhattisgarh,Bilaspur,Ransomware,High,Personal,4008899,43672,News,Investigating
CR04033,25-06-2024,Tripura,Agartala,Identity Theft,Low,Government,4621286,35396,News,Investigating
CR04034,15-05-2024,Uttarakhand,Haridwar,Ransomware,Critical,Education,1916625,41204,CERT-In,Resolved
CR04035,22-05-2026,Jammu and Kashmir,Jammu,Identity Theft,Low,E-commerce,134482,27007,Organization,Investigating
CR04036,11-01-2025,Lakshadweep,Kavaratti,Ransomware,Medium,Banking,1363896,43251,CERT-In,Open
CR04037,10-03-2026,Kerala,Kochi,Identity Theft,Critical,E-commerce,1267534,3165,Organization,Open
CR04038,08-04-2025,Jammu and Kashmir,Srinagar,Online Fraud,Medium,Government,761686,47853,Organization,Open
CR04039,02-04-2026,Andhra Pradesh,Visakhapatnam,Online Fraud,Low,Education,3115319,2709,User Report,Investigating
CR04040,07-02-2024,Telangana,Hyderabad,Malware,Low,Corporate,3536971,27577,CERT-In,Investigating
CR04041,18-03-2026,Tripura,Agartala,DDoS,Low,IT,203253,22025,User Report,Open
CR04042,13-07-2024,Gujarat,Vadodara,Ransomware,High,IT,869243,47764,CERT-In,Resolved
CR04043,06-11-2025,Maharashtra,Nashik,DDoS,Critical,Banking,4058402,21817,User Report,Investigating
CR04044,09-05-2025,Nagaland,Kohima,Identity Theft,High,Government,4323272,7632,User Report,Open
CR04045,12-01-2026,Chhattisgarh,Raipur,Identity Theft,High,E-commerce,223230,32729,CERT-In,Resolved
CR04046,12-11-2024,Lakshadweep,Kavaratti,Malware,Low,Government,2516112,13811,News,Open
CR04047,15-10-2025,West Bengal,Kolkata,Data Breach,High,Banking,4062357,39355,Organization,Resolved
CR04048,22-07-2026,Andhra Pradesh,Visakhapatnam,Online Fraud,Low,Banking,904907,38573,Organization,Resolved
CR04049,20-02-2025,Andhra Pradesh,Guntur,Identity Theft,Medium,Corporate,4952544,46712,News,Open
CR04050,08-04-2026,Delhi,New Delhi,Ransomware,Medium,Government,4067063,16654,News,Investigating
CR04051,21-11-2025,Tamil Nadu,Madurai,Identity Theft,Low,Healthcare,4661376,23792,Organization,Investigating
CR04052,31-07-2025,Uttarakhand,Haridwar,Ransomware,High,E-commerce,2417446,16150,Organization,Investigating
CR04053,16-08-2025,Meghalaya,Shillong,Phishing,Low,Personal,46140,22896,Organization,Open
CR04054,26-05-2024,West Bengal,Kolkata,Online Fraud,Critical,E-commerce,1445040,35280,News,Open
CR04055,14-05-2025,Jharkhand,Ranchi,Data Breach,High,IT,1146084,11450,CERT-In,Open
CR04056,29-03-2024,Assam,Guwahati,Data Breach,Medium,E-commerce,3282607,49775,Organization,Resolved
CR04057,04-03-2025,Puducherry,Puducherry,DDoS,High,Personal,3201183,49270,CERT-In,Open
CR04058,04-09-2024,Karnataka,Mysuru,Malware,High,Personal,4237257,17172,News,Open
CR04059,23-07-2025,Uttarakhand,Haridwar,Ransomware,Medium,Corporate,615714,5220,CERT-In,Resolved
CR04060,09-03-2025,Bihar,Muzaffarpur,Data Breach,Critical,E-commerce,2320328,11447,Organization,Resolved
CR04061,18-04-2024,Puducherry,Puducherry,Phishing,High,Personal,330159,49561,User Report,Resolved
CR04062,31-10-2025,Uttarakhand,Dehradun,Data Breach,High,Government,2597322,18466,User Report,Resolved
CR04063,17-08-2025,Assam,Guwahati,Online Fraud,Critical,Healthcare,986822,23034,News,Resolved
CR04064,12-01-2026,Goa,Margao,Ransomware,Critical,E-commerce,2114291,45181,Organization,Open
CR04065,12-09-2024,Gujarat,Vadodara,Ransomware,High,Corporate,4412168,31071,Organization,Resolved
CR04066,22-03-2025,Rajasthan,Jodhpur,Ransomware,Critical,Personal,3489554,47898,CERT-In,Open
CR04067,08-08-2024,Uttar Pradesh,Kanpur,Malware,Medium,IT,2859904,15661,Organization,Open
CR04068,12-06-2024,Andaman and Nicobar Islands,Port Blair,Phishing,Critical,Personal,2936627,15730,User Report,Resolved
CR04069,12-05-2024,Meghalaya,Shillong,Ransomware,Critical,IT,1124105,9513,CERT-In,Open
CR04070,09-08-2024,Madhya Pradesh,Indore,Malware,Critical,IT,338603,42274,Organization,Open
CR04071,11-10-2024,Kerala,Kozhikode,DDoS,High,E-commerce,1054761,10196,Organization,Resolved
CR04072,10-03-2025,Meghalaya,Shillong,Online Fraud,Critical,IT,4195545,5690,CERT-In,Open
CR04073,05-10-2025,Andaman and Nicobar Islands,Port Blair,Ransomware,High,Education,3170563,9134,Organization,Investigating
CR04074,25-11-2025,Rajasthan,Udaipur,Online Fraud,Low,Healthcare,1965912,26415,Organization,Resolved
CR04075,26-05-2024,Goa,Margao,Ransomware,High,Banking,4842433,9606,CERT-In,Investigating
CR04076,15-10-2025,Uttarakhand,Dehradun,DDoS,Critical,Government,170492,38172,Organization,Resolved
CR04077,16-05-2025,Nagaland,Dimapur,Phishing,High,Corporate,2419687,34371,User Report,Investigating
CR04078,13-11-2025,Assam,Guwahati,Malware,Low,Personal,1176643,17761,CERT-In,Investigating
CR04079,19-11-2025,Arunachal Pradesh,Naharlagun,Malware,High,E-commerce,3982728,20007,CERT-In,Investigating
CR04080,12-05-2024,Mizoram,Aizawl,Online Fraud,Low,Education,3653888,37514,User Report,Open
CR04081,13-12-2025,Sikkim,Gangtok,Phishing,Low,IT,1392256,45734,CERT-In,Resolved
CR04082,01-01-2026,Delhi,New Delhi,Identity Theft,Low,Education,499810,13806,News,Open
CR04083,21-01-2026,Chhattisgarh,Raipur,Identity Theft,Critical,Government,2111595,9800,User Report,Resolved
CR04084,13-02-2026,West Bengal,Durgapur,Online Fraud,High,Education,51479,33532,CERT-In,Open
CR04085,04-07-2024,Bihar,Gaya,Identity Theft,Low,Government,2517777,45151,CERT-In,Investigating
CR04086,14-07-2026,Himachal Pradesh,Shimla,Ransomware,Critical,Government,4970361,42566,News,Resolved
CR04087,04-01-2025,Uttarakhand,Haridwar,DDoS,High,Education,2066660,48671,News,Open
CR04088,28-04-2025,West Bengal,Durgapur,Ransomware,Medium,IT,4698098,11858,CERT-In,Resolved
CR04089,23-07-2024,Lakshadweep,Kavaratti,Malware,High,Banking,4040869,11706,Organization,Open
CR04090,22-01-2026,Puducherry,Puducherry,Ransomware,Medium,IT,2915723,41849,CERT-In,Investigating
CR04091,01-03-2025,Andhra Pradesh,Vijayawada,Identity Theft,High,Government,821263,29711,Organization,Investigating
CR04092,20-06-2026,Manipur,Imphal,Identity Theft,Critical,E-commerce,1657971,18910,CERT-In,Open
CR04093,20-07-2026,Puducherry,Puducherry,Malware,Medium,Government,1756995,31450,CERT-In,Open
CR04094,18-01-2025,Odisha,Cuttack,Data Breach,High,Banking,1735677,14129,News,Resolved
CR04095,04-04-2024,Andaman and Nicobar Islands,Port Blair,Phishing,Medium,Personal,3313503,37738,Organization,Investigating
CR04096,24-03-2026,Uttar Pradesh,Noida,Phishing,Medium,E-commerce,2134471,30054,News,Investigating
CR04097,15-01-2026,Nagaland,Kohima,Identity Theft,Low,IT,4641476,39220,CERT-In,Resolved
CR04098,26-03-2025,Meghalaya,Shillong,Data Breach,High,Banking,3203103,37218,User Report,Investigating
CR04099,07-03-2025,Madhya Pradesh,Bhopal,Online Fraud,Medium,Education,2268504,42386,CERT-In,Investigating
CR04100,30-04-2024,Goa,Panaji,Ransomware,High,Personal,40919,35652,User Report,Resolved
CR04101,11-01-2025,Punjab,Chandigarh,Identity Theft,High,Healthcare,4926978,9124,User Report,Open
CR04102,05-05-2024,Delhi,New Delhi,Online Fraud,High,IT,2135539,43823,CERT-In,Investigating
CR04103,02-08-2024,Himachal Pradesh,Dharamshala,Ransomware,Critical,Education,3176980,46445,User Report,Investigating
CR04104,14-01-2026,Delhi,New Delhi,DDoS,Medium,E-commerce,4652050,4447,User Report,Open
CR04105,15-03-2026,Assam,Guwahati,Online Fraud,Critical,Personal,2539777,36392,News,Open
CR04106,01-08-2025,West Bengal,Durgapur,Malware,Low,IT,842663,26298,Organization,Resolved
CR04107,05-03-2026,Andaman and Nicobar Islands,Port Blair,Malware,Medium,Personal,4785435,4564,User Report,Resolved
CR04108,29-03-2024,Nagaland,Kohima,Malware,High,Banking,4077133,30789,CERT-In,Resolved
CR04109,24-12-2024,Rajasthan,Udaipur,Ransomware,Low,E-commerce,370357,39898,News,Open
CR04110,08-06-2024,Meghalaya,Shillong,Data Breach,Low,E-commerce,2551449,5738,News,Investigating
CR04111,30-11-2024,Rajasthan,Udaipur,Identity Theft,Medium,Banking,3367726,22389,News,Resolved
CR04112,16-09-2025,Delhi,New Delhi,Phishing,Low,Banking,1674820,25071,Organization,Resolved
CR04113,19-06-2025,Jammu and Kashmir,Jammu,DDoS,Medium,Government,2309393,171,News,Resolved
CR04114,02-03-2024,Rajasthan,Jaipur,Online Fraud,Critical,Healthcare,3900380,47512,CERT-In,Investigating
CR04115,30-03-2024,Haryana,Panipat,Malware,High,Banking,2106903,46973,CERT-In,Open
CR04116,27-03-2026,Chhattisgarh,Bilaspur,Identity Theft,Low,Education,2201712,10527,News,Open
CR04117,24-04-2026,Haryana,Faridabad,Ransomware,High,Education,3088395,9622,Organization,Investigating
CR04118,27-05-2024,Dadra and Nagar Haveli and Daman and Diu,Silvassa,Ransomware,High,Healthcare,590638,18439,News,Resolved
CR04119,07-08-2025,Jharkhand,Jamshedpur,Malware,Medium,Healthcare,272828,2347,User Report,Investigating
CR04120,11-05-2025,Assam,Guwahati,Identity Theft,High,Banking,3488360,14088,Organization,Investigating
CR04121,03-03-2026,West Bengal,Siliguri,Data Breach,High,Personal,2694080,16031,News,Investigating
CR04122,02-09-2025,Meghalaya,Shillong,DDoS,Low,Healthcare,4846242,47551,CERT-In,Open
CR04123,15-11-2024,Jammu and Kashmir,Srinagar,Ransomware,High,IT,991025,33219,News,Resolved
CR04124,23-03-2025,Dadra and Nagar Haveli and Daman and Diu,Silvassa,Ransomware,High,Personal,1696067,5394,User Report,Resolved
CR04125,02-05-2024,Delhi,New Delhi,Online Fraud,Medium,Corporate,407363,32468,User Report,Open
CR04126,10-03-2025,Punjab,Chandigarh,Phishing,Critical,Education,4098515,22949,CERT-In,Open
CR04127,06-11-2025,Andhra Pradesh,Guntur,Data Breach,Medium,Corporate,1177793,39952,User Report,Investigating
CR04128,26-03-2025,Andaman and Nicobar Islands,Port Blair,Ransomware,Critical,Healthcare,1279797,15203,News,Resolved
CR04129,25-09-2024,Puducherry,Puducherry,Ransomware,Critical,Education,496457,43699,News,Resolved
CR04130,06-02-2026,Dadra and Nagar Haveli and Daman and Diu,Silvassa,Online Fraud,Low,Healthcare,1214202,14190,CERT-In,Resolved
CR04131,21-04-2025,Chhattisgarh,Raipur,Ransomware,Medium,Government,1759831,28099,Organization,Open
CR04132,21-11-2025,Chhattisgarh,Raipur,Identity Theft,High,Healthcare,2746880,24777,User Report,Resolved
CR04133,31-01-2025,Mizoram,Aizawl,Ransomware,High,Education,4404797,9785,News,Open
CR04134,22-04-2026,Odisha,Cuttack,Data Breach,Low,E-commerce,1894147,8451,News,Investigating
CR04135,10-09-2025,Assam,Guwahati,Identity Theft,Critical,Personal,4982604,401,Organization,Resolved
CR04136,15-02-2026,Uttar Pradesh,Lucknow,Data Breach,Medium,Corporate,2721186,25257,CERT-In,Open
CR04137,23-09-2024,Arunachal Pradesh,Itanagar,Ransomware,High,Personal,4444329,8718,User Report,Resolved
CR04138,19-01-2024,Sikkim,Gangtok,Identity Theft,Critical,Personal,2800962,4327,User Report,Resolved
CR04139,10-11-2024,Bihar,Muzaffarpur,Malware,Medium,Banking,4442831,7111,News,Open
CR04140,31-03-2025,Nagaland,Dimapur,DDoS,Critical,Corporate,4286055,39070,User Report,Resolved
CR04141,02-06-2025,Madhya Pradesh,Bhopal,Malware,Medium,E-commerce,2276519,36808,User Report,Resolved
CR04142,20-01-2026,Mizoram,Aizawl,Malware,Medium,Education,2185681,12951,Organization,Resolved
CR04143,12-08-2025,Madhya Pradesh,Bhopal,Ransomware,Low,Government,3491241,35617,CERT-In,Open
CR04144,24-02-2026,Manipur,Imphal,DDoS,Low,Corporate,4948344,46448,Organization,Investigating
CR04145,05-01-2026,Goa,Margao,Identity Theft,Low,Personal,1755747,47226,CERT-In,Resolved
CR04146,24-09-2025,Manipur,Imphal,Online Fraud,High,E-commerce,2452189,47621,CERT-In,Investigating
CR04147,08-01-2025,Punjab,Chandigarh,Identity Theft,High,Healthcare,3102131,27082,Organization,Resolved
CR04148,13-10-2024,Manipur,Imphal,Ransomware,High,Corporate,416169,598,News,Open
CR04149,24-10-2025,Punjab,Amritsar,Online Fraud,Medium,Government,2149772,6904,CERT-In,Investigating
CR04150,06-01-2026,Chhattisgarh,Bilaspur,Phishing,High,Corporate,2240023,46168,News,Open
CR04151,11-04-2024,Delhi,New Delhi,Ransomware,High,Corporate,1708258,15663,Organization,Investigating
CR04152,14-03-2025,Andaman and Nicobar Islands,Port Blair,Malware,Low,Corporate,817346,34809,CERT-In,Resolved
CR04153,06-08-2024,Uttar Pradesh,Kanpur,Ransomware,Low,IT,1317771,5818,CERT-In,Open
CR04154,21-06-2026,Telangana,Hyderabad,Malware,Critical,Government,4294197,43567,User Report,Resolved
CR04155,16-12-2025,Rajasthan,Jodhpur,Identity Theft,High,Government,1268390,44575,CERT-In,Resolved
CR04156,09-01-2024,Andhra Pradesh,Vijayawada,Malware,Critical,IT,905110,46318,User Report,Open
CR04157,11-07-2026,Assam,Guwahati,Ransomware,High,Education,3001985,15415,CERT-In,Open
CR04158,27-09-2024,Bihar,Gaya,Identity Theft,High,E-commerce,1306858,11641,CERT-In,Open
CR04159,15-12-2024,Himachal Pradesh,Dharamshala,Ransomware,Critical,Corporate,4120120,32009,CERT-In,Resolved
CR04160,02-08-2024,Chandigarh,Chandigarh,Identity Theft,Critical,Healthcare,3266314,5253,News,Open
CR04161,06-12-2025,Sikkim,Gangtok,Malware,High,Corporate,2306367,46058,Organization,Open
CR04162,20-07-2024,Tamil Nadu,Coimbatore,Identity Theft,Critical,IT,1291289,16378,CERT-In,Investigating
CR04163,18-02-2026,Mizoram,Aizawl,Phishing,Critical,Healthcare,3781700,35074,User Report,Open
CR04164,25-03-2026,Karnataka,Mysuru,Ransomware,Medium,Corporate,1789136,2891,CERT-In,Investigating
CR04165,04-02-2026,Tamil Nadu,Chennai,Identity Theft,High,Personal,4394476,5532,User Report,Investigating
CR04166,08-04-2024,Kerala,Kozhikode,Data Breach,Low,Corporate,468913,18327,News,Resolved
CR04167,10-04-2026,Arunachal Pradesh,Naharlagun,Data Breach,Medium,IT,1496935,34308,CERT-In,Investigating
CR04168,04-04-2025,Arunachal Pradesh,Naharlagun,Ransomware,Critical,Healthcare,3876170,47124,User Report,Resolved
CR04169,29-06-2024,Goa,Panaji,Online Fraud,Medium,Healthcare,2087075,36221,CERT-In,Open
CR04170,03-03-2024,Chhattisgarh,Bilaspur,Phishing,Low,Government,2095012,46208,User Report,Resolved
CR04171,14-05-2026,Jammu and Kashmir,Jammu,Ransomware,Critical,E-commerce,4666117,2979,News,Resolved
CR04172,21-11-2025,Telangana,Hyderabad,Malware,Low,IT,3658437,44601,User Report,Open
CR04173,26-12-2025,Meghalaya,Shillong,DDoS,Critical,Healthcare,2757782,14066,Organization,Investigating
CR04174,08-09-2025,Karnataka,Mysuru,DDoS,Critical,IT,351459,43128,User Report,Investigating
CR04175,31-08-2025,Chhattisgarh,Bilaspur,Identity Theft,Critical,E-commerce,4180790,45088,Organization,Investigating
CR04176,22-04-2024,Uttar Pradesh,Lucknow,Phishing,Low,Personal,4173139,32707,News,Resolved
CR04177,28-02-2024,West Bengal,Kolkata,Identity Theft,Critical,IT,1425445,15996,CERT-In,Open
CR04178,15-03-2025,Delhi,New Delhi,Online Fraud,Medium,Corporate,2634143,5503,News,Resolved
CR04179,09-10-2024,Telangana,Warangal,Identity Theft,Medium,Government,3771739,38302,Organization,Resolved
CR04180,17-06-2025,Delhi,New Delhi,Ransomware,Low,IT,1169256,26008,Organization,Open
CR04181,02-04-2024,Maharashtra,Nashik,Phishing,Critical,IT,4601208,11187,Organization,Open
CR04182,11-08-2025,Mizoram,Aizawl,Online Fraud,Critical,Corporate,2532054,18269,User Report,Investigating
CR04183,09-12-2025,Madhya Pradesh,Gwalior,Phishing,Critical,Banking,2426550,25276,User Report,Investigating
CR04184,21-06-2024,Jharkhand,Ranchi,DDoS,Medium,IT,4246616,11886,CERT-In,Investigating
CR04185,23-11-2024,Uttarakhand,Haridwar,DDoS,Low,Personal,4029028,11001,Organization,Open
CR04186,24-06-2025,Arunachal Pradesh,Naharlagun,Malware,Medium,Government,273161,43587,News,Open
CR04187,20-08-2025,Sikkim,Gangtok,Data Breach,High,Government,4476583,20838,User Report,Investigating
CR04188,09-06-2026,Nagaland,Kohima,Online Fraud,High,Healthcare,4118520,3022,CERT-In,Resolved
CR04189,23-03-2025,Gujarat,Rajkot,Identity Theft,Low,Education,1723681,45206,Organization,Investigating
CR04190,30-12-2025,Arunachal Pradesh,Itanagar,DDoS,Critical,Education,2718018,45702,News,Open
CR04191,11-01-2026,Tamil Nadu,Madurai,Malware,Medium,Government,2715376,28265,News,Open
CR04192,14-06-2026,Jharkhand,Ranchi,Malware,Critical,E-commerce,2678377,25588,Organization,Open
CR04193,27-05-2024,Himachal Pradesh,Dharamshala,Ransomware,High,Healthcare,2428079,8079,News,Resolved
CR04194,24-04-2026,Odisha,Cuttack,Ransomware,Low,Education,1245315,37982,User Report,Open
CR04195,11-07-2025,Kerala,Kochi,DDoS,Low,Government,3207595,9812,CERT-In,Resolved
CR04196,04-04-2024,Himachal Pradesh,Shimla,Online Fraud,Low,Banking,1838692,36131,CERT-In,Resolved
CR04197,28-02-2025,Bihar,Muzaffarpur,Malware,Low,Corporate,3541325,5253,News,Resolved
CR04198,04-09-2024,Jharkhand,Jamshedpur,Malware,Low,Corporate,1154952,35530,Organization,Open
CR04199,12-03-2024,Tamil Nadu,Chennai,DDoS,Medium,Banking,1300834,40803,User Report,Open
CR04200,27-01-2025,Assam,Dibrugarh,Ransomware,High,Banking,4138493,88,User Report,Open
CR04201,25-02-2026,Tamil Nadu,Chennai,Identity Theft,Critical,Healthcare,399766,2753,User Report,Investigating
CR04202,25-01-2024,Manipur,Imphal,Phishing,Medium,Healthcare,4542181,17784,News,Open
CR04203,10-01-2025,Puducherry,Puducherry,Identity Theft,High,E-commerce,3781552,42461,News,Open
CR04204,21-10-2025,Manipur,Imphal,Online Fraud,High,Government,1665443,34079,News,Investigating
CR04205,22-02-2024,Delhi,New Delhi,Ransomware,High,E-commerce,2900477,1521,News,Open
CR04206,05-06-2024,Madhya Pradesh,Indore,DDoS,High,Corporate,326252,48327,CERT-In,Resolved
CR04207,02-04-2025,Chandigarh,Chandigarh,Online Fraud,Critical,Education,411184,41025,User Report,Open
CR04208,02-04-2024,Jharkhand,Jamshedpur,Phishing,Critical,Corporate,2760003,22142,News,Open
CR04209,17-08-2024,Odisha,Cuttack,Identity Theft,High,Education,2875590,16364,CERT-In,Open
CR04210,06-09-2024,Jammu and Kashmir,Jammu,Ransomware,High,E-commerce,1149588,26896,Organization,Resolved
CR04211,07-05-2025,Andhra Pradesh,Vijayawada,Ransomware,Critical,Healthcare,680684,30628,News,Open
CR04212,19-05-2026,Maharashtra,Pune,Ransomware,Low,Personal,491027,44799,Organization,Open
CR04213,14-11-2024,Puducherry,Puducherry,Identity Theft,Low,IT,453247,26917,Organization,Resolved
CR04214,26-05-2026,Odisha,Bhubaneswar,Malware,Low,Healthcare,4954229,25836,CERT-In,Resolved
CR04215,04-11-2025,Kerala,Kochi,Data Breach,High,E-commerce,3903822,24685,Organization,Resolved
CR04216,22-10-2024,Goa,Panaji,Data Breach,Medium,Healthcare,943345,29933,User Report,Investigating
CR04217,06-03-2024,Haryana,Panipat,Ransomware,High,Education,4868971,16790,User Report,Investigating
CR04218,05-04-2024,Delhi,New Delhi,Online Fraud,Low,E-commerce,2603796,31349,News,Investigating
CR04219,20-02-2024,Punjab,Chandigarh,Malware,Critical,Corporate,204056,30020,User Report,Investigating
CR04220,29-01-2024,Maharashtra,Pune,Online Fraud,Low,Banking,2847191,33889,CERT-In,Open
CR04221,29-05-2025,Kerala,Thiruvananthapuram,DDoS,Low,Personal,4817482,2673,CERT-In,Resolved
CR04222,05-07-2024,Jammu and Kashmir,Jammu,Malware,High,Personal,4738146,42377,User Report,Investigating
CR04223,13-08-2025,Manipur,Imphal,Online Fraud,Low,E-commerce,4011458,26111,News,Investigating
CR04224,30-10-2024,Bihar,Patna,Ransomware,Medium,IT,2183196,30177,News,Open
CR04225,12-07-2026,Jharkhand,Jamshedpur,Phishing,Critical,IT,1037290,38565,Organization,Investigating
CR04226,02-04-2025,Mizoram,Aizawl,Identity Theft,Medium,Personal,1344007,43006,Organization,Open
CR04227,09-06-2024,Jharkhand,Ranchi,DDoS,Critical,Healthcare,1309719,16419,User Report,Open
CR04228,07-11-2025,Puducherry,Puducherry,Phishing,Medium,Government,3752203,12428,CERT-In,Open
CR04229,29-08-2024,Uttarakhand,Dehradun,Malware,Medium,Healthcare,1949004,24814,CERT-In,Resolved
CR04230,15-01-2026,Delhi,New Delhi,Online Fraud,Medium,Banking,3286407,8822,User Report,Open
CR04231,13-09-2024,Karnataka,Bengaluru,Ransomware,Low,Corporate,1478359,13596,CERT-In,Open
CR04232,18-02-2024,Puducherry,Puducherry,Identity Theft,High,Banking,3235078,18415,CERT-In,Investigating
CR04233,01-06-2025,Lakshadweep,Kavaratti,Identity Theft,Medium,E-commerce,2641774,25422,Organization,Open
CR04234,21-09-2024,Dadra and Nagar Haveli and Daman and Diu,Daman,Phishing,Medium,Personal,225927,6912,CERT-In,Investigating
CR04235,11-12-2024,Lakshadweep,Kavaratti,Phishing,High,IT,2639494,47029,Organization,Resolved
CR04236,16-10-2024,Chhattisgarh,Bilaspur,Ransomware,Critical,Healthcare,2936715,39480,User Report,Resolved
CR04237,19-11-2025,Gujarat,Rajkot,Malware,High,Banking,1499893,41249,User Report,Investigating
CR04238,13-07-2024,Chhattisgarh,Raipur,DDoS,Low,Healthcare,2604460,5083,CERT-In,Open
CR04239,05-05-2026,Andhra Pradesh,Vijayawada,Online Fraud,Low,Healthcare,4991234,44682,CERT-In,Investigating
CR04240,24-07-2025,Bihar,Patna,Ransomware,Critical,IT,296984,17111,Organization,Investigating
CR04241,09-01-2026,Andhra Pradesh,Guntur,Ransomware,High,Education,1466635,25427,News,Resolved
CR04242,11-07-2026,Maharashtra,Mumbai,Identity Theft,High,Personal,4209755,26507,User Report,Resolved
CR04243,01-07-2024,Punjab,Amritsar,Malware,Low,Banking,4098599,36566,News,Open
CR04244,31-10-2025,Nagaland,Dimapur,Data Breach,High,Government,676772,22732,User Report,Resolved
CR04245,06-07-2024,West Bengal,Siliguri,Phishing,High,Government,879579,31788,Organization,Open
CR04246,07-03-2026,Meghalaya,Shillong,Online Fraud,Low,E-commerce,2420024,48673,News,Investigating
CR04247,02-07-2025,West Bengal,Kolkata,Malware,Low,E-commerce,1926356,9559,User Report,Investigating
CR04248,06-03-2024,Goa,Panaji,Online Fraud,Medium,Government,2899896,6759,News,Investigating
CR04249,03-12-2024,Assam,Guwahati,Identity Theft,High,Government,4064278,9279,User Report,Open
CR04250,19-05-2024,Puducherry,Puducherry,DDoS,High,Healthcare,4133255,13937,User Report,Open
CR04251,29-04-2026,Delhi,New Delhi,DDoS,Medium,IT,4815683,37712,Organization,Open
CR04252,11-06-2025,Arunachal Pradesh,Itanagar,Phishing,Low,Healthcare,4716078,33428,Organization,Open
CR04253,18-02-2024,Puducherry,Puducherry,Identity Theft,Critical,Healthcare,4828626,2929,Organization,Open
CR04254,01-10-2025,Chandigarh,Chandigarh,Data Breach,Low,Banking,3667564,2463,News,Open
CR04255,30-12-2024,West Bengal,Siliguri,Ransomware,Medium,IT,1719103,19109,Organization,Investigating
CR04256,13-01-2026,Chhattisgarh,Bilaspur,DDoS,High,Healthcare,2082266,1058,Organization,Resolved
CR04257,06-07-2025,Bihar,Patna,Malware,High,Healthcare,1543849,43303,News,Open
CR04258,16-09-2025,Puducherry,Puducherry,Online Fraud,Medium,Healthcare,4270844,16109,User Report,Investigating
CR04259,30-06-2025,Mizoram,Aizawl,Data Breach,Low,IT,2410862,12186,CERT-In,Investigating
CR04260,04-03-2025,Andaman and Nicobar Islands,Port Blair,Data Breach,Low,E-commerce,1814654,8354,User Report,Investigating
CR04261,19-06-2026,Bihar,Gaya,Malware,Low,Government,3369209,39300,CERT-In,Investigating
CR04262,24-07-2026,Bihar,Patna,Ransomware,High,E-commerce,1284267,14639,News,Investigating
CR04263,22-05-2024,Manipur,Imphal,Online Fraud,Low,E-commerce,470967,34816,News,Open
CR04264,22-02-2026,Lakshadweep,Kavaratti,Ransomware,Medium,Personal,70954,6556,User Report,Resolved
CR04265,09-01-2024,Delhi,New Delhi,Malware,High,Government,3170488,25267,Organization,Resolved
CR04266,16-09-2025,Sikkim,Gangtok,Ransomware,High,IT,773311,19537,News,Resolved
CR04267,08-11-2024,Gujarat,Surat,Malware,High,Government,661923,31927,News,Resolved
CR04268,09-06-2026,Bihar,Gaya,Online Fraud,Critical,Education,4137820,32675,News,Open
CR04269,04-08-2024,Punjab,Amritsar,Phishing,Critical,E-commerce,2055522,33624,User Report,Open
CR04270,24-11-2025,Assam,Silchar,Identity Theft,Low,Personal,1288066,41370,User Report,Investigating
CR04271,29-07-2026,Puducherry,Puducherry,Ransomware,Critical,Healthcare,3490644,35142,News,Open
CR04272,17-05-2026,West Bengal,Kolkata,Data Breach,Critical,Banking,4053500,6795,CERT-In,Investigating
CR04273,21-01-2025,West Bengal,Siliguri,Online Fraud,Medium,Corporate,915558,36172,User Report,Investigating
CR04274,31-10-2025,Telangana,Hyderabad,Malware,Critical,Education,658724,41837,User Report,Resolved
CR04275,07-02-2024,Meghalaya,Shillong,Phishing,Critical,E-commerce,1247611,7131,Organization,Open
CR04276,16-06-2025,Lakshadweep,Kavaratti,Data Breach,Critical,Personal,3076484,2688,Organization,Investigating
CR04277,09-11-2024,West Bengal,Siliguri,Ransomware,Low,IT,2397642,4037,CERT-In,Investigating
CR04278,10-12-2024,Puducherry,Puducherry,DDoS,Critical,Banking,3181908,43024,Organization,Investigating
CR04279,24-05-2026,Gujarat,Surat,Identity Theft,Critical,Personal,2240051,42734,Organization,Open
CR04280,13-11-2025,Maharashtra,Pune,Identity Theft,Critical,Corporate,3726705,35590,User Report,Investigating
CR04281,12-01-2024,Maharashtra,Pune,Data Breach,Medium,Government,1986387,1873,User Report,Investigating
CR04282,05-10-2025,Andhra Pradesh,Guntur,Data Breach,Critical,Personal,2133121,38642,Organization,Open
CR04283,28-01-2025,Punjab,Amritsar,Data Breach,Medium,Personal,1189641,11116,CERT-In,Open
CR04284,23-11-2024,Maharashtra,Mumbai,Phishing,High,IT,3255486,48961,News,Investigating
CR04285,23-03-2026,Karnataka,Mysuru,Phishing,Critical,Banking,4908004,3708,CERT-In,Open
CR04286,24-05-2026,Jammu and Kashmir,Srinagar,Identity Theft,Medium,Corporate,2778991,27541,Organization,Open
CR04287,28-11-2024,Himachal Pradesh,Dharamshala,Data Breach,Medium,Corporate,3220961,16786,CERT-In,Resolved
CR04288,13-07-2026,Ladakh,Leh,Phishing,Medium,Healthcare,588277,12813,CERT-In,Investigating
CR04289,13-12-2025,Lakshadweep,Kavaratti,Data Breach,Medium,Education,835450,46310,Organization,Open
CR04290,06-05-2025,Delhi,New Delhi,DDoS,Critical,Education,1342725,13274,Organization,Resolved
CR04291,06-04-2025,Kerala,Kozhikode,Data Breach,High,Education,2633971,43636,CERT-In,Investigating
CR04292,02-07-2024,West Bengal,Durgapur,DDoS,Low,Education,1361002,34017,User Report,Resolved
CR04293,08-03-2026,Gujarat,Vadodara,Ransomware,Critical,E-commerce,4219027,13167,User Report,Resolved
CR04294,18-07-2025,Delhi,New Delhi,Online Fraud,Low,Personal,2358822,17335,CERT-In,Open
CR04295,05-05-2026,Uttarakhand,Dehradun,Identity Theft,Medium,Personal,1237309,27435,CERT-In,Resolved
CR04296,09-03-2026,Goa,Margao,DDoS,Critical,Education,3463018,46488,CERT-In,Investigating
CR04297,30-04-2025,Assam,Silchar,Ransomware,Critical,Personal,4752107,3151,CERT-In,Resolved
CR04298,09-05-2025,Chhattisgarh,Raipur,DDoS,High,Education,2045203,7753,User Report,Resolved
CR04299,01-10-2024,Ladakh,Leh,Phishing,Medium,Education,172142,12374,CERT-In,Resolved
CR04300,29-10-2024,Chhattisgarh,Raipur,Data Breach,Critical,Education,1037285,24511,User Report,Resolved
CR04301,02-06-2026,Ladakh,Leh,Ransomware,Medium,E-commerce,2722642,32680,CERT-In,Investigating
CR04302,23-06-2026,Himachal Pradesh,Dharamshala,Phishing,Medium,E-commerce,3307126,22866,CERT-In,Investigating
CR04303,08-05-2025,Puducherry,Puducherry,DDoS,Low,IT,4961590,43221,CERT-In,Open
CR04304,03-12-2025,Meghalaya,Shillong,Data Breach,Low,E-commerce,1932758,32382,News,Investigating
CR04305,05-03-2025,Jammu and Kashmir,Jammu,Data Breach,High,Government,1135675,8178,News,Investigating
CR04306,24-01-2026,Tripura,Agartala,Data Breach,Critical,Education,2006230,34948,News,Resolved
CR04307,08-03-2025,Chhattisgarh,Raipur,Data Breach,Critical,Government,1098407,32734,News,Open
CR04308,06-06-2025,Bihar,Gaya,Data Breach,High,Personal,3019885,7302,CERT-In,Resolved
CR04309,29-11-2024,Delhi,New Delhi,Data Breach,Medium,IT,3938657,29992,CERT-In,Investigating
CR04310,12-07-2025,West Bengal,Kolkata,DDoS,Medium,Banking,570437,22473,User Report,Resolved
CR04311,05-12-2025,Punjab,Chandigarh,Ransomware,Critical,IT,2599854,20977,CERT-In,Investigating
CR04312,26-10-2025,Telangana,Warangal,DDoS,Medium,Healthcare,1060900,48862,User Report,Resolved
CR04313,04-09-2025,Gujarat,Rajkot,Malware,High,E-commerce,2108280,39215,Organization,Resolved
CR04314,18-07-2026,Delhi,New Delhi,Ransomware,High,Government,4030678,16639,News,Investigating
CR04315,15-07-2025,Tripura,Agartala,Phishing,Medium,Corporate,77773,36940,Organization,Open
CR04316,13-05-2024,Jammu and Kashmir,Srinagar,Identity Theft,Medium,Education,3297848,326,News,Open
CR04317,12-09-2024,Uttar Pradesh,Kanpur,Phishing,Medium,E-commerce,2891736,43146,User Report,Investigating
CR04318,27-01-2025,Gujarat,Surat,Ransomware,Medium,Government,1539642,21242,CERT-In,Open
CR04319,05-02-2026,Sikkim,Gangtok,Malware,Medium,Banking,3921549,37849,CERT-In,Resolved
CR04320,21-08-2025,Uttarakhand,Haridwar,Data Breach,Medium,E-commerce,601828,12847,News,Open
CR04321,05-04-2026,Chandigarh,Chandigarh,Data Breach,Medium,Government,3045039,44327,CERT-In,Investigating
CR04322,16-01-2025,Madhya Pradesh,Gwalior,Malware,Low,Healthcare,941901,22734,Organization,Investigating
CR04323,11-02-2025,Ladakh,Leh,DDoS,Medium,Government,490356,34796,User Report,Investigating
CR04324,27-02-2025,Himachal Pradesh,Dharamshala,Phishing,Low,Government,1442124,2253,Organization,Open
CR04325,30-04-2025,Jammu and Kashmir,Srinagar,DDoS,Medium,Corporate,2611007,43687,Organization,Open
CR04326,17-07-2024,Chhattisgarh,Raipur,DDoS,Critical,Government,4949637,39163,Organization,Investigating
CR04327,01-03-2026,Haryana,Gurugram,Data Breach,Medium,Personal,1312718,48094,Organization,Resolved
CR04328,17-04-2025,Gujarat,Vadodara,Phishing,Critical,Personal,2857140,2668,CERT-In,Open
CR04329,14-03-2024,Maharashtra,Nashik,Online Fraud,Critical,Government,4742680,45759,User Report,Investigating
CR04330,15-10-2025,Odisha,Bhubaneswar,Malware,Medium,Education,4016900,46752,Organization,Open
CR04331,18-03-2024,Bihar,Muzaffarpur,Malware,High,Personal,4321163,37862,Organization,Investigating
CR04332,16-04-2025,Odisha,Bhubaneswar,Data Breach,Low,IT,4640946,11970,CERT-In,Investigating
CR04333,29-05-2026,West Bengal,Durgapur,Ransomware,Low,Government,2983026,16773,User Report,Resolved
CR04334,03-04-2026,Meghalaya,Shillong,Online Fraud,Low,Government,3776984,18461,News,Resolved
CR04335,22-07-2025,Puducherry,Puducherry,DDoS,Critical,IT,74450,44963,CERT-In,Investigating
CR04336,12-09-2024,Meghalaya,Shillong,DDoS,High,IT,957343,42665,CERT-In,Resolved
CR04337,01-05-2024,Punjab,Amritsar,Phishing,Medium,E-commerce,2355543,39452,User Report,Resolved
CR04338,17-08-2024,Sikkim,Gangtok,Online Fraud,High,Corporate,92309,16357,User Report,Open
CR04339,12-07-2026,West Bengal,Siliguri,Identity Theft,Critical,Corporate,181826,41679,News,Open
CR04340,09-01-2026,Meghalaya,Shillong,DDoS,Low,Corporate,4303584,34706,Organization,Resolved
CR04341,27-06-2026,Tripura,Agartala,Online Fraud,Medium,E-commerce,3393815,33987,User Report,Open
CR04342,07-02-2024,Jammu and Kashmir,Jammu,Ransomware,Critical,Government,383082,22456,News,Open
CR04343,13-06-2026,Rajasthan,Jaipur,Malware,Medium,Corporate,3480733,23330,News,Open
CR04344,20-04-2026,Goa,Margao,Malware,High,Banking,3362849,47758,User Report,Investigating
CR04345,21-08-2025,Nagaland,Kohima,Data Breach,Critical,IT,3038655,10054,Organization,Resolved
CR04346,20-11-2025,Kerala,Thiruvananthapuram,Identity Theft,Critical,Personal,4126857,9900,News,Investigating
CR04347,27-01-2025,Gujarat,Ahmedabad,Online Fraud,Medium,Personal,2463396,11822,News,Resolved
CR04348,09-09-2024,Uttar Pradesh,Varanasi,DDoS,Medium,Personal,949933,35951,CERT-In,Investigating
CR04349,13-08-2025,Chandigarh,Chandigarh,Data Breach,High,Government,4248525,2526,User Report,Resolved
CR04350,03-06-2025,Odisha,Bhubaneswar,Phishing,Low,Government,2155726,9272,Organization,Investigating
CR04351,09-10-2025,Telangana,Warangal,Identity Theft,High,Education,4625639,12959,News,Resolved
CR04352,17-05-2025,Karnataka,Mangaluru,Phishing,Low,Education,566363,46933,News,Resolved
CR04353,11-06-2026,Bihar,Patna,Phishing,Medium,Corporate,2522007,47440,User Report,Open
CR04354,31-03-2025,Manipur,Imphal,Malware,High,Banking,4513878,35854,CERT-In,Resolved
CR04355,11-01-2026,Assam,Guwahati,Phishing,Low,Government,1990922,1161,News,Resolved
CR04356,25-04-2024,Mizoram,Aizawl,Phishing,High,Education,1311637,44911,User Report,Open
CR04357,20-01-2025,Tripura,Agartala,Online Fraud,Medium,IT,1980619,15619,News,Resolved
CR04358,17-01-2025,Chandigarh,Chandigarh,Online Fraud,High,Corporate,4140365,48395,User Report,Open
CR04359,28-07-2025,Odisha,Bhubaneswar,Phishing,Critical,Banking,313207,3483,News,Resolved
CR04360,30-07-2026,Assam,Dibrugarh,Malware,Low,Government,679969,11726,News,Investigating
CR04361,01-06-2026,Delhi,New Delhi,Online Fraud,High,IT,2632210,5916,CERT-In,Open
CR04362,28-06-2024,Lakshadweep,Kavaratti,DDoS,Medium,E-commerce,919301,15779,CERT-In,Open
CR04363,30-07-2025,Goa,Margao,Ransomware,Critical,Government,1658414,47870,CERT-In,Investigating
CR04364,03-06-2025,Uttarakhand,Dehradun,DDoS,High,E-commerce,557169,43354,User Report,Investigating
CR04365,19-03-2024,Arunachal Pradesh,Naharlagun,Data Breach,High,Education,3310854,7697,User Report,Open
CR04366,05-01-2024,Uttarakhand,Haridwar,Phishing,Medium,IT,3556918,6713,CERT-In,Resolved
CR04367,08-08-2025,Kerala,Kozhikode,Ransomware,Low,IT,54336,8369,User Report,Investigating
CR04368,07-05-2025,Jammu and Kashmir,Jammu,Online Fraud,High,Education,218359,1979,Organization,Resolved
CR04369,08-02-2026,West Bengal,Durgapur,Data Breach,Low,IT,3552813,45759,CERT-In,Open
CR04370,10-12-2024,Chhattisgarh,Raipur,Data Breach,High,Banking,4431023,4985,CERT-In,Resolved
CR04371,10-07-2024,Haryana,Panipat,Data Breach,Low,E-commerce,1275204,39656,CERT-In,Investigating
CR04372,29-04-2025,Haryana,Faridabad,Ransomware,Medium,Government,4966441,49595,User Report,Resolved
CR04373,07-12-2025,Himachal Pradesh,Shimla,Ransomware,Medium,IT,4195431,41863,User Report,Resolved
CR04374,01-06-2024,Dadra and Nagar Haveli and Daman and Diu,Silvassa,Data Breach,High,Government,3371643,30183,Organization,Resolved
CR04375,10-11-2025,Uttarakhand,Dehradun,Ransomware,High,Banking,832975,17476,CERT-In,Open
CR04376,14-05-2025,Manipur,Imphal,DDoS,High,Corporate,4229885,37584,News,Resolved
CR04377,08-05-2024,Meghalaya,Shillong,Malware,Critical,Education,3327250,20254,Organization,Open
CR04378,23-04-2024,Delhi,New Delhi,Phishing,Medium,Education,1870828,2089,Organization,Resolved
CR04379,18-06-2026,Andhra Pradesh,Visakhapatnam,Data Breach,Medium,Education,3999238,48989,User Report,Investigating
CR04380,30-06-2025,Madhya Pradesh,Indore,Data Breach,Critical,Government,2344975,35064,Organization,Investigating
CR04381,30-06-2025,Gujarat,Surat,Data Breach,Critical,Government,1146437,3271,CERT-In,Investigating
CR04382,22-02-2025,Goa,Margao,Malware,Critical,Corporate,3114791,25148,News,Investigating
CR04383,10-09-2025,Goa,Panaji,Identity Theft,Medium,Banking,4028084,16654,News,Resolved
CR04384,07-07-2024,Meghalaya,Shillong,Data Breach,Medium,Banking,4035615,35637,CERT-In,Open
CR04385,03-12-2025,Himachal Pradesh,Dharamshala,Data Breach,Critical,Education,4099173,7365,User Report,Investigating
CR04386,11-06-2024,Himachal Pradesh,Shimla,Phishing,Critical,Government,2487769,40436,User Report,Open
CR04387,30-07-2024,Gujarat,Vadodara,Ransomware,Medium,Personal,415539,356,Organization,Open
CR04388,02-10-2024,Delhi,New Delhi,Identity Theft,High,Corporate,814913,36611,User Report,Resolved
CR04389,13-01-2025,Nagaland,Dimapur,Identity Theft,Critical,Healthcare,679751,38211,CERT-In,Open
CR04390,08-01-2024,Punjab,Ludhiana,Identity Theft,High,Banking,2684403,27817,News,Resolved
CR04391,01-05-2025,Uttar Pradesh,Varanasi,DDoS,High,E-commerce,350644,41964,User Report,Resolved
CR04392,17-11-2024,Haryana,Gurugram,DDoS,Low,Banking,4356448,1735,User Report,Investigating
CR04393,27-04-2024,Kerala,Kochi,DDoS,High,IT,4258445,17193,CERT-In,Open
CR04394,09-10-2025,Haryana,Faridabad,Data Breach,Low,Banking,982035,28247,News,Open
CR04395,25-02-2025,Bihar,Gaya,Phishing,Low,Healthcare,1171765,8871,CERT-In,Resolved
CR04396,04-07-2024,Bihar,Gaya,DDoS,Critical,Personal,2383292,46287,Organization,Open
CR04397,04-06-2024,Tripura,Agartala,Ransomware,Critical,Government,1597418,397,News,Resolved
CR04398,30-04-2025,Bihar,Gaya,Ransomware,Low,IT,3774588,18919,CERT-In,Investigating
CR04399,06-01-2026,Assam,Dibrugarh,Data Breach,Critical,Corporate,1531267,14893,News,Resolved
CR04400,28-06-2025,Odisha,Cuttack,Online Fraud,Critical,Banking,2990974,10037,Organization,Open
CR04401,06-09-2025,Himachal Pradesh,Shimla,Data Breach,Low,Corporate,4030973,689,Organization,Investigating
CR04402,26-10-2024,Mizoram,Aizawl,Malware,Critical,Banking,2596156,40035,Organization,Open
CR04403,21-02-2025,Uttar Pradesh,Noida,Phishing,Medium,Education,4732577,46387,User Report,Resolved
CR04404,04-01-2026,Andaman and Nicobar Islands,Port Blair,Identity Theft,Medium,IT,3393762,29539,News,Open
CR04405,18-04-2026,Bihar,Patna,Identity Theft,Medium,Banking,4378106,41881,Organization,Resolved
CR04406,21-05-2026,Rajasthan,Jaipur,Data Breach,Medium,Banking,2109143,34681,User Report,Resolved
CR04407,14-10-2024,Himachal Pradesh,Shimla,Identity Theft,Critical,Education,813565,15398,News,Resolved
CR04408,04-08-2025,Ladakh,Leh,Phishing,Medium,IT,2323592,37134,News,Investigating
CR04409,04-01-2024,Jharkhand,Ranchi,Phishing,Critical,Banking,1305500,1540,Organization,Resolved
CR04410,12-10-2025,Tripura,Agartala,Identity Theft,High,Healthcare,2194179,889,CERT-In,Investigating
CR04411,22-12-2025,Rajasthan,Jodhpur,Phishing,Critical,Healthcare,661880,40305,User Report,Investigating
CR04412,03-09-2025,Arunachal Pradesh,Naharlagun,Phishing,Medium,Corporate,1990985,25672,User Report,Open
CR04413,19-06-2024,Maharashtra,Nashik,Data Breach,High,Education,584611,34679,News,Resolved
CR04414,19-01-2025,Dadra and Nagar Haveli and Daman and Diu,Silvassa,Malware,Medium,Education,543936,5514,CERT-In,Resolved
CR04415,29-05-2026,Odisha,Cuttack,Ransomware,Critical,Education,2091585,29002,CERT-In,Open
CR04416,23-07-2025,Meghalaya,Shillong,Data Breach,High,Personal,2096429,31369,User Report,Open
CR04417,20-02-2024,Arunachal Pradesh,Itanagar,Identity Theft,Critical,Personal,4707487,7860,Organization,Open
CR04418,23-01-2024,Tamil Nadu,Coimbatore,Malware,Medium,Education,2837730,49738,CERT-In,Resolved
CR04419,21-07-2026,Puducherry,Puducherry,Identity Theft,Medium,IT,4791756,14904,User Report,Open
CR04420,20-04-2025,Maharashtra,Nagpur,Ransomware,Medium,Government,1847296,9032,CERT-In,Resolved
CR04421,30-09-2025,Haryana,Gurugram,Identity Theft,Critical,E-commerce,2065742,38232,News,Open
CR04422,07-06-2024,Ladakh,Leh,Identity Theft,Critical,Healthcare,1999657,10081,User Report,Resolved
CR04423,28-01-2026,Ladakh,Leh,Identity Theft,High,Personal,2286890,36129,User Report,Investigating
CR04424,05-04-2025,Mizoram,Aizawl,Data Breach,High,Healthcare,4607301,28750,User Report,Resolved
CR04425,26-01-2024,Sikkim,Gangtok,Data Breach,Medium,IT,4701932,43,Organization,Open
CR04426,09-07-2024,Rajasthan,Udaipur,Identity Theft,Low,Corporate,2213809,13906,CERT-In,Investigating
CR04427,22-10-2025,Maharashtra,Nashik,Ransomware,High,Government,182138,19750,User Report,Investigating
CR04428,08-11-2024,Maharashtra,Pune,Malware,Critical,Corporate,1683901,18826,News,Investigating
CR04429,01-11-2024,Andhra Pradesh,Guntur,Ransomware,Low,Banking,94064,40031,User Report,Open
CR04430,02-06-2026,Haryana,Faridabad,Identity Theft,Critical,Government,772300,38811,CERT-In,Resolved
CR04431,05-02-2026,Tamil Nadu,Coimbatore,Online Fraud,Critical,Healthcare,3228050,7579,CERT-In,Investigating
CR04432,16-06-2025,Chhattisgarh,Bilaspur,Phishing,High,Personal,396994,30492,Organization,Open
CR04433,26-04-2025,Chhattisgarh,Bilaspur,Phishing,Medium,IT,687599,45087,User Report,Investigating
CR04434,11-03-2024,Gujarat,Rajkot,Ransomware,Critical,IT,165834,6780,Organization,Resolved
CR04435,24-09-2025,Goa,Margao,Data Breach,Low,Banking,2798335,9461,CERT-In,Open
CR04436,05-07-2026,Haryana,Panipat,Identity Theft,Critical,Education,2821775,40928,CERT-In,Investigating
CR04437,30-04-2026,Nagaland,Kohima,Malware,Critical,Healthcare,2331178,19279,User Report,Investigating
CR04438,31-07-2025,Chhattisgarh,Bilaspur,Data Breach,Low,Personal,2640199,8475,CERT-In,Open
CR04439,13-05-2025,Chhattisgarh,Bilaspur,Online Fraud,Critical,IT,1923246,48468,CERT-In,Resolved
CR04440,22-09-2025,Karnataka,Bengaluru,Phishing,High,Education,1307417,15928,CERT-In,Open
CR04441,09-10-2025,Jammu and Kashmir,Srinagar,Online Fraud,Low,Personal,115794,39720,News,Resolved
CR04442,01-08-2024,Goa,Margao,Malware,High,Personal,863037,21157,User Report,Investigating
CR04443,07-09-2024,Bihar,Muzaffarpur,Data Breach,Critical,Banking,95923,34135,Organization,Open
CR04444,25-05-2026,Kerala,Kochi,DDoS,Low,Corporate,1168273,48920,CERT-In,Resolved
CR04445,17-03-2024,Delhi,New Delhi,Online Fraud,Critical,Healthcare,1633923,4722,News,Open
CR04446,03-09-2025,Puducherry,Puducherry,Malware,Low,Healthcare,1501241,19205,CERT-In,Resolved
CR04447,25-11-2025,West Bengal,Durgapur,Identity Theft,Medium,Healthcare,2519529,21299,User Report,Investigating
CR04448,05-08-2025,Madhya Pradesh,Indore,Malware,Medium,Corporate,2374303,28436,News,Open
CR04449,20-12-2024,Jharkhand,Jamshedpur,Identity Theft,Low,Education,4226019,46428,User Report,Investigating
CR04450,30-01-2026,Kerala,Thiruvananthapuram,Phishing,Low,Corporate,3616443,13543,Organization,Investigating
CR04451,10-04-2026,Tripura,Agartala,Ransomware,Critical,Healthcare,52322,24819,News,Resolved
CR04452,23-11-2025,Mizoram,Aizawl,DDoS,Medium,Corporate,3722890,15505,User Report,Resolved
CR04453,08-07-2026,Maharashtra,Pune,Phishing,Medium,IT,1542398,11575,CERT-In,Open
CR04454,24-03-2024,Dadra and Nagar Haveli and Daman and Diu,Silvassa,Data Breach,High,Education,4379869,25958,News,Investigating
CR04455,24-04-2024,Punjab,Amritsar,Identity Theft,Low,Healthcare,3525486,32504,News,Open
CR04456,27-09-2024,Delhi,New Delhi,Identity Theft,Critical,E-commerce,977032,20542,Organization,Open
CR04457,02-03-2026,Puducherry,Puducherry,Data Breach,High,E-commerce,5922,1827,CERT-In,Open
CR04458,26-01-2026,Goa,Panaji,Phishing,Low,Personal,264877,24653,User Report,Resolved
CR04459,15-04-2025,Chhattisgarh,Bilaspur,Identity Theft,Low,Education,1762839,546,CERT-In,Investigating
CR04460,15-06-2026,Punjab,Amritsar,Malware,High,Healthcare,3331389,40363,User Report,Resolved
CR04461,05-05-2024,Assam,Guwahati,Online Fraud,Critical,IT,1532646,11011,Organization,Open
CR04462,12-07-2024,Gujarat,Rajkot,Online Fraud,Low,E-commerce,502921,48286,Organization,Open
CR04463,19-06-2024,Andaman and Nicobar Islands,Port Blair,Data Breach,Critical,Healthcare,2958343,49551,News,Open
CR04464,29-07-2024,Lakshadweep,Kavaratti,Malware,Low,Healthcare,738517,15349,Organization,Open
CR04465,01-01-2024,Goa,Panaji,Online Fraud,High,Government,4657692,8450,CERT-In,Investigating
CR04466,11-07-2025,Chandigarh,Chandigarh,DDoS,High,Education,3780239,44473,User Report,Resolved
CR04467,30-03-2026,Jammu and Kashmir,Srinagar,Data Breach,Critical,Banking,950994,31831,User Report,Resolved
CR04468,10-10-2024,Mizoram,Aizawl,DDoS,Medium,E-commerce,1985366,4904,User Report,Open
CR04469,14-12-2025,Lakshadweep,Kavaratti,Data Breach,Low,Healthcare,3579972,9718,CERT-In,Investigating
CR04470,27-10-2024,Assam,Guwahati,Phishing,Critical,IT,546022,33485,News,Open
CR04471,10-06-2024,Sikkim,Gangtok,Data Breach,Critical,IT,2112661,24347,User Report,Open
CR04472,21-01-2026,Maharashtra,Mumbai,Identity Theft,High,Government,4287058,22851,News,Open
CR04473,15-02-2026,Madhya Pradesh,Indore,Phishing,Critical,Personal,809840,40118,News,Open
CR04474,07-01-2026,Sikkim,Gangtok,Online Fraud,Medium,Education,1416848,49353,User Report,Investigating
CR04475,31-12-2025,Meghalaya,Shillong,DDoS,Critical,Education,2481949,30616,CERT-In,Resolved
CR04476,06-01-2025,Kerala,Kochi,Data Breach,Medium,Education,4431997,28944,CERT-In,Open
CR04477,14-08-2024,Kerala,Kochi,Identity Theft,High,Education,451317,31425,Organization,Open
CR04478,11-05-2026,Maharashtra,Pune,Identity Theft,Low,Personal,376735,44583,User Report,Resolved
CR04479,28-07-2025,Sikkim,Gangtok,Identity Theft,Critical,Healthcare,4191359,35717,CERT-In,Open
CR04480,11-12-2025,Uttar Pradesh,Lucknow,Data Breach,Critical,Healthcare,2347890,29226,User Report,Investigating
CR04481,08-01-2024,Odisha,Cuttack,Online Fraud,Low,Personal,3721886,9599,Organization,Resolved
CR04482,07-07-2026,Manipur,Imphal,Identity Theft,Critical,Education,3578290,41346,Organization,Investigating
CR04483,02-09-2024,Jammu and Kashmir,Srinagar,Identity Theft,Critical,Personal,34944,25948,CERT-In,Resolved
CR04484,18-04-2025,Lakshadweep,Kavaratti,Data Breach,Critical,Government,4770720,14719,News,Open
CR04485,08-10-2024,Lakshadweep,Kavaratti,Data Breach,High,Education,4637541,20652,News,Investigating
CR04486,08-09-2025,Dadra and Nagar Haveli and Daman and Diu,Daman,DDoS,Low,Education,3298060,16074,User Report,Resolved
CR04487,30-06-2026,Dadra and Nagar Haveli and Daman and Diu,Daman,Data Breach,High,Government,2972131,5575,News,Resolved
CR04488,08-04-2026,Tamil Nadu,Chennai,Malware,Medium,E-commerce,484177,28103,News,Open
CR04489,19-07-2025,Sikkim,Gangtok,Data Breach,High,Healthcare,1906352,17122,News,Resolved
CR04490,07-04-2026,Karnataka,Mysuru,Data Breach,Critical,Banking,4487041,11513,User Report,Investigating
CR04491,26-10-2025,Uttarakhand,Dehradun,Malware,Low,Education,4994627,2607,News,Resolved
CR04492,02-09-2025,Chhattisgarh,Raipur,Malware,Medium,Personal,1933337,17264,Organization,Resolved
CR04493,12-03-2024,Meghalaya,Shillong,Data Breach,Low,Government,2909872,35696,User Report,Investigating
CR04494,03-05-2024,Madhya Pradesh,Bhopal,Phishing,High,Government,2553516,16120,User Report,Open
CR04495,01-05-2026,Jammu and Kashmir,Srinagar,Identity Theft,High,IT,1534776,4163,CERT-In,Investigating
CR04496,03-02-2026,Puducherry,Puducherry,Ransomware,Critical,Corporate,1004273,44212,User Report,Open
CR04497,07-05-2025,Kerala,Kochi,Phishing,Medium,E-commerce,1066209,14650,News,Investigating
CR04498,10-01-2026,Tripura,Agartala,Online Fraud,Low,Education,2073355,20043,User Report,Investigating
CR04499,05-04-2026,Assam,Guwahati,Online Fraud,Low,Corporate,2093414,24546,Organization,Resolved
CR04500,26-01-2025,Andaman and Nicobar Islands,Port Blair,Phishing,High,Personal,3805895,46983,News,Investigating
CR04501,16-01-2024,Telangana,Warangal,Data Breach,Medium,Healthcare,1503638,21513,News,Open
CR04502,06-07-2025,Telangana,Hyderabad,Malware,Critical,IT,218178,17558,News,Resolved
CR04503,08-11-2025,Arunachal Pradesh,Itanagar,Online Fraud,Critical,IT,432717,22531,CERT-In,Open
CR04504,26-09-2025,Chandigarh,Chandigarh,Malware,Critical,E-commerce,4117345,28507,CERT-In,Open
CR04505,13-10-2025,Dadra and Nagar Haveli and Daman and Diu,Daman,Malware,Medium,Banking,988544,32458,CERT-In,Investigating
CR04506,19-10-2024,Andaman and Nicobar Islands,Port Blair,Ransomware,High,Personal,925561,10703,CERT-In,Investigating
CR04507,27-04-2024,Maharashtra,Nagpur,Online Fraud,Critical,Banking,872108,17837,News,Open
CR04508,10-02-2024,Uttarakhand,Dehradun,Ransomware,Critical,IT,4204291,23610,Organization,Investigating
CR04509,06-03-2026,Meghalaya,Shillong,Phishing,High,Education,2962008,34852,CERT-In,Resolved
CR04510,18-02-2025,Maharashtra,Nashik,DDoS,Critical,Healthcare,1344224,20868,User Report,Investigating
CR04511,26-02-2026,Arunachal Pradesh,Itanagar,Identity Theft,Critical,Government,2069053,3372,News,Open
CR04512,16-01-2025,Goa,Panaji,Phishing,Low,IT,1170480,32792,User Report,Open
CR04513,27-06-2024,Arunachal Pradesh,Naharlagun,Online Fraud,Medium,IT,556223,21501,User Report,Open
CR04514,14-05-2026,Telangana,Warangal,Ransomware,Critical,Government,2045462,670,CERT-In,Resolved
CR04515,19-06-2026,West Bengal,Durgapur,Online Fraud,High,E-commerce,1860789,39825,Organization,Open
CR04516,15-08-2024,Dadra and Nagar Haveli and Daman and Diu,Silvassa,Online Fraud,High,Healthcare,3671137,7670,CERT-In,Open
CR04517,14-10-2025,Uttar Pradesh,Varanasi,Identity Theft,Critical,IT,2455521,45705,Organization,Investigating
CR04518,01-09-2024,Jammu and Kashmir,Jammu,Malware,Critical,Personal,3613868,30817,News,Resolved
CR04519,12-03-2026,Gujarat,Vadodara,Identity Theft,Critical,Banking,868114,26123,CERT-In,Investigating
CR04520,08-03-2024,Sikkim,Gangtok,Malware,Medium,Corporate,1507993,33177,CERT-In,Investigating
CR04521,05-03-2024,Arunachal Pradesh,Naharlagun,Online Fraud,Low,Personal,1850808,25466,CERT-In,Open
CR04522,28-02-2026,West Bengal,Kolkata,Data Breach,Medium,Corporate,1550961,32583,Organization,Open
CR04523,23-08-2024,Uttarakhand,Haridwar,Online Fraud,Medium,Healthcare,3266290,11900,News,Resolved
CR04524,24-08-2025,Chhattisgarh,Raipur,Phishing,Medium,Government,4380266,5474,CERT-In,Investigating
CR04525,08-09-2025,Telangana,Warangal,Data Breach,High,IT,1279919,16431,News,Open
CR04526,17-05-2025,Assam,Guwahati,Online Fraud,Critical,Personal,4577900,43626,CERT-In,Investigating
CR04527,18-01-2025,Arunachal Pradesh,Itanagar,Online Fraud,Critical,Personal,1310535,14495,Organization,Resolved
CR04528,26-09-2024,Ladakh,Leh,DDoS,Medium,Personal,4091880,45932,News,Open
CR04529,08-09-2024,Ladakh,Leh,Ransomware,Medium,Personal,4102077,10160,CERT-In,Investigating
CR04530,29-06-2026,Sikkim,Gangtok,Identity Theft,High,IT,373159,30197,User Report,Open
CR04531,18-06-2026,Andaman and Nicobar Islands,Port Blair,Online Fraud,Medium,Corporate,2019602,8703,Organization,Resolved
CR04532,29-05-2024,Maharashtra,Nagpur,Ransomware,High,IT,4455755,14981,News,Open
CR04533,15-08-2025,Karnataka,Bengaluru,DDoS,Medium,Government,2367785,26400,Organization,Investigating
CR04534,05-09-2024,Rajasthan,Jodhpur,Malware,Medium,Healthcare,3387211,22242,News,Investigating
CR04535,17-09-2025,Puducherry,Puducherry,Phishing,Low,Personal,302001,15570,CERT-In,Open
CR04536,28-02-2025,Arunachal Pradesh,Naharlagun,Malware,Critical,Government,2087162,32746,User Report,Investigating
CR04537,10-08-2025,Rajasthan,Jodhpur,Malware,Low,Healthcare,2172163,17179,Organization,Open
CR04538,15-05-2025,Chhattisgarh,Bilaspur,DDoS,High,Personal,482414,15913,CERT-In,Investigating
CR04539,28-05-2026,West Bengal,Siliguri,DDoS,Low,Personal,947677,20928,CERT-In,Resolved
CR04540,20-01-2026,Dadra and Nagar Haveli and Daman and Diu,Daman,Data Breach,High,E-commerce,1395467,49732,Organization,Resolved
CR04541,22-07-2024,Jharkhand,Ranchi,Ransomware,Low,Banking,4725093,5992,News,Investigating
CR04542,18-05-2024,Andaman and Nicobar Islands,Port Blair,Data Breach,Medium,Banking,1827034,34190,CERT-In,Open
CR04543,29-05-2024,Madhya Pradesh,Indore,DDoS,Low,Personal,4502078,11736,CERT-In,Open
CR04544,12-02-2024,Jharkhand,Jamshedpur,DDoS,Critical,E-commerce,3242832,47596,CERT-In,Investigating
CR04545,04-07-2026,West Bengal,Siliguri,Data Breach,Low,IT,344929,5555,News,Investigating
CR04546,24-03-2026,Maharashtra,Pune,Malware,Critical,Personal,1789674,21850,User Report,Open
CR04547,24-01-2026,Lakshadweep,Kavaratti,Ransomware,Low,Personal,2210160,43467,News,Open
CR04548,06-03-2024,Goa,Margao,Identity Theft,Medium,Education,1526951,39470,News,Open
CR04549,07-11-2024,Manipur,Imphal,Data Breach,Medium,Corporate,1985349,46269,News,Resolved
CR04550,14-02-2026,Telangana,Hyderabad,Data Breach,Critical,Banking,982733,21483,Organization,Investigating
CR04551,17-08-2025,Lakshadweep,Kavaratti,Malware,Critical,IT,2883783,7038,Organization,Open
CR04552,20-08-2024,Sikkim,Gangtok,DDoS,High,IT,3345864,18515,Organization,Resolved
CR04553,05-05-2025,Mizoram,Aizawl,Malware,Critical,Banking,1832146,33690,News,Investigating
CR04554,24-09-2025,Gujarat,Rajkot,Data Breach,Low,Government,1267983,33807,User Report,Open
CR04555,05-08-2025,Gujarat,Rajkot,Identity Theft,Medium,IT,2491149,27138,News,Resolved
CR04556,17-03-2024,Bihar,Patna,Phishing,Critical,Banking,3752929,23961,News,Investigating
CR04557,03-07-2024,Rajasthan,Jodhpur,Identity Theft,Low,IT,2824309,44710,News,Open
CR04558,05-04-2026,West Bengal,Durgapur,Data Breach,Low,IT,3628888,35198,CERT-In,Investigating
CR04559,14-07-2026,Puducherry,Puducherry,Ransomware,Low,Education,2377981,13292,CERT-In,Open
CR04560,03-05-2026,Chhattisgarh,Raipur,Data Breach,Medium,Healthcare,4955140,39643,Organization,Investigating
CR04561,01-08-2025,Uttar Pradesh,Lucknow,Data Breach,Medium,Government,2834912,18894,News,Resolved
CR04562,15-11-2025,Jammu and Kashmir,Jammu,Identity Theft,High,Corporate,2484528,35633,Organization,Open
CR04563,10-09-2024,Delhi,New Delhi,Online Fraud,Low,Banking,3378968,29579,User Report,Resolved
CR04564,09-06-2026,Andhra Pradesh,Vijayawada,Identity Theft,Critical,Education,2503658,48456,CERT-In,Resolved
CR04565,19-03-2025,Chandigarh,Chandigarh,Online Fraud,Low,Government,2742026,40661,CERT-In,Open
CR04566,12-11-2024,Odisha,Cuttack,Identity Theft,High,IT,3680282,42272,News,Resolved
CR04567,16-01-2026,Karnataka,Bengaluru,Phishing,High,Corporate,3260208,18391,News,Open
CR04568,09-10-2024,Sikkim,Gangtok,Ransomware,High,Healthcare,4700352,32734,CERT-In,Open
CR04569,15-05-2025,Arunachal Pradesh,Itanagar,Identity Theft,Critical,Personal,2254012,8400,News,Investigating
CR04570,11-02-2026,Tripura,Agartala,Identity Theft,High,Healthcare,2503836,44164,CERT-In,Investigating
CR04571,31-03-2025,Mizoram,Aizawl,Phishing,High,IT,4315312,33763,CERT-In,Open
CR04572,04-05-2024,Andaman and Nicobar Islands,Port Blair,Identity Theft,Critical,Personal,2822465,24422,Organization,Resolved
CR04573,02-09-2024,Lakshadweep,Kavaratti,Malware,Medium,Healthcare,3220359,30355,User Report,Resolved
CR04574,20-10-2024,Tamil Nadu,Madurai,Ransomware,Low,E-commerce,2942287,22875,News,Resolved
CR04575,20-02-2025,Jharkhand,Ranchi,DDoS,Medium,IT,1991033,7497,CERT-In,Open
CR04576,13-06-2024,Delhi,New Delhi,DDoS,Medium,Education,2648902,10248,User Report,Open
CR04577,08-11-2024,Telangana,Warangal,Identity Theft,High,Government,583646,45920,User Report,Investigating
CR04578,20-06-2024,Arunachal Pradesh,Itanagar,Identity Theft,Low,IT,1348742,42910,News,Resolved
CR04579,15-02-2025,Gujarat,Surat,DDoS,Low,Education,866548,32548,Organization,Resolved
CR04580,27-10-2024,Gujarat,Rajkot,Identity Theft,Critical,Banking,4100330,41592,Organization,Resolved
CR04581,10-07-2026,Uttarakhand,Dehradun,Phishing,Medium,Banking,1644552,10120,User Report,Investigating
CR04582,27-05-2025,Arunachal Pradesh,Naharlagun,Malware,Low,Personal,482842,38041,Organization,Resolved
CR04583,30-05-2025,Nagaland,Kohima,Phishing,High,E-commerce,1370530,18754,User Report,Resolved
CR04584,27-06-2026,Delhi,New Delhi,Online Fraud,Low,E-commerce,4618675,1664,User Report,Open
CR04585,07-03-2025,Jammu and Kashmir,Srinagar,Identity Theft,Low,E-commerce,664913,32993,CERT-In,Open
CR04586,06-10-2025,Odisha,Bhubaneswar,Identity Theft,Critical,Education,3186505,18900,Organization,Open
CR04587,28-10-2024,Ladakh,Leh,Online Fraud,High,Personal,1538945,17078,News,Open
CR04588,03-10-2025,Bihar,Muzaffarpur,Ransomware,Low,Corporate,4674683,17077,CERT-In,Resolved
CR04589,10-02-2025,Puducherry,Puducherry,DDoS,High,Education,3181773,42534,Organization,Open
CR04590,02-11-2024,Arunachal Pradesh,Naharlagun,Ransomware,Low,E-commerce,1192576,47309,Organization,Open
CR04591,23-04-2025,Arunachal Pradesh,Itanagar,Identity Theft,Medium,Corporate,2574978,46280,User Report,Open
CR04592,11-05-2026,Rajasthan,Jaipur,Data Breach,Medium,Personal,200722,14784,CERT-In,Resolved
CR04593,21-10-2024,Meghalaya,Shillong,DDoS,Critical,Banking,3288193,1923,User Report,Resolved
CR04594,29-06-2026,Jharkhand,Ranchi,Ransomware,Medium,Banking,1621139,38758,CERT-In,Resolved
CR04595,30-01-2024,West Bengal,Durgapur,Online Fraud,Low,IT,3589494,12893,News,Investigating
CR04596,08-03-2025,Arunachal Pradesh,Naharlagun,Online Fraud,Critical,Personal,2908481,31084,User Report,Investigating
CR04597,22-08-2024,Jharkhand,Ranchi,Identity Theft,Low,Corporate,542797,20433,News,Open
CR04598,17-11-2024,Maharashtra,Nashik,Online Fraud,Low,Banking,4470943,28801,Organization,Open
CR04599,03-12-2025,Uttar Pradesh,Kanpur,DDoS,High,Healthcare,4790028,24382,News,Resolved
CR04600,05-06-2025,Odisha,Cuttack,Online Fraud,Critical,Education,4726820,16806,CERT-In,Open
CR04601,28-04-2026,Madhya Pradesh,Gwalior,Identity Theft,Medium,IT,3450899,18892,Organization,Resolved
CR04602,11-03-2024,Lakshadweep,Kavaratti,Data Breach,High,IT,1856169,7207,User Report,Investigating
CR04603,19-05-2025,Tamil Nadu,Chennai,Phishing,Low,Education,725241,17325,User Report,Open
CR04604,02-02-2024,Jharkhand,Jamshedpur,Data Breach,High,Government,3203241,36520,Organization,Investigating
CR04605,28-07-2026,Punjab,Amritsar,Data Breach,Critical,Personal,3096410,36376,Organization,Resolved
CR04606,11-03-2024,Jharkhand,Ranchi,Online Fraud,Medium,E-commerce,3201281,32894,Organization,Resolved
CR04607,13-04-2026,Manipur,Imphal,Phishing,Critical,Government,4901257,49134,Organization,Investigating
CR04608,10-02-2024,Sikkim,Gangtok,Identity Theft,Critical,Healthcare,1166574,37008,User Report,Open
CR04609,21-04-2024,Jharkhand,Ranchi,DDoS,Low,Corporate,620041,27118,User Report,Resolved
CR04610,07-01-2026,Sikkim,Gangtok,Data Breach,Medium,Education,3775736,27678,CERT-In,Open
CR04611,16-10-2025,Ladakh,Leh,Ransomware,Medium,E-commerce,1851650,718,Organization,Resolved
CR04612,26-09-2024,Telangana,Warangal,Identity Theft,Medium,Government,50098,14749,Organization,Resolved
CR04613,14-05-2024,Uttar Pradesh,Noida,Data Breach,High,Government,6986,1834,Organization,Open
CR04614,19-01-2026,Meghalaya,Shillong,Phishing,Critical,Education,2000185,44445,Organization,Open
CR04615,06-01-2024,Gujarat,Ahmedabad,DDoS,High,Corporate,3547546,34918,CERT-In,Resolved
CR04616,24-10-2025,Arunachal Pradesh,Itanagar,DDoS,Critical,Government,1855502,9941,User Report,Open
CR04617,15-01-2025,Manipur,Imphal,Online Fraud,Low,Corporate,114323,49988,CERT-In,Open
CR04618,09-12-2024,Meghalaya,Shillong,Identity Theft,Medium,Corporate,3548928,13292,User Report,Resolved
CR04619,19-07-2025,Chandigarh,Chandigarh,Ransomware,Medium,IT,511345,41213,User Report,Resolved
CR04620,08-04-2026,Assam,Guwahati,Ransomware,Critical,Healthcare,1284568,20093,User Report,Resolved
CR04621,15-06-2025,Ladakh,Leh,DDoS,High,IT,3961854,43064,Organization,Investigating
CR04622,30-05-2026,Haryana,Gurugram,DDoS,Critical,Healthcare,244956,36031,User Report,Resolved
CR04623,19-04-2024,Manipur,Imphal,Online Fraud,Low,Government,2387234,32291,Organization,Open
CR04624,28-01-2025,Bihar,Gaya,Online Fraud,Low,Government,3238484,34974,CERT-In,Investigating
CR04625,05-10-2024,Mizoram,Aizawl,Online Fraud,Medium,Education,3753974,24392,CERT-In,Investigating
CR04626,26-05-2024,Mizoram,Aizawl,Phishing,High,Corporate,576384,18566,CERT-In,Resolved
CR04627,22-11-2025,Uttar Pradesh,Lucknow,Ransomware,High,Personal,8630,38967,Organization,Open
CR04628,05-10-2024,Tripura,Agartala,Phishing,Low,Corporate,976494,13195,Organization,Resolved
CR04629,08-12-2024,Odisha,Bhubaneswar,Malware,Medium,Education,1776317,10861,Organization,Open
CR04630,30-06-2024,Arunachal Pradesh,Itanagar,Malware,High,Healthcare,3042619,29665,News,Open
CR04631,15-03-2024,Tamil Nadu,Madurai,Data Breach,Low,Healthcare,3431689,31374,News,Open
CR04632,28-03-2025,Uttarakhand,Dehradun,Online Fraud,High,IT,3000118,24522,CERT-In,Investigating
CR04633,28-03-2025,Tamil Nadu,Chennai,DDoS,Low,Personal,3871174,21361,User Report,Investigating
CR04634,01-12-2024,Kerala,Thiruvananthapuram,Ransomware,High,Healthcare,193441,34421,Organization,Investigating
CR04635,29-11-2024,Tamil Nadu,Coimbatore,Ransomware,High,Corporate,1701731,9762,CERT-In,Open
CR04636,31-08-2024,Assam,Guwahati,Ransomware,Medium,Corporate,1840796,30440,Organization,Open
CR04637,03-01-2024,Nagaland,Dimapur,Phishing,High,IT,4304257,31041,News,Resolved
CR04638,01-09-2024,Rajasthan,Jodhpur,DDoS,Low,E-commerce,2261035,39402,News,Investigating
CR04639,24-01-2024,Jammu and Kashmir,Srinagar,Online Fraud,Medium,Healthcare,3768382,2036,News,Open
CR04640,08-03-2025,Puducherry,Puducherry,Identity Theft,Low,Banking,3775925,24934,Organization,Investigating
CR04641,05-07-2024,Punjab,Ludhiana,Identity Theft,High,Corporate,4557676,2930,User Report,Open
CR04642,05-03-2026,Mizoram,Aizawl,Ransomware,Medium,Corporate,1324112,39008,CERT-In,Open
CR04643,16-09-2025,Uttar Pradesh,Kanpur,Malware,Critical,E-commerce,1739487,22090,Organization,Resolved
CR04644,29-04-2025,Odisha,Bhubaneswar,Phishing,Medium,Personal,3059795,19388,User Report,Open
CR04645,12-05-2025,Kerala,Kozhikode,DDoS,Low,Corporate,2397871,4771,News,Open
CR04646,08-05-2026,Lakshadweep,Kavaratti,Online Fraud,Medium,E-commerce,3263361,15465,CERT-In,Investigating
CR04647,18-01-2026,Uttarakhand,Haridwar,DDoS,Critical,Education,576027,45561,User Report,Investigating
CR04648,01-01-2025,Ladakh,Leh,Data Breach,Medium,Banking,441630,1179,News,Resolved
CR04649,06-05-2025,Chhattisgarh,Raipur,Malware,High,Education,774284,49227,User Report,Open
CR04650,07-06-2024,Tamil Nadu,Coimbatore,Online Fraud,Low,Personal,3488270,13720,Organization,Open
CR04651,21-04-2025,West Bengal,Kolkata,DDoS,Low,Government,884806,18085,CERT-In,Resolved
CR04652,19-07-2024,Jammu and Kashmir,Srinagar,Phishing,Medium,Corporate,907934,31002,Organization,Resolved
CR04653,17-12-2024,Meghalaya,Shillong,DDoS,High,Government,3704904,14302,User Report,Open
CR04654,20-12-2024,Odisha,Cuttack,Malware,Medium,Government,2762315,30144,User Report,Resolved
CR04655,01-05-2025,Puducherry,Puducherry,Ransomware,Critical,Corporate,651628,2284,Organization,Open
CR04656,21-03-2024,Uttarakhand,Dehradun,Data Breach,Critical,Personal,564065,19133,User Report,Investigating
CR04657,17-02-2025,Maharashtra,Nashik,Ransomware,Low,IT,4928043,10852,CERT-In,Resolved
CR04658,25-04-2026,Tamil Nadu,Coimbatore,Online Fraud,Medium,Corporate,1405546,26864,CERT-In,Resolved
CR04659,20-04-2026,Meghalaya,Shillong,Data Breach,Critical,Healthcare,1237171,17534,Organization,Resolved
CR04660,19-07-2024,Telangana,Hyderabad,Phishing,Critical,Banking,2308211,39938,User Report,Open
CR04661,28-04-2026,Rajasthan,Jaipur,Data Breach,Medium,E-commerce,3233959,28650,News,Open
CR04662,13-01-2025,Karnataka,Mysuru,Online Fraud,High,Corporate,23158,10559,News,Investigating
CR04663,12-05-2025,Delhi,New Delhi,DDoS,High,IT,2298578,14680,News,Investigating
CR04664,29-01-2025,Tripura,Agartala,Phishing,Low,Government,409644,18548,News,Resolved
CR04665,29-04-2024,Punjab,Ludhiana,Online Fraud,Low,E-commerce,3214049,6299,Organization,Open
CR04666,13-06-2024,Manipur,Imphal,DDoS,Low,Education,4793733,47408,User Report,Resolved
CR04667,01-04-2025,Goa,Margao,Data Breach,Critical,E-commerce,117524,36040,Organization,Resolved
CR04668,24-10-2025,Puducherry,Puducherry,Data Breach,Medium,Education,2414583,47845,CERT-In,Investigating
CR04669,06-10-2024,Uttarakhand,Dehradun,Phishing,Critical,E-commerce,4406364,40803,News,Open
CR04670,14-03-2025,Meghalaya,Shillong,Data Breach,Low,Education,2101939,29593,Organization,Investigating
CR04671,22-01-2026,Karnataka,Mysuru,Malware,Critical,Education,532446,35718,CERT-In,Resolved
CR04672,15-03-2025,Kerala,Kochi,Ransomware,High,Banking,2432666,32283,Organization,Investigating
CR04673,25-11-2024,Delhi,New Delhi,Data Breach,Low,IT,422995,44628,User Report,Open
CR04674,24-08-2024,Chhattisgarh,Bilaspur,DDoS,Low,Healthcare,1787356,3719,Organization,Resolved
CR04675,19-05-2026,Maharashtra,Nashik,Ransomware,Critical,IT,382429,47707,User Report,Investigating
CR04676,02-12-2024,Tamil Nadu,Chennai,Phishing,High,E-commerce,4135040,14107,CERT-In,Resolved
CR04677,26-03-2025,Himachal Pradesh,Shimla,Malware,High,Banking,521504,2932,Organization,Resolved
CR04678,20-04-2024,Puducherry,Puducherry,Ransomware,Critical,Government,4057097,21514,CERT-In,Resolved
CR04679,01-05-2025,Sikkim,Gangtok,Malware,Low,Healthcare,2872857,13311,News,Investigating
CR04680,29-10-2024,Chandigarh,Chandigarh,Identity Theft,Low,Government,3565440,7261,User Report,Resolved
CR04681,21-02-2025,Delhi,New Delhi,Online Fraud,Medium,Personal,824127,29279,Organization,Resolved
CR04682,17-01-2026,Himachal Pradesh,Dharamshala,Malware,High,Personal,2997790,28028,News,Open
CR04683,13-05-2025,Punjab,Ludhiana,Online Fraud,Critical,Healthcare,2541912,7956,CERT-In,Investigating
CR04684,01-08-2025,Dadra and Nagar Haveli and Daman and Diu,Daman,DDoS,Critical,IT,4257135,10932,News,Open
CR04685,08-07-2026,Telangana,Hyderabad,Online Fraud,High,Education,3300761,21518,News,Resolved
CR04686,11-05-2025,Karnataka,Bengaluru,Ransomware,Critical,Corporate,1729645,35048,User Report,Resolved
CR04687,04-02-2024,Maharashtra,Mumbai,Online Fraud,Low,Government,1579870,49278,User Report,Open
CR04688,02-03-2026,Jharkhand,Jamshedpur,Phishing,High,Education,2618609,25507,Organization,Investigating
CR04689,10-03-2026,Lakshadweep,Kavaratti,Online Fraud,High,Corporate,3038627,28307,CERT-In,Resolved
CR04690,27-04-2025,Rajasthan,Jodhpur,Online Fraud,Low,Personal,622933,18325,News,Open
CR04691,22-05-2024,Punjab,Amritsar,Data Breach,High,Corporate,584730,40415,News,Open
CR04692,29-11-2025,Odisha,Cuttack,Identity Theft,Medium,Healthcare,149611,28686,Organization,Open
CR04693,09-08-2024,Himachal Pradesh,Dharamshala,DDoS,Critical,IT,936634,13561,User Report,Resolved
CR04694,21-04-2024,Jammu and Kashmir,Jammu,Phishing,Low,Personal,4391870,18811,CERT-In,Investigating
CR04695,16-02-2026,Haryana,Faridabad,DDoS,High,Healthcare,1775460,32593,User Report,Investigating
CR04696,15-01-2025,Assam,Guwahati,Ransomware,High,Banking,2709839,38656,User Report,Open
CR04697,06-04-2025,Haryana,Panipat,Identity Theft,High,Healthcare,4516568,20401,News,Open
CR04698,17-01-2026,Tripura,Agartala,Ransomware,Medium,Healthcare,1287674,8283,News,Resolved
CR04699,14-07-2026,Uttarakhand,Dehradun,Online Fraud,Low,Corporate,1614878,8677,CERT-In,Resolved
CR04700,28-08-2025,Bihar,Gaya,Identity Theft,Critical,Personal,4107196,1520,User Report,Investigating
CR04701,01-02-2024,Assam,Silchar,Ransomware,Medium,Education,1724165,43143,User Report,Resolved
CR04702,01-03-2024,Delhi,New Delhi,Phishing,Medium,Government,4292288,28006,User Report,Open
CR04703,11-07-2025,Uttar Pradesh,Varanasi,Phishing,Low,Education,3573118,36365,News,Resolved
CR04704,22-01-2026,West Bengal,Durgapur,DDoS,High,Government,1013172,4881,Organization,Investigating
CR04705,10-09-2025,Uttarakhand,Haridwar,Phishing,Critical,E-commerce,3775112,11117,News,Resolved
CR04706,01-03-2025,West Bengal,Durgapur,DDoS,High,IT,2867065,1683,CERT-In,Investigating
CR04707,09-04-2025,Manipur,Imphal,Data Breach,High,E-commerce,2315552,2803,User Report,Resolved
CR04708,10-04-2025,Rajasthan,Udaipur,Malware,Medium,Education,3680662,17972,Organization,Investigating
CR04709,25-06-2026,Madhya Pradesh,Indore,Online Fraud,Critical,Corporate,18697,24619,CERT-In,Open
CR04710,11-09-2024,Manipur,Imphal,Phishing,Medium,IT,3977366,22093,Organization,Resolved
CR04711,04-01-2025,Meghalaya,Shillong,Online Fraud,Low,Corporate,243002,6991,CERT-In,Resolved
CR04712,28-08-2025,Andaman and Nicobar Islands,Port Blair,Phishing,Low,Banking,885675,21382,User Report,Investigating
CR04713,10-03-2026,Manipur,Imphal,Malware,Medium,Corporate,4965095,13661,CERT-In,Resolved
CR04714,21-07-2025,Mizoram,Aizawl,Ransomware,High,Personal,1075709,378,User Report,Resolved
CR04715,29-08-2025,Maharashtra,Nagpur,Ransomware,Low,Corporate,653786,15136,CERT-In,Investigating
CR04716,12-03-2025,Puducherry,Puducherry,Data Breach,Low,Education,1371879,21474,User Report,Resolved
CR04717,05-03-2025,Madhya Pradesh,Indore,Ransomware,Medium,IT,3892830,12987,CERT-In,Open
CR04718,24-03-2024,Gujarat,Vadodara,Online Fraud,Critical,Corporate,852187,22422,News,Open
CR04719,30-04-2025,Tamil Nadu,Coimbatore,Phishing,High,Education,3497254,16763,User Report,Open
CR04720,17-10-2024,Mizoram,Aizawl,Ransomware,Medium,E-commerce,1304104,23771,Organization,Investigating
CR04721,10-01-2025,Chhattisgarh,Raipur,Malware,Medium,Personal,4744267,7853,User Report,Resolved
CR04722,27-10-2025,Odisha,Cuttack,Identity Theft,High,Education,169194,19600,Organization,Open
CR04723,02-08-2024,Bihar,Patna,Ransomware,Critical,Healthcare,1023717,2466,Organization,Resolved
CR04724,11-12-2025,Delhi,New Delhi,Online Fraud,Medium,E-commerce,3733632,34614,Organization,Investigating
CR04725,16-01-2025,Bihar,Patna,Online Fraud,Low,Corporate,968611,46384,Organization,Resolved
CR04726,24-01-2025,Chhattisgarh,Raipur,Malware,Critical,Corporate,62004,30287,CERT-In,Open
CR04727,02-03-2025,Punjab,Chandigarh,Ransomware,Low,E-commerce,2975709,167,CERT-In,Investigating
CR04728,24-03-2026,Haryana,Panipat,Online Fraud,High,IT,3176580,17249,User Report,Open
CR04729,28-01-2024,Mizoram,Aizawl,Ransomware,Critical,Healthcare,2357872,27101,User Report,Investigating
CR04730,15-05-2024,Himachal Pradesh,Dharamshala,DDoS,Critical,Government,1868080,35359,CERT-In,Open
CR04731,03-10-2024,Jammu and Kashmir,Jammu,DDoS,High,Government,1938866,21015,News,Open
CR04732,22-02-2026,Telangana,Warangal,Identity Theft,Critical,E-commerce,4171331,17762,Organization,Open
CR04733,23-10-2025,Nagaland,Dimapur,Malware,Medium,E-commerce,625640,31722,News,Open
CR04734,10-05-2024,Gujarat,Ahmedabad,Phishing,Low,Personal,2567307,69,CERT-In,Investigating
CR04735,08-02-2024,Uttar Pradesh,Kanpur,Online Fraud,Critical,IT,4769678,49738,User Report,Open
CR04736,29-01-2025,Jammu and Kashmir,Srinagar,Identity Theft,Critical,IT,4530889,5479,CERT-In,Resolved
CR04737,08-08-2025,Uttar Pradesh,Lucknow,Ransomware,Medium,Education,3024733,27183,CERT-In,Investigating
CR04738,03-03-2025,Gujarat,Rajkot,DDoS,High,Government,3131787,30466,News,Investigating
CR04739,22-02-2024,Arunachal Pradesh,Naharlagun,Data Breach,Critical,Personal,1947208,42741,User Report,Investigating
CR04740,25-09-2025,Mizoram,Aizawl,Phishing,Medium,Government,3719038,45961,User Report,Open
CR04741,12-11-2025,Sikkim,Gangtok,Malware,Low,Healthcare,443977,18555,CERT-In,Investigating
CR04742,15-09-2025,Mizoram,Aizawl,Identity Theft,Medium,Government,2091636,25441,CERT-In,Open
CR04743,12-01-2025,Jammu and Kashmir,Jammu,DDoS,Critical,Government,3899750,23372,User Report,Investigating
CR04744,28-05-2025,Sikkim,Gangtok,Malware,Low,Banking,638949,6269,News,Resolved
CR04745,06-04-2026,Dadra and Nagar Haveli and Daman and Diu,Daman,DDoS,Low,Education,4967600,6648,User Report,Investigating
CR04746,13-06-2026,Andhra Pradesh,Visakhapatnam,Ransomware,Medium,Personal,3545395,6776,CERT-In,Resolved
CR04747,03-05-2024,Haryana,Faridabad,Malware,High,E-commerce,1015725,9559,CERT-In,Open
CR04748,22-11-2024,Arunachal Pradesh,Itanagar,Phishing,High,Corporate,1115495,23168,CERT-In,Investigating
CR04749,09-06-2026,Karnataka,Mangaluru,Identity Theft,High,Education,1049177,41148,News,Open
CR04750,13-01-2024,Bihar,Muzaffarpur,DDoS,Critical,Banking,3151735,24830,User Report,Resolved
CR04751,28-07-2024,Gujarat,Rajkot,Malware,Medium,IT,3622628,19721,User Report,Resolved
CR04752,30-11-2025,Uttar Pradesh,Kanpur,Malware,Medium,IT,1931406,47438,CERT-In,Investigating
CR04753,03-02-2025,Meghalaya,Shillong,DDoS,High,Personal,25537,46930,User Report,Open
CR04754,09-11-2025,Chandigarh,Chandigarh,Identity Theft,High,Healthcare,2161669,12507,News,Resolved
CR04755,22-08-2024,West Bengal,Durgapur,Ransomware,Critical,E-commerce,4859519,37592,Organization,Resolved
CR04756,03-06-2025,Assam,Silchar,Identity Theft,High,Education,4842026,48215,User Report,Investigating
CR04757,20-05-2025,West Bengal,Kolkata,Identity Theft,Medium,Banking,752477,18111,User Report,Investigating
CR04758,22-02-2024,Tripura,Agartala,Online Fraud,Medium,Healthcare,4331902,13891,CERT-In,Open
CR04759,24-12-2024,Andaman and Nicobar Islands,Port Blair,Identity Theft,Medium,Banking,2511446,9444,Organization,Open
CR04760,13-12-2024,Kerala,Kozhikode,Malware,Medium,Personal,4282098,47180,CERT-In,Resolved
CR04761,09-03-2026,Jammu and Kashmir,Jammu,Ransomware,High,E-commerce,1730087,40332,CERT-In,Resolved
CR04762,02-11-2025,Odisha,Bhubaneswar,Identity Theft,High,E-commerce,964782,48529,News,Open
CR04763,31-05-2026,West Bengal,Durgapur,Phishing,Critical,IT,4623806,38754,CERT-In,Resolved
CR04764,06-06-2025,Punjab,Amritsar,Data Breach,Critical,IT,2816103,4030,Organization,Resolved
CR04765,24-06-2025,Gujarat,Vadodara,DDoS,High,Banking,4491853,28905,News,Resolved
CR04766,24-04-2026,Puducherry,Puducherry,Online Fraud,Medium,Personal,1985919,28001,User Report,Open
CR04767,25-11-2025,Andhra Pradesh,Vijayawada,Phishing,Low,Banking,3670554,49532,News,Open
CR04768,18-01-2025,Delhi,New Delhi,Phishing,Low,E-commerce,461159,40024,Organization,Resolved
CR04769,23-01-2024,Nagaland,Kohima,Malware,Medium,E-commerce,4164054,46661,User Report,Open
CR04770,03-02-2024,Sikkim,Gangtok,Ransomware,High,Banking,3625266,39671,CERT-In,Resolved
CR04771,29-08-2025,Maharashtra,Mumbai,DDoS,Low,IT,902030,49692,News,Resolved
CR04772,22-06-2025,Chandigarh,Chandigarh,Online Fraud,Low,Education,3814819,33841,Organization,Open
CR04773,09-04-2024,Ladakh,Leh,Ransomware,Critical,Healthcare,3078889,27110,CERT-In,Resolved
CR04774,04-03-2026,Tripura,Agartala,Ransomware,Low,Personal,2225687,7333,User Report,Resolved
CR04775,24-12-2025,Odisha,Bhubaneswar,Online Fraud,Low,Government,3268603,31152,Organization,Open
CR04776,04-07-2025,Delhi,New Delhi,Identity Theft,Medium,Personal,3450806,48367,Organization,Resolved
CR04777,01-12-2025,Telangana,Warangal,Ransomware,Low,Healthcare,64718,29366,CERT-In,Resolved
CR04778,02-07-2025,Mizoram,Aizawl,Ransomware,Medium,Corporate,4468076,42040,Organization,Resolved
CR04779,10-03-2025,Chandigarh,Chandigarh,Online Fraud,High,Corporate,2568271,42882,User Report,Investigating
CR04780,17-06-2026,Mizoram,Aizawl,Online Fraud,High,Healthcare,2316318,29219,News,Investigating
CR04781,11-06-2025,Lakshadweep,Kavaratti,Online Fraud,Critical,Corporate,4601665,5687,News,Open
CR04782,28-04-2026,Madhya Pradesh,Bhopal,Ransomware,High,Government,4594969,34526,News,Investigating
CR04783,05-08-2025,Punjab,Amritsar,Online Fraud,Medium,Corporate,1596010,37771,News,Investigating
CR04784,10-08-2025,Sikkim,Gangtok,DDoS,Critical,Healthcare,1213712,22565,CERT-In,Investigating
CR04785,29-05-2026,Uttarakhand,Haridwar,Identity Theft,High,E-commerce,1113181,124,User Report,Open
CR04786,03-11-2024,Jammu and Kashmir,Srinagar,Identity Theft,High,Corporate,2642291,20624,User Report,Investigating
CR04787,17-07-2025,Rajasthan,Udaipur,Phishing,Critical,Government,1673389,14757,User Report,Resolved
CR04788,30-07-2024,Nagaland,Kohima,Identity Theft,Low,E-commerce,422905,14155,News,Resolved
CR04789,06-05-2026,Gujarat,Ahmedabad,Online Fraud,Critical,IT,261986,33902,User Report,Open
CR04790,28-07-2024,Assam,Silchar,Ransomware,Critical,Government,70001,33001,CERT-In,Resolved
CR04791,08-03-2025,Andaman and Nicobar Islands,Port Blair,Identity Theft,High,Healthcare,522566,31459,CERT-In,Resolved
CR04792,28-07-2026,Assam,Silchar,Phishing,Low,Personal,1599346,35046,News,Resolved
CR04793,25-10-2025,Ladakh,Leh,DDoS,Critical,E-commerce,3011395,49123,CERT-In,Open
CR04794,19-11-2024,Nagaland,Kohima,Ransomware,Low,Banking,221609,19750,CERT-In,Investigating
CR04795,17-06-2024,Manipur,Imphal,DDoS,Medium,Education,2928732,17032,User Report,Open
CR04796,02-05-2026,Madhya Pradesh,Indore,Identity Theft,Medium,Education,116490,36218,User Report,Resolved
CR04797,13-08-2024,Andaman and Nicobar Islands,Port Blair,Malware,Critical,Personal,764546,31262,CERT-In,Open
CR04798,27-08-2024,Puducherry,Puducherry,Phishing,Critical,Healthcare,2355334,43055,News,Investigating
CR04799,23-12-2024,Andhra Pradesh,Vijayawada,Phishing,Low,Healthcare,392696,39527,News,Open
CR04800,27-10-2024,Puducherry,Puducherry,Ransomware,Critical,E-commerce,323887,14712,Organization,Investigating
CR04801,24-02-2024,Punjab,Chandigarh,DDoS,Critical,Government,2052831,4463,User Report,Investigating
CR04802,04-02-2026,Himachal Pradesh,Shimla,Ransomware,Low,E-commerce,3682111,13784,CERT-In,Open
CR04803,07-04-2026,Meghalaya,Shillong,Ransomware,Critical,Personal,4136177,7957,CERT-In,Investigating
CR04804,01-10-2024,Assam,Silchar,Data Breach,Medium,Banking,3656055,1052,CERT-In,Open
CR04805,01-03-2024,Telangana,Hyderabad,Malware,Critical,Corporate,425254,28402,User Report,Open
CR04806,27-11-2025,Uttarakhand,Dehradun,Malware,Critical,Personal,1017220,35193,News,Investigating
CR04807,08-02-2024,Sikkim,Gangtok,Online Fraud,High,IT,1999773,7317,User Report,Investigating
CR04808,07-09-2024,Uttarakhand,Haridwar,Identity Theft,Low,Government,4124680,13041,User Report,Investigating
CR04809,16-03-2024,Lakshadweep,Kavaratti,Data Breach,Medium,Healthcare,1802506,18449,Organization,Open
CR04810,10-02-2024,Madhya Pradesh,Bhopal,Online Fraud,Low,Corporate,119231,24650,Organization,Open
CR04811,18-01-2025,Jammu and Kashmir,Srinagar,Data Breach,Critical,Corporate,4134953,46252,User Report,Open
CR04812,05-05-2026,Goa,Panaji,Malware,Medium,IT,3826577,35745,User Report,Investigating
CR04813,10-11-2025,Delhi,New Delhi,Data Breach,High,Personal,1210800,89,News,Investigating
CR04814,28-03-2024,Uttar Pradesh,Varanasi,Online Fraud,High,Personal,3011103,45525,News,Open
CR04815,18-04-2026,Lakshadweep,Kavaratti,Phishing,Medium,IT,243257,1618,CERT-In,Investigating
CR04816,22-03-2025,Tripura,Agartala,Online Fraud,Low,Banking,2442925,18228,CERT-In,Investigating
CR04817,04-10-2024,Jharkhand,Ranchi,Phishing,High,Government,978960,42883,User Report,Investigating
CR04818,02-04-2024,Uttar Pradesh,Kanpur,DDoS,High,Education,4689615,1003,Organization,Investigating
CR04819,21-09-2024,Bihar,Patna,Identity Theft,Low,E-commerce,4117252,16896,News,Investigating
CR04820,28-12-2024,Andaman and Nicobar Islands,Port Blair,Data Breach,High,Personal,2323538,17693,News,Resolved
CR04821,05-04-2026,Meghalaya,Shillong,Phishing,Medium,Corporate,1868350,37135,News,Investigating
CR04822,20-10-2025,West Bengal,Kolkata,Phishing,Critical,Government,4284876,12051,News,Investigating
CR04823,20-08-2025,Dadra and Nagar Haveli and Daman and Diu,Silvassa,DDoS,Low,E-commerce,3465915,1055,Organization,Resolved
CR04824,08-10-2025,Arunachal Pradesh,Naharlagun,Phishing,Low,E-commerce,359223,31399,CERT-In,Investigating
CR04825,22-09-2024,Andaman and Nicobar Islands,Port Blair,Ransomware,High,Personal,846308,34971,News,Investigating
CR04826,18-12-2024,Lakshadweep,Kavaratti,Identity Theft,Low,E-commerce,1283624,3442,Organization,Resolved
CR04827,14-07-2026,Sikkim,Gangtok,Ransomware,Low,IT,792315,12703,News,Investigating
CR04828,08-05-2024,Karnataka,Mysuru,Ransomware,Low,Healthcare,2691669,29695,News,Open
CR04829,08-06-2026,Dadra and Nagar Haveli and Daman and Diu,Silvassa,Ransomware,High,Education,4601308,30444,User Report,Resolved
CR04830,23-06-2025,Chandigarh,Chandigarh,Online Fraud,Medium,Corporate,1429761,35400,Organization,Resolved
CR04831,09-07-2026,Punjab,Chandigarh,DDoS,Critical,IT,2610483,19091,Organization,Resolved
CR04832,08-02-2026,Jharkhand,Ranchi,Ransomware,High,Education,3996387,14311,Organization,Open
CR04833,25-07-2026,Meghalaya,Shillong,DDoS,High,Government,3233413,4168,CERT-In,Investigating
CR04834,23-02-2025,Uttarakhand,Dehradun,Online Fraud,High,Personal,3332777,21169,Organization,Resolved
CR04835,05-05-2024,Haryana,Gurugram,Online Fraud,Critical,Banking,330308,21442,User Report,Resolved
CR04836,30-01-2024,Goa,Panaji,Online Fraud,Medium,IT,901424,39152,CERT-In,Open
CR04837,04-02-2025,Jharkhand,Jamshedpur,Malware,Medium,Education,3576824,2731,Organization,Investigating
CR04838,09-12-2025,Gujarat,Ahmedabad,DDoS,Medium,E-commerce,1681009,23667,CERT-In,Resolved
CR04839,04-10-2025,Telangana,Hyderabad,Online Fraud,Low,E-commerce,3039808,24517,User Report,Resolved
CR04840,23-12-2024,Andaman and Nicobar Islands,Port Blair,Ransomware,Medium,IT,2389143,21251,CERT-In,Resolved
CR04841,16-10-2024,Madhya Pradesh,Bhopal,Data Breach,High,IT,1142594,45603,User Report,Open
CR04842,13-10-2025,Uttar Pradesh,Kanpur,Online Fraud,Critical,Healthcare,2278822,17689,CERT-In,Open
CR04843,07-04-2026,Tamil Nadu,Madurai,Identity Theft,High,Banking,499338,14360,CERT-In,Resolved
CR04844,02-07-2026,Rajasthan,Udaipur,Data Breach,Critical,IT,2296775,31509,News,Open
CR04845,04-10-2025,Ladakh,Leh,Malware,Critical,Healthcare,2173661,23675,News,Open
CR04846,27-03-2025,Manipur,Imphal,Identity Theft,Medium,Healthcare,1025213,34689,News,Investigating
CR04847,14-03-2024,Karnataka,Bengaluru,DDoS,Critical,Corporate,2514015,9287,User Report,Open
CR04848,10-02-2025,Gujarat,Surat,Online Fraud,Medium,Education,324557,26845,CERT-In,Resolved
CR04849,26-08-2024,Delhi,New Delhi,Phishing,Medium,Healthcare,2582047,127,CERT-In,Resolved
CR04850,25-09-2025,Dadra and Nagar Haveli and Daman and Diu,Daman,Data Breach,High,Healthcare,1545957,13136,Organization,Investigating
CR04851,12-07-2025,Maharashtra,Mumbai,Data Breach,High,IT,904843,10306,Organization,Resolved
CR04852,13-12-2024,Rajasthan,Jodhpur,Identity Theft,Critical,Corporate,3105863,31860,User Report,Investigating
CR04853,01-03-2026,Ladakh,Leh,Data Breach,Medium,E-commerce,332539,11801,Organization,Open
CR04854,21-05-2026,Rajasthan,Jodhpur,DDoS,Low,Healthcare,2936939,13101,Organization,Open
CR04855,15-05-2024,Tamil Nadu,Madurai,Ransomware,High,Personal,4470462,37616,CERT-In,Resolved
CR04856,14-08-2024,Maharashtra,Pune,Data Breach,High,E-commerce,2638551,40551,CERT-In,Investigating
CR04857,07-05-2026,Odisha,Cuttack,DDoS,Low,E-commerce,1856985,12211,Organization,Open
CR04858,11-06-2025,Assam,Guwahati,DDoS,Medium,E-commerce,774885,11312,User Report,Open
CR04859,01-05-2025,Chhattisgarh,Raipur,Identity Theft,Critical,Corporate,933278,30969,User Report,Open
CR04860,11-02-2026,Madhya Pradesh,Bhopal,Ransomware,Critical,Government,1954921,26562,CERT-In,Open
CR04861,06-12-2025,Telangana,Hyderabad,Phishing,Low,E-commerce,2724973,23005,User Report,Investigating
CR04862,15-11-2024,Jammu and Kashmir,Jammu,Phishing,High,Banking,3818893,18341,CERT-In,Investigating
CR04863,05-01-2024,Uttarakhand,Dehradun,Online Fraud,Low,Banking,1657014,47065,News,Investigating
CR04864,11-02-2026,Puducherry,Puducherry,Phishing,High,Personal,2506168,26326,News,Open
CR04865,28-03-2024,Madhya Pradesh,Bhopal,DDoS,Low,Healthcare,2482212,33760,User Report,Resolved
CR04866,10-01-2026,Assam,Dibrugarh,Ransomware,High,Banking,4909061,37757,News,Investigating
CR04867,24-10-2024,Delhi,New Delhi,Malware,High,Banking,3301803,4017,CERT-In,Resolved
CR04868,23-01-2024,Goa,Margao,Online Fraud,Low,E-commerce,3257490,14856,CERT-In,Resolved
CR04869,27-02-2025,West Bengal,Durgapur,Identity Theft,Low,Corporate,2242798,10811,Organization,Open
CR04870,18-01-2026,Odisha,Cuttack,Identity Theft,Critical,Government,3006756,41902,News,Open
CR04871,18-01-2024,Puducherry,Puducherry,Identity Theft,Low,E-commerce,3036183,10091,Organization,Investigating
CR04872,10-06-2025,Rajasthan,Jodhpur,Data Breach,Medium,Corporate,3535951,39800,News,Investigating
CR04873,10-07-2026,Andhra Pradesh,Guntur,Identity Theft,Critical,E-commerce,4485988,33170,News,Investigating
CR04874,04-03-2024,Arunachal Pradesh,Itanagar,Ransomware,Critical,Corporate,733426,24055,User Report,Resolved
CR04875,04-10-2025,Sikkim,Gangtok,Online Fraud,High,Government,2840034,19583,CERT-In,Resolved
CR04876,02-11-2025,Karnataka,Bengaluru,Online Fraud,Critical,Education,1155184,32768,News,Resolved
CR04877,27-07-2025,Telangana,Hyderabad,Phishing,Low,Personal,4171348,44208,User Report,Investigating
CR04878,11-06-2025,Uttar Pradesh,Kanpur,Identity Theft,Medium,Personal,1096601,23889,Organization,Resolved
CR04879,26-12-2024,Dadra and Nagar Haveli and Daman and Diu,Daman,Identity Theft,Medium,Education,4578308,5062,Organization,Investigating
CR04880,11-12-2025,Lakshadweep,Kavaratti,Online Fraud,Low,IT,289374,10199,User Report,Open
CR04881,25-11-2025,Telangana,Warangal,Ransomware,Critical,Government,1025358,30720,CERT-In,Open
CR04882,01-08-2024,Chhattisgarh,Raipur,Malware,Medium,Banking,3506555,37652,User Report,Open
CR04883,24-06-2025,Gujarat,Rajkot,Data Breach,High,Corporate,176290,20135,User Report,Resolved
CR04884,12-02-2025,Bihar,Patna,Phishing,Low,Banking,1386298,9532,User Report,Open
CR04885,07-06-2025,Gujarat,Rajkot,Phishing,Medium,Healthcare,1948506,1448,News,Resolved
CR04886,30-09-2025,Nagaland,Kohima,Malware,Critical,Corporate,4298280,39183,News,Investigating
CR04887,01-07-2026,Meghalaya,Shillong,Online Fraud,Medium,Healthcare,3235844,46608,News,Resolved
CR04888,10-05-2025,Assam,Silchar,Phishing,Low,Education,22432,7392,News,Resolved
CR04889,22-09-2025,Assam,Guwahati,Phishing,High,E-commerce,4349932,41569,CERT-In,Open
CR04890,24-08-2024,Karnataka,Bengaluru,Phishing,Medium,Corporate,818362,40775,Organization,Resolved
CR04891,22-04-2024,Odisha,Bhubaneswar,Online Fraud,High,Personal,1436742,6993,News,Open
CR04892,06-05-2024,Tripura,Agartala,Identity Theft,High,E-commerce,1894355,2827,CERT-In,Resolved
CR04893,26-04-2024,Delhi,New Delhi,Online Fraud,High,Education,4055223,23310,CERT-In,Open
CR04894,16-11-2024,Andhra Pradesh,Guntur,Ransomware,High,Banking,1045654,14859,News,Resolved
CR04895,28-03-2024,Ladakh,Leh,Online Fraud,High,Healthcare,4276624,30442,User Report,Investigating
CR04896,03-11-2025,Manipur,Imphal,Malware,Medium,E-commerce,2842379,33700,News,Resolved
CR04897,17-05-2024,Goa,Panaji,Online Fraud,Medium,E-commerce,4198084,41687,News,Investigating
CR04898,09-02-2026,Delhi,New Delhi,Data Breach,Low,E-commerce,563047,5189,User Report,Open
CR04899,26-07-2026,Bihar,Patna,Data Breach,High,IT,4089895,32007,User Report,Open
CR04900,04-01-2024,Lakshadweep,Kavaratti,Data Breach,Medium,Healthcare,4168618,10479,User Report,Open
CR04901,09-08-2025,Delhi,New Delhi,Online Fraud,High,IT,2175040,16905,CERT-In,Resolved
CR04902,25-10-2025,Chhattisgarh,Bilaspur,Malware,Medium,Education,4193160,29277,CERT-In,Open
CR04903,17-01-2026,Andaman and Nicobar Islands,Port Blair,Identity Theft,Low,Personal,1968557,30481,Organization,Open
CR04904,12-08-2024,Madhya Pradesh,Bhopal,DDoS,Critical,Banking,380715,40273,CERT-In,Resolved
CR04905,06-01-2025,Goa,Margao,Ransomware,Medium,Government,3784944,4886,CERT-In,Open
CR04906,10-04-2024,Andaman and Nicobar Islands,Port Blair,Identity Theft,High,Education,4567831,29998,User Report,Investigating
CR04907,10-07-2025,Telangana,Hyderabad,DDoS,High,Banking,3809258,2157,User Report,Resolved
CR04908,10-02-2025,Meghalaya,Shillong,Phishing,Low,Education,4214173,21860,News,Resolved
CR04909,28-01-2026,Andhra Pradesh,Guntur,Ransomware,Medium,Banking,3912503,40683,User Report,Resolved
CR04910,24-04-2025,Dadra and Nagar Haveli and Daman and Diu,Daman,Malware,High,Banking,1948557,28410,CERT-In,Open
CR04911,16-05-2024,Tamil Nadu,Coimbatore,Ransomware,Critical,Banking,99902,31507,News,Resolved
CR04912,20-07-2024,Kerala,Kozhikode,Data Breach,High,Education,3886791,31153,CERT-In,Resolved
CR04913,28-12-2024,Odisha,Bhubaneswar,Phishing,Low,Corporate,4295321,29332,Organization,Investigating
CR04914,28-02-2026,Arunachal Pradesh,Naharlagun,Malware,High,E-commerce,2538150,14532,CERT-In,Resolved
CR04915,19-05-2026,Kerala,Kozhikode,Online Fraud,Critical,IT,2451385,43729,CERT-In,Investigating
CR04916,21-09-2024,Chhattisgarh,Bilaspur,Identity Theft,Medium,Government,2900547,49741,News,Resolved
CR04917,01-08-2024,Punjab,Chandigarh,Malware,High,Government,4834537,29190,Organization,Investigating
CR04918,25-07-2026,Puducherry,Puducherry,Ransomware,Low,E-commerce,2167053,8453,Organization,Open
CR04919,03-10-2025,Meghalaya,Shillong,DDoS,Medium,Education,1515160,32794,Organization,Open
CR04920,25-05-2026,Karnataka,Mysuru,Data Breach,Low,Education,1700937,49293,News,Open
CR04921,17-11-2024,Andaman and Nicobar Islands,Port Blair,Phishing,High,Personal,2665792,32778,News,Resolved
CR04922,09-01-2024,Jammu and Kashmir,Srinagar,DDoS,Medium,IT,944473,21464,User Report,Open
CR04923,11-03-2024,Nagaland,Dimapur,Malware,Critical,Healthcare,29976,2907,CERT-In,Open
CR04924,19-03-2025,Uttarakhand,Haridwar,Data Breach,Critical,Education,2785197,2897,CERT-In,Investigating
CR04925,22-06-2024,Ladakh,Leh,Online Fraud,Medium,Personal,4822200,34281,User Report,Investigating
CR04926,16-11-2024,Telangana,Warangal,Malware,High,IT,1500268,550,User Report,Investigating
CR04927,19-01-2024,Meghalaya,Shillong,Data Breach,Critical,Government,3127221,31170,CERT-In,Investigating
CR04928,05-02-2026,Punjab,Amritsar,Malware,High,Corporate,1670126,9968,User Report,Resolved
CR04929,27-01-2026,Tamil Nadu,Coimbatore,Ransomware,Low,Corporate,1465906,4264,News,Investigating
CR04930,28-01-2026,Manipur,Imphal,Malware,Low,IT,464473,26921,CERT-In,Open
CR04931,04-02-2026,Jharkhand,Ranchi,Malware,Low,Healthcare,4123416,48068,User Report,Resolved
CR04932,05-06-2025,Chandigarh,Chandigarh,Malware,Low,Education,4005710,15051,CERT-In,Investigating
CR04933,13-04-2026,Gujarat,Rajkot,Ransomware,Critical,Government,4229704,38815,Organization,Resolved
CR04934,05-06-2025,Kerala,Thiruvananthapuram,Phishing,High,E-commerce,3200063,23500,Organization,Resolved
CR04935,28-11-2025,Dadra and Nagar Haveli and Daman and Diu,Daman,Phishing,Critical,Education,654760,17052,Organization,Investigating
CR04936,14-01-2025,Goa,Panaji,Identity Theft,Medium,Education,3612475,42112,User Report,Open
CR04937,04-12-2024,Tamil Nadu,Madurai,Data Breach,Critical,Government,320628,14277,User Report,Open
CR04938,11-05-2025,Jharkhand,Ranchi,Malware,Medium,Corporate,4194825,41485,News,Investigating
CR04939,04-02-2025,Chhattisgarh,Bilaspur,Malware,High,E-commerce,2876701,46531,Organization,Resolved
CR04940,04-11-2024,Telangana,Warangal,Malware,Critical,Education,1507954,46087,Organization,Resolved
CR04941,07-03-2025,Uttar Pradesh,Varanasi,Data Breach,Low,Government,4058380,44382,CERT-In,Investigating
CR04942,26-03-2026,Jharkhand,Jamshedpur,Malware,High,Healthcare,735608,7979,Organization,Investigating
CR04943,15-05-2026,West Bengal,Siliguri,Ransomware,Low,Government,813927,12705,User Report,Resolved
CR04944,30-08-2024,Nagaland,Dimapur,Data Breach,Medium,Healthcare,4916191,12575,CERT-In,Open
CR04945,13-04-2024,Punjab,Amritsar,Identity Theft,High,Corporate,754941,39159,Organization,Resolved
CR04946,09-06-2025,Telangana,Hyderabad,Identity Theft,High,Education,1136240,9717,User Report,Open
CR04947,03-06-2024,West Bengal,Siliguri,Malware,Critical,Banking,3612309,45721,User Report,Resolved
CR04948,19-01-2025,Himachal Pradesh,Dharamshala,Data Breach,Low,Corporate,951822,27946,Organization,Open
CR04949,05-08-2025,Uttar Pradesh,Lucknow,Phishing,Low,Personal,1190112,5097,News,Open
CR04950,23-06-2025,Chhattisgarh,Raipur,Data Breach,Medium,Banking,2819315,13837,CERT-In,Open
CR04951,27-07-2025,Delhi,New Delhi,Data Breach,Low,Personal,321196,10364,CERT-In,Open
CR04952,24-05-2025,Maharashtra,Mumbai,Online Fraud,Medium,Corporate,3320176,9093,News,Open
CR04953,21-05-2025,Bihar,Muzaffarpur,Malware,Low,Banking,907008,22981,CERT-In,Open
CR04954,21-12-2024,Lakshadweep,Kavaratti,Data Breach,Critical,IT,4897154,1974,Organization,Open
CR04955,23-02-2025,Kerala,Kochi,Online Fraud,High,E-commerce,2915610,45935,CERT-In,Resolved
CR04956,02-03-2026,Jammu and Kashmir,Srinagar,Identity Theft,Low,IT,2243425,42840,News,Resolved
CR04957,17-03-2026,Sikkim,Gangtok,Ransomware,Low,Personal,2584271,14698,Organization,Open
CR04958,17-07-2026,Ladakh,Leh,Data Breach,Low,Government,2432603,44792,News,Resolved
CR04959,30-04-2026,West Bengal,Siliguri,Phishing,Medium,IT,3253083,39084,CERT-In,Open
CR04960,12-11-2024,Delhi,New Delhi,Identity Theft,Critical,Healthcare,2592199,41313,Organization,Resolved
CR04961,22-05-2026,Jammu and Kashmir,Jammu,Identity Theft,Critical,Corporate,1242416,18207,User Report,Resolved
CR04962,08-07-2026,Jharkhand,Ranchi,Identity Theft,Low,Personal,3600451,32764,News,Investigating
CR04963,04-02-2024,Maharashtra,Nashik,Ransomware,Low,Healthcare,1690633,46043,News,Investigating
CR04964,01-03-2024,Maharashtra,Nashik,Data Breach,Low,Corporate,1774602,32927,Organization,Investigating
CR04965,10-08-2025,Gujarat,Vadodara,Malware,High,IT,4150400,5099,User Report,Resolved
CR04966,27-03-2024,Punjab,Chandigarh,Phishing,Low,Corporate,227128,12125,CERT-In,Open
CR04967,08-02-2024,Tripura,Agartala,Malware,Medium,Government,2337701,37794,User Report,Investigating
CR04968,25-06-2025,Delhi,New Delhi,Data Breach,Medium,Banking,950713,7370,User Report,Resolved
CR04969,16-02-2025,Tripura,Agartala,DDoS,High,Education,2042383,44150,User Report,Resolved
CR04970,02-10-2025,Odisha,Bhubaneswar,Malware,Critical,Healthcare,80067,22722,User Report,Resolved
CR04971,19-03-2026,Punjab,Amritsar,Identity Theft,High,Personal,2554702,23172,CERT-In,Open
CR04972,11-12-2024,Haryana,Panipat,Malware,Low,Personal,2074644,24344,CERT-In,Open
CR04973,02-11-2025,Sikkim,Gangtok,Online Fraud,Medium,Government,3882006,1063,CERT-In,Resolved
CR04974,13-04-2026,Punjab,Ludhiana,DDoS,Low,IT,3460437,5848,CERT-In,Investigating
CR04975,21-03-2026,Puducherry,Puducherry,DDoS,Low,Education,1676608,8945,News,Investigating
CR04976,06-10-2024,Tamil Nadu,Chennai,Identity Theft,High,Corporate,897272,28094,User Report,Resolved
CR04977,03-05-2026,Jammu and Kashmir,Jammu,Ransomware,High,Banking,624854,48677,News,Investigating
CR04978,30-05-2025,Andaman and Nicobar Islands,Port Blair,Malware,Low,Education,2141755,42506,News,Investigating
CR04979,10-09-2024,Chandigarh,Chandigarh,Ransomware,High,Healthcare,3537221,4939,CERT-In,Open
CR04980,13-03-2026,Andhra Pradesh,Guntur,Data Breach,Critical,Government,4482944,19371,Organization,Resolved
CR04981,01-08-2025,Delhi,New Delhi,Identity Theft,Low,Personal,2030952,47703,CERT-In,Investigating
CR04982,10-05-2025,Puducherry,Puducherry,Ransomware,Critical,Government,3436764,25846,CERT-In,Resolved
CR04983,23-04-2026,Uttarakhand,Dehradun,Ransomware,Medium,IT,213453,34029,Organization,Investigating
CR04984,27-01-2024,Chandigarh,Chandigarh,Data Breach,High,Healthcare,1905123,42876,User Report,Resolved
CR04985,12-04-2024,Haryana,Panipat,Identity Theft,Medium,E-commerce,4200882,23310,CERT-In,Open
CR04986,31-05-2024,Arunachal Pradesh,Naharlagun,Online Fraud,Low,Personal,2388826,40889,Organization,Investigating
CR04987,17-03-2026,Dadra and Nagar Haveli and Daman and Diu,Daman,Identity Theft,Critical,IT,3678796,34720,CERT-In,Investigating
CR04988,24-04-2025,Mizoram,Aizawl,Phishing,Medium,E-commerce,138027,4818,CERT-In,Open
CR04989,21-12-2025,Ladakh,Leh,DDoS,High,E-commerce,2190630,11194,User Report,Resolved
CR04990,26-08-2024,Uttar Pradesh,Noida,Data Breach,Low,E-commerce,17089,29931,User Report,Investigating
CR04991,27-08-2025,Manipur,Imphal,Online Fraud,Critical,Personal,1231632,15699,User Report,Resolved
CR04992,31-03-2025,Puducherry,Puducherry,Online Fraud,Low,IT,3095143,10884,Organization,Open
CR04993,30-12-2024,Tripura,Agartala,Ransomware,Critical,Banking,1549849,29360,User Report,Open
CR04994,05-05-2026,Bihar,Muzaffarpur,Ransomware,Medium,Corporate,2865808,40633,News,Investigating
CR04995,30-05-2025,Haryana,Faridabad,Malware,Critical,Corporate,641553,5687,News,Investigating
CR04996,16-09-2025,Andhra Pradesh,Vijayawada,Ransomware,Critical,Personal,1516003,24278,Organization,Resolved
CR04997,13-03-2025,Bihar,Patna,Data Breach,Medium,Personal,3036355,37366,User Report,Open
CR04998,25-09-2024,Delhi,New Delhi,Ransomware,Low,Healthcare,4165098,13353,User Report,Resolved
CR04999,16-03-2025,Bihar,Patna,Data Breach,Medium,E-commerce,4536995,235,Organization,Investigating
CR05000,24-06-2024,Arunachal Pradesh,Naharlagun,DDoS,High,Corporate,2795129,11452,User Report,Resolved
CR05001,01-08-2025,Dadra and Nagar Haveli and Daman and Diu,Daman,Malware,Low,Government,208402,3839,CERT-In,Open
CR05002,16-03-2026,Kerala,Thiruvananthapuram,DDoS,High,Corporate,2901998,38485,CERT-In,Open
CR05003,13-06-2025,West Bengal,Durgapur,Phishing,Critical,Government,3621853,22523,User Report,Investigating
CR05004,26-11-2025,Gujarat,Rajkot,Phishing,Medium,IT,724385,21172,User Report,Open
CR05005,02-01-2025,Mizoram,Aizawl,Online Fraud,Medium,Healthcare,2393868,49236,CERT-In,Resolved
CR05006,31-07-2026,Delhi,New Delhi,DDoS,Critical,E-commerce,2977677,16786,News,Open
CR05007,26-01-2026,Punjab,Ludhiana,DDoS,High,Government,1565993,22918,CERT-In,Resolved
CR05008,12-04-2026,Puducherry,Puducherry,Data Breach,Medium,E-commerce,2903300,21264,News,Open
CR05009,06-07-2024,Goa,Margao,DDoS,Medium,Personal,2528652,3646,User Report,Open
CR05010,01-01-2024,Haryana,Faridabad,Data Breach,Low,Healthcare,4473097,34966,CERT-In,Resolved
CR05011,31-12-2025,Chhattisgarh,Bilaspur,DDoS,Low,Education,3195728,7816,CERT-In,Open
CR05012,06-11-2024,Arunachal Pradesh,Naharlagun,Identity Theft,Low,Banking,556901,44287,News,Open
CR05013,18-10-2025,Uttarakhand,Haridwar,Phishing,Medium,Personal,3817039,33695,News,Open
CR05014,27-07-2025,Puducherry,Puducherry,Malware,Critical,IT,68054,34711,CERT-In,Open
CR05015,09-08-2024,Odisha,Bhubaneswar,Data Breach,Medium,Corporate,4100042,9336,CERT-In,Investigating
CR05016,14-02-2026,Manipur,Imphal,Data Breach,Medium,Government,4023653,22688,CERT-In,Resolved
CR05017,14-07-2025,Puducherry,Puducherry,DDoS,Low,Corporate,1199960,47268,CERT-In,Resolved
CR05018,23-07-2026,Odisha,Cuttack,DDoS,Medium,Healthcare,2033124,24060,News,Open
CR05019,03-09-2024,Haryana,Gurugram,Phishing,Low,E-commerce,567125,10871,Organization,Investigating
CR05020,11-05-2026,Chhattisgarh,Raipur,Phishing,High,Personal,3353311,3909,User Report,Resolved
CR05021,04-04-2026,Dadra and Nagar Haveli and Daman and Diu,Silvassa,Phishing,Low,Healthcare,3337941,2779,Organization,Investigating
CR05022,10-01-2026,Chhattisgarh,Raipur,Data Breach,Low,E-commerce,3987575,24547,Organization,Investigating
CR05023,08-11-2025,Meghalaya,Shillong,Ransomware,Low,Education,1798204,39688,Organization,Resolved
CR05024,12-06-2026,Jammu and Kashmir,Srinagar,Malware,Low,Personal,3001161,3012,Organization,Open
CR05025,14-03-2026,Uttar Pradesh,Noida,DDoS,Critical,IT,660407,16897,Organization,Open
CR05026,10-05-2025,Himachal Pradesh,Dharamshala,Phishing,Critical,Banking,517046,19607,User Report,Resolved
CR05027,28-02-2026,Andhra Pradesh,Visakhapatnam,Ransomware,High,IT,2420157,39821,Organization,Resolved
CR05028,27-10-2025,Rajasthan,Jaipur,DDoS,Low,E-commerce,698569,29313,News,Investigating
CR05029,15-07-2026,Uttar Pradesh,Kanpur,Phishing,Critical,Education,1574816,36331,CERT-In,Resolved
CR05030,22-03-2024,Karnataka,Mangaluru,Identity Theft,Low,Healthcare,1938478,49561,News,Resolved
CR05031,03-06-2024,Tamil Nadu,Chennai,Data Breach,Critical,Personal,1165990,11099,News,Open
CR05032,09-04-2026,Meghalaya,Shillong,Data Breach,Medium,Education,292702,7960,CERT-In,Investigating
CR05033,25-01-2026,Madhya Pradesh,Bhopal,Phishing,Medium,IT,553132,2422,News,Open
CR05034,14-02-2024,Rajasthan,Udaipur,Identity Theft,Medium,E-commerce,3931932,4449,User Report,Open
CR05035,20-06-2025,Maharashtra,Mumbai,Malware,High,Government,3975691,28734,User Report,Open
CR05036,19-12-2024,Tamil Nadu,Madurai,DDoS,Medium,IT,4414769,3412,News,Resolved
CR05037,29-03-2025,Chhattisgarh,Raipur,Malware,Low,Education,2224010,40053,Organization,Resolved
CR05038,31-01-2026,West Bengal,Siliguri,Identity Theft,Low,IT,933154,35250,News,Investigating
CR05039,28-06-2025,Delhi,New Delhi,Phishing,Critical,E-commerce,2139108,28615,CERT-In,Investigating
CR05040,03-05-2024,Tripura,Agartala,Phishing,High,Personal,748317,16968,CERT-In,Open
CR05041,11-12-2024,Lakshadweep,Kavaratti,Data Breach,Medium,Corporate,105059,607,News,Resolved
CR05042,06-05-2025,Manipur,Imphal,Malware,Low,Personal,1050508,31115,News,Open
CR05043,02-08-2025,Madhya Pradesh,Gwalior,Online Fraud,Medium,E-commerce,769888,41737,CERT-In,Open
CR05044,17-05-2025,Nagaland,Dimapur,Identity Theft,Low,Education,3298369,26732,User Report,Resolved
CR05045,31-10-2025,Madhya Pradesh,Bhopal,DDoS,Medium,Banking,3301668,10826,CERT-In,Resolved
CR05046,11-03-2024,Chhattisgarh,Bilaspur,Online Fraud,High,Education,391603,40531,CERT-In,Resolved
CR05047,02-03-2025,Nagaland,Kohima,Data Breach,High,Banking,3099935,3786,News,Resolved
CR05048,17-07-2025,Jammu and Kashmir,Jammu,Ransomware,Medium,Personal,3417954,12791,User Report,Investigating
CR05049,26-07-2025,Manipur,Imphal,Data Breach,Critical,IT,898257,45900,CERT-In,Resolved
CR05050,27-06-2025,Telangana,Warangal,Ransomware,High,Government,2256803,8788,User Report,Open
CR05051,04-02-2024,Tamil Nadu,Chennai,Online Fraud,Low,E-commerce,1284581,3572,CERT-In,Open
CR05052,13-09-2025,Goa,Margao,Identity Theft,Critical,Banking,4312112,35653,Organization,Resolved
CR05053,24-04-2025,Madhya Pradesh,Indore,Malware,Medium,Banking,1274723,15889,News,Open
CR05054,16-01-2025,Uttar Pradesh,Lucknow,Data Breach,Medium,Banking,3841068,40692,Organization,Open
CR05055,20-12-2025,Uttar Pradesh,Kanpur,Ransomware,Low,IT,135755,386,CERT-In,Open
CR05056,01-11-2025,Mizoram,Aizawl,Ransomware,Low,E-commerce,4907184,30458,User Report,Open
CR05057,06-05-2025,Andhra Pradesh,Guntur,DDoS,Critical,E-commerce,4910515,40561,User Report,Investigating
CR05058,07-12-2025,Lakshadweep,Kavaratti,Identity Theft,Low,Personal,4964153,19968,CERT-In,Open
CR05059,04-04-2024,Nagaland,Dimapur,Identity Theft,High,Government,3980586,42322,News,Resolved
CR05060,23-02-2024,Manipur,Imphal,Data Breach,Critical,IT,4915904,29252,Organization,Open
CR05061,05-10-2024,Odisha,Cuttack,Ransomware,Low,Banking,3641863,8788,CERT-In,Open
CR05062,14-01-2025,Odisha,Cuttack,Ransomware,Medium,Government,1896467,42771,User Report,Open
CR05063,27-04-2026,Maharashtra,Mumbai,Data Breach,Critical,Healthcare,4818345,37032,News,Investigating
CR05064,15-07-2024,Mizoram,Aizawl,Phishing,Medium,Government,741969,16829,User Report,Investigating
CR05065,08-07-2026,Mizoram,Aizawl,DDoS,High,Government,1484339,41542,CERT-In,Investigating
CR05066,22-12-2025,Chhattisgarh,Bilaspur,Malware,Critical,Government,1985693,40512,News,Resolved
CR05067,04-12-2025,Odisha,Bhubaneswar,Phishing,Low,Government,13696,30833,News,Investigating
CR05068,27-05-2026,Gujarat,Vadodara,Ransomware,High,Banking,1359318,31731,User Report,Resolved
CR05069,08-02-2026,Rajasthan,Jaipur,Identity Theft,Critical,Healthcare,3709265,7810,News,Resolved
CR05070,10-01-2024,Punjab,Amritsar,Data Breach,Low,IT,2406944,18091,User Report,Resolved
CR05071,23-05-2025,Karnataka,Mangaluru,Identity Theft,High,Education,2861019,42393,User Report,Resolved
CR05072,20-05-2026,Ladakh,Leh,Data Breach,Medium,Banking,293477,19731,CERT-In,Open
CR05073,10-07-2026,Uttarakhand,Dehradun,Data Breach,Critical,IT,4810364,23422,Organization,Investigating
CR05074,13-03-2024,Mizoram,Aizawl,Malware,Medium,IT,4523048,16052,News,Resolved
CR05075,06-03-2024,Gujarat,Ahmedabad,Online Fraud,High,Personal,1055791,37795,User Report,Open
CR05076,09-07-2026,Odisha,Bhubaneswar,Identity Theft,Low,Healthcare,1321354,43174,User Report,Resolved
CR05077,18-12-2025,Goa,Panaji,Data Breach,Medium,Corporate,4079693,29674,News,Open
CR05078,09-01-2024,Punjab,Chandigarh,Malware,Critical,Banking,165483,44410,Organization,Resolved
CR05079,07-07-2025,Punjab,Chandigarh,Identity Theft,Critical,Corporate,376439,11933,Organization,Resolved
CR05080,14-03-2025,Madhya Pradesh,Indore,Online Fraud,High,Education,3751822,49440,News,Investigating
CR05081,29-07-2025,Sikkim,Gangtok,Online Fraud,Critical,Banking,2480011,37841,Organization,Investigating
CR05082,27-02-2025,Uttarakhand,Haridwar,Online Fraud,High,Education,3361528,10143,User Report,Investigating
CR05083,15-01-2026,West Bengal,Kolkata,Data Breach,High,E-commerce,4935290,49017,News,Resolved
CR05084,04-07-2025,Maharashtra,Mumbai,DDoS,Low,Banking,317488,3221,User Report,Open
CR05085,23-08-2025,Delhi,New Delhi,Ransomware,Low,Personal,37549,32097,Organization,Resolved
CR05086,31-03-2025,Karnataka,Mangaluru,Phishing,Medium,Banking,720590,10994,User Report,Investigating
CR05087,13-09-2025,Tamil Nadu,Chennai,Phishing,Low,Corporate,1277219,40203,Organization,Open
CR05088,21-09-2024,Gujarat,Vadodara,Malware,High,Banking,2220455,11678,News,Resolved
CR05089,12-03-2026,Uttarakhand,Dehradun,Data Breach,Medium,Personal,3885359,70,News,Investigating
CR05090,16-01-2024,Himachal Pradesh,Shimla,Online Fraud,Medium,Healthcare,2859917,18507,Organization,Open
CR05091,25-11-2024,Andaman and Nicobar Islands,Port Blair,Online Fraud,Low,Education,4306028,40381,News,Resolved
CR05092,15-02-2025,Karnataka,Mysuru,Malware,High,Healthcare,764265,6024,User Report,Investigating
CR05093,24-11-2024,West Bengal,Kolkata,Malware,High,Banking,3856896,8007,News,Resolved
CR05094,11-12-2025,Mizoram,Aizawl,Online Fraud,Critical,Corporate,2685511,41141,User Report,Open
CR05095,29-02-2024,Odisha,Cuttack,DDoS,Low,Personal,4742860,20258,Organization,Resolved
CR05096,11-02-2024,Karnataka,Mangaluru,Online Fraud,Critical,Corporate,29374,11002,CERT-In,Investigating
CR05097,27-06-2026,Manipur,Imphal,Online Fraud,Medium,Government,3714398,19320,CERT-In,Resolved
CR05098,28-11-2025,Uttar Pradesh,Noida,Identity Theft,Low,Healthcare,4127137,49413,News,Investigating
CR05099,11-01-2024,Uttarakhand,Dehradun,Phishing,Medium,Banking,1243756,35175,Organization,Investigating
CR05100,20-08-2024,Jammu and Kashmir,Jammu,Data Breach,High,Healthcare,2637234,8381,CERT-In,Resolved
CR05101,02-06-2025,Telangana,Warangal,Data Breach,Critical,IT,3278266,46299,News,Investigating
CR05102,02-03-2025,Sikkim,Gangtok,Online Fraud,Critical,E-commerce,1148245,49846,CERT-In,Investigating
CR05103,29-07-2024,Sikkim,Gangtok,Ransomware,High,Banking,2923086,26765,CERT-In,Resolved
CR05104,02-01-2025,Kerala,Thiruvananthapuram,DDoS,High,Personal,2591179,18550,Organization,Open
CR05105,07-04-2026,Uttarakhand,Haridwar,Phishing,High,IT,2498750,10415,User Report,Open
CR05106,14-08-2025,Chhattisgarh,Raipur,Ransomware,Medium,Banking,1127898,9959,CERT-In,Resolved
CR05107,25-07-2025,Sikkim,Gangtok,Malware,Low,Banking,1408247,37470,News,Open
CR05108,24-01-2026,Haryana,Gurugram,Data Breach,Medium,Corporate,2905438,15621,Organization,Open
CR05109,26-04-2024,Delhi,New Delhi,Malware,Critical,IT,2860762,9745,Organization,Open
CR05110,08-05-2025,West Bengal,Durgapur,Malware,High,Education,433603,4499,News,Investigating
CR05111,08-05-2026,Telangana,Hyderabad,Online Fraud,High,Corporate,1965036,16916,CERT-In,Open
CR05112,03-06-2025,Maharashtra,Mumbai,Phishing,Critical,Healthcare,3249587,33688,Organization,Investigating
CR05113,04-06-2026,Telangana,Hyderabad,DDoS,Low,Government,860898,39920,CERT-In,Resolved
CR05114,04-08-2025,Goa,Panaji,Ransomware,Medium,Education,2827940,11425,News,Open
CR05115,22-03-2025,Nagaland,Kohima,Identity Theft,Medium,Government,4841113,23703,News,Resolved
CR05116,23-02-2024,Assam,Dibrugarh,Identity Theft,Medium,IT,4081036,4509,News,Resolved
CR05117,02-06-2025,Goa,Margao,Phishing,Low,Corporate,4389518,262,CERT-In,Investigating
CR05118,23-08-2024,Manipur,Imphal,Data Breach,Low,E-commerce,1717811,15660,CERT-In,Open
CR05119,17-07-2024,Bihar,Patna,Identity Theft,Critical,Personal,4449973,28888,User Report,Open
CR05120,17-10-2025,Telangana,Hyderabad,Malware,Low,E-commerce,2435962,16157,CERT-In,Resolved
CR05121,10-04-2025,Andaman and Nicobar Islands,Port Blair,Malware,Critical,E-commerce,3729211,11926,News,Open
CR05122,09-12-2025,Karnataka,Bengaluru,Malware,High,Healthcare,1997104,10906,News,Investigating
CR05123,19-04-2024,Maharashtra,Mumbai,Data Breach,Medium,IT,4030218,33356,Organization,Investigating
CR05124,04-03-2025,Kerala,Kozhikode,Online Fraud,Critical,Banking,2856687,26770,CERT-In,Open
CR05125,07-01-2024,West Bengal,Siliguri,DDoS,Critical,Corporate,416735,11441,News,Resolved
CR05126,06-09-2025,Kerala,Kochi,DDoS,High,Education,2561004,47484,Organization,Open
CR05127,17-05-2025,Uttarakhand,Dehradun,DDoS,Critical,IT,1346056,26213,CERT-In,Open
CR05128,23-03-2026,Maharashtra,Pune,Ransomware,Critical,Personal,226572,7709,CERT-In,Investigating
CR05129,30-09-2024,Manipur,Imphal,Online Fraud,Critical,Healthcare,4733991,22389,CERT-In,Investigating
CR05130,04-05-2025,Telangana,Hyderabad,Ransomware,High,Banking,2316570,2068,Organization,Open
CR05131,29-05-2026,Lakshadweep,Kavaratti,Phishing,High,Personal,2488280,13675,CERT-In,Resolved
CR05132,06-03-2025,Kerala,Thiruvananthapuram,DDoS,Critical,Healthcare,4276334,49035,CERT-In,Open
CR05133,13-10-2025,Haryana,Gurugram,Ransomware,Medium,Banking,1902602,13577,News,Resolved
CR05134,10-01-2025,Goa,Margao,Online Fraud,Low,Government,4580094,44954,News,Investigating
CR05135,27-03-2025,Himachal Pradesh,Shimla,Phishing,Low,Banking,2895031,45627,CERT-In,Resolved
CR05136,12-09-2025,Kerala,Kochi,DDoS,Critical,Healthcare,455085,6359,User Report,Resolved
CR05137,24-01-2025,Uttar Pradesh,Varanasi,Data Breach,Medium,IT,662825,7185,CERT-In,Open
CR05138,31-01-2024,Tamil Nadu,Chennai,Online Fraud,Medium,Healthcare,1136416,21547,Organization,Investigating
CR05139,30-06-2024,Uttarakhand,Haridwar,Phishing,High,Education,2395024,34305,News,Open
CR05140,18-06-2026,Jammu and Kashmir,Srinagar,Online Fraud,Critical,IT,4183187,20633,User Report,Resolved
CR05141,13-07-2025,Odisha,Bhubaneswar,Ransomware,Critical,E-commerce,4431028,46147,User Report,Open
CR05142,19-03-2025,Arunachal Pradesh,Itanagar,Identity Theft,Medium,E-commerce,1054389,18205,User Report,Open
CR05143,26-06-2026,Tamil Nadu,Coimbatore,Data Breach,High,E-commerce,607152,6211,News,Investigating
CR05144,25-08-2024,Chandigarh,Chandigarh,Data Breach,Medium,Corporate,2861294,44500,Organization,Investigating
CR05145,05-03-2026,Odisha,Bhubaneswar,Malware,High,E-commerce,1374261,2779,Organization,Open
CR05146,16-02-2026,Bihar,Patna,Phishing,Critical,Government,4817997,12037,User Report,Open
CR05147,13-07-2025,Delhi,New Delhi,Ransomware,Medium,Banking,3580291,46222,CERT-In,Resolved
CR05148,13-04-2024,Andhra Pradesh,Vijayawada,Online Fraud,High,E-commerce,2527400,27945,News,Resolved
CR05149,28-12-2024,Meghalaya,Shillong,Malware,Low,IT,334539,47502,CERT-In,Resolved
CR05150,15-06-2024,Chhattisgarh,Raipur,Phishing,Low,Corporate,2918639,44685,CERT-In,Investigating
CR05151,03-05-2025,Meghalaya,Shillong,Identity Theft,Critical,Banking,2565434,13353,Organization,Investigating
CR05152,17-10-2025,Haryana,Panipat,Identity Theft,Medium,Personal,2171662,29073,CERT-In,Resolved
CR05153,02-04-2025,Manipur,Imphal,Ransomware,Medium,Government,1091040,1917,Organization,Open
CR05154,27-10-2025,Telangana,Warangal,DDoS,High,Education,1297027,3933,User Report,Investigating
CR05155,06-03-2024,Assam,Guwahati,Online Fraud,Medium,E-commerce,1214639,8481,User Report,Resolved
CR05156,09-12-2024,Jammu and Kashmir,Jammu,Malware,Low,Government,3677589,38807,News,Open
CR05157,29-06-2024,Uttarakhand,Haridwar,Malware,Critical,Personal,254295,35369,Organization,Open
CR05158,28-10-2024,Himachal Pradesh,Shimla,Malware,Low,E-commerce,4104584,20961,News,Open
CR05159,03-12-2024,Assam,Dibrugarh,Identity Theft,Low,Education,3600681,16884,CERT-In,Resolved
CR05160,18-03-2024,Himachal Pradesh,Shimla,Malware,Low,IT,687065,28518,User Report,Investigating
CR05161,10-05-2026,Assam,Guwahati,Identity Theft,Medium,Healthcare,159716,7563,User Report,Resolved
CR05162,13-06-2025,Ladakh,Leh,Malware,Critical,Corporate,4898638,14694,User Report,Open
CR05163,23-05-2026,Chhattisgarh,Bilaspur,Ransomware,Critical,Government,4165811,5881,CERT-In,Investigating
CR05164,28-06-2025,Uttarakhand,Haridwar,Online Fraud,Medium,Education,481100,19951,User Report,Investigating
CR05165,09-01-2025,Maharashtra,Nagpur,Malware,Critical,IT,4871122,14820,News,Resolved
CR05166,19-05-2024,Meghalaya,Shillong,DDoS,Low,Corporate,1147778,20360,Organization,Open
CR05167,28-07-2024,Telangana,Warangal,Malware,Medium,Education,479037,44497,User Report,Investigating
CR05168,22-03-2024,Chhattisgarh,Raipur,Data Breach,Critical,Education,452872,48797,Organization,Open
CR05169,04-12-2025,Himachal Pradesh,Dharamshala,Identity Theft,High,Corporate,2802518,21558,News,Resolved
CR05170,05-09-2024,Manipur,Imphal,Phishing,Critical,Banking,396395,13495,User Report,Open
CR05171,11-10-2025,Odisha,Bhubaneswar,DDoS,Critical,Banking,4408238,18235,User Report,Resolved
CR05172,11-07-2025,Mizoram,Aizawl,Data Breach,Low,Corporate,1097798,33035,Organization,Investigating
CR05173,28-06-2025,Chhattisgarh,Bilaspur,Phishing,Low,Corporate,4679915,32561,Organization,Open
CR05174,01-06-2026,Himachal Pradesh,Dharamshala,Malware,High,E-commerce,3739574,25074,Organization,Investigating
CR05175,13-04-2025,Gujarat,Rajkot,Malware,Critical,Healthcare,2775611,21624,News,Resolved
CR05176,22-04-2026,Chandigarh,Chandigarh,Malware,Low,Education,4603766,9155,User Report,Open
CR05177,25-03-2026,Jharkhand,Ranchi,Identity Theft,Low,Education,173708,6415,User Report,Resolved
CR05178,31-07-2024,West Bengal,Kolkata,Data Breach,High,IT,412941,1270,News,Investigating
CR05179,12-03-2026,Jammu and Kashmir,Jammu,Phishing,Critical,Education,4562860,46345,News,Open
CR05180,16-01-2026,Rajasthan,Udaipur,Malware,Critical,IT,1659772,8504,User Report,Open
CR05181,14-09-2025,Madhya Pradesh,Bhopal,Phishing,Medium,IT,477289,26268,News,Investigating
CR05182,24-07-2026,Odisha,Cuttack,Identity Theft,Low,Government,4175403,9336,CERT-In,Open
CR05183,25-02-2025,Uttar Pradesh,Noida,Data Breach,Medium,Corporate,3967680,43110,News,Open
CR05184,11-12-2024,Sikkim,Gangtok,Data Breach,Critical,IT,4230684,11646,User Report,Investigating
CR05185,11-01-2025,Haryana,Gurugram,Phishing,Medium,Healthcare,4344053,1415,News,Open
CR05186,24-06-2025,Dadra and Nagar Haveli and Daman and Diu,Daman,DDoS,Critical,IT,2167928,18347,CERT-In,Investigating
CR05187,02-01-2026,Haryana,Gurugram,Malware,High,IT,2172174,23993,CERT-In,Investigating
CR05188,16-07-2024,Gujarat,Rajkot,Online Fraud,High,Healthcare,4299163,12502,News,Open
CR05189,03-07-2026,Odisha,Bhubaneswar,Identity Theft,Critical,Banking,12846,38232,CERT-In,Investigating
CR05190,01-05-2026,Gujarat,Rajkot,DDoS,Low,Government,4336718,36072,User Report,Investigating
CR05191,01-07-2024,Nagaland,Dimapur,Malware,Low,Education,2779689,42097,News,Investigating
CR05192,17-12-2025,Goa,Margao,Ransomware,Medium,IT,4676804,28414,CERT-In,Investigating
CR05193,11-02-2024,Puducherry,Puducherry,DDoS,High,E-commerce,4066878,16116,CERT-In,Resolved
CR05194,22-03-2025,Tamil Nadu,Chennai,Ransomware,Critical,Banking,3659373,11424,Organization,Open
CR05195,20-02-2024,Punjab,Ludhiana,Identity Theft,Critical,Banking,2335783,36324,User Report,Resolved
CR05196,11-01-2025,Telangana,Warangal,DDoS,Low,Education,2412269,20654,Organization,Investigating
CR05197,26-12-2024,Karnataka,Mysuru,Ransomware,Critical,Education,2576650,33029,User Report,Resolved
CR05198,16-02-2024,Assam,Dibrugarh,Online Fraud,High,E-commerce,1693271,10282,News,Open
CR05199,17-04-2024,Chhattisgarh,Raipur,Malware,Critical,Banking,1080997,14899,User Report,Open
CR05200,02-01-2024,Delhi,New Delhi,Malware,Low,IT,3113529,12758,News,Investigating
CR05201,27-01-2026,Haryana,Gurugram,Data Breach,Medium,Government,1518156,12194,CERT-In,Resolved
CR05202,18-05-2025,Maharashtra,Nagpur,Data Breach,High,Personal,3940469,7631,News,Open
CR05203,11-03-2025,Gujarat,Rajkot,Identity Theft,High,Education,2101648,21616,Organization,Open
CR05204,08-11-2025,Gujarat,Ahmedabad,Data Breach,Low,E-commerce,1601216,32370,CERT-In,Open
CR05205,15-02-2025,Telangana,Hyderabad,DDoS,Low,Education,2398362,27388,CERT-In,Open
CR05206,11-02-2024,West Bengal,Kolkata,DDoS,Critical,Personal,3371073,23480,CERT-In,Open
CR05207,18-10-2024,Rajasthan,Jaipur,Ransomware,Low,Banking,4336927,14636,Organization,Investigating
CR05208,21-06-2024,Uttarakhand,Haridwar,Ransomware,High,Government,727475,4129,User Report,Resolved
CR05209,01-06-2024,Telangana,Warangal,Data Breach,High,Corporate,4791509,20167,User Report,Investigating
CR05210,09-09-2025,Assam,Guwahati,Identity Theft,Medium,Corporate,59983,20973,User Report,Resolved
CR05211,16-01-2025,Andaman and Nicobar Islands,Port Blair,Phishing,Critical,Personal,3269710,14525,User Report,Open
CR05212,30-06-2026,Tripura,Agartala,Ransomware,High,Government,4219136,32891,News,Open
CR05213,13-08-2024,Ladakh,Leh,Data Breach,Medium,Banking,288119,32747,User Report,Resolved
CR05214,18-05-2024,Odisha,Cuttack,Ransomware,Medium,Healthcare,1174685,29274,News,Resolved
CR05215,08-05-2026,Gujarat,Rajkot,Ransomware,High,Corporate,2854526,7163,CERT-In,Resolved
CR05216,09-12-2024,Karnataka,Bengaluru,Malware,Medium,Personal,4608970,29570,Organization,Open
CR05217,27-07-2026,Jharkhand,Jamshedpur,Online Fraud,Critical,Personal,4193192,3771,User Report,Investigating
CR05218,22-08-2024,Ladakh,Leh,DDoS,Low,E-commerce,3705930,49448,Organization,Investigating
CR05219,12-07-2024,Puducherry,Puducherry,Malware,Critical,Education,3537161,1613,Organization,Investigating
CR05220,27-04-2026,Assam,Silchar,DDoS,Low,Personal,729600,31396,CERT-In,Open
CR05221,02-06-2026,Mizoram,Aizawl,DDoS,Critical,Government,4618492,24294,News,Resolved
CR05222,13-05-2024,Lakshadweep,Kavaratti,Phishing,Critical,IT,1496967,40757,User Report,Investigating
CR05223,02-07-2026,Haryana,Panipat,Online Fraud,Low,E-commerce,2048857,27384,Organization,Open
CR05224,07-04-2026,Delhi,New Delhi,Ransomware,Critical,Education,864739,18964,News,Resolved
CR05225,19-01-2025,Sikkim,Gangtok,Ransomware,High,IT,4483403,6868,User Report,Resolved
CR05226,29-08-2025,Lakshadweep,Kavaratti,Malware,Low,Education,4526572,40562,User Report,Open
CR05227,07-07-2024,Tripura,Agartala,Online Fraud,Low,E-commerce,1911405,9189,Organization,Open
CR05228,23-10-2024,Arunachal Pradesh,Itanagar,Ransomware,Critical,Education,488337,11487,CERT-In,Resolved
CR05229,12-04-2025,Manipur,Imphal,Malware,Medium,Banking,4151305,25137,User Report,Investigating
CR05230,11-05-2025,Gujarat,Ahmedabad,Ransomware,Low,IT,1778886,25776,Organization,Resolved
CR05231,15-07-2026,Gujarat,Surat,Online Fraud,High,Education,4578227,45663,News,Open
CR05232,08-04-2026,Arunachal Pradesh,Naharlagun,Malware,Medium,E-commerce,2376215,34523,Organization,Investigating
CR05233,25-08-2025,Ladakh,Leh,Malware,Medium,IT,3239519,12040,User Report,Resolved
CR05234,18-11-2024,West Bengal,Siliguri,Ransomware,Medium,Education,527265,20620,News,Open
CR05235,04-01-2026,Karnataka,Mangaluru,Online Fraud,Critical,E-commerce,1422937,9721,Organization,Investigating
CR05236,26-07-2026,Arunachal Pradesh,Itanagar,Phishing,Low,E-commerce,3230093,6517,CERT-In,Open
CR05237,30-01-2025,Andaman and Nicobar Islands,Port Blair,Malware,High,Corporate,3411018,44965,News,Investigating
CR05238,18-05-2026,Dadra and Nagar Haveli and Daman and Diu,Silvassa,Malware,Critical,Education,1341483,28214,News,Resolved
CR05239,11-05-2024,Chandigarh,Chandigarh,Identity Theft,Low,IT,185072,45751,News,Open
CR05240,16-06-2025,Ladakh,Leh,Data Breach,Low,IT,3391815,36456,News,Resolved
CR05241,02-04-2026,Jharkhand,Jamshedpur,DDoS,High,Corporate,3052749,7525,CERT-In,Open
CR05242,28-01-2026,Assam,Silchar,Malware,Low,E-commerce,2517261,21795,Organization,Investigating
CR05243,13-04-2026,Gujarat,Surat,Phishing,Low,Personal,3361919,14189,CERT-In,Investigating
CR05244,14-01-2025,Chhattisgarh,Raipur,Online Fraud,High,Government,1627227,46539,CERT-In,Resolved
CR05245,23-12-2025,Mizoram,Aizawl,Phishing,Critical,Healthcare,3119808,39079,User Report,Open
CR05246,15-03-2025,Puducherry,Puducherry,Ransomware,Medium,Education,716326,24164,News,Resolved
CR05247,20-10-2025,Uttar Pradesh,Kanpur,Malware,High,Education,3133642,3897,Organization,Resolved
CR05248,01-06-2026,Karnataka,Mangaluru,Malware,Medium,Personal,861111,26658,News,Open
CR05249,03-08-2024,Telangana,Hyderabad,DDoS,Medium,IT,1233210,29974,CERT-In,Resolved
CR05250,13-01-2026,Chandigarh,Chandigarh,Ransomware,Critical,Government,590715,16517,Organization,Open
CR05251,03-12-2024,Madhya Pradesh,Indore,Malware,Low,E-commerce,1304795,41674,User Report,Resolved
CR05252,08-12-2025,Assam,Silchar,Online Fraud,Critical,IT,587203,14095,Organization,Investigating
CR05253,08-07-2025,Himachal Pradesh,Dharamshala,Online Fraud,Medium,Corporate,4969093,46982,User Report,Resolved
CR05254,29-07-2025,Bihar,Patna,Ransomware,High,Government,515603,5409,Organization,Resolved
CR05255,05-06-2025,Gujarat,Ahmedabad,Identity Theft,Critical,Education,509571,11343,CERT-In,Resolved
CR05256,25-09-2025,Odisha,Bhubaneswar,Identity Theft,Critical,Banking,2276871,45577,User Report,Resolved
CR05257,08-09-2025,Tamil Nadu,Madurai,DDoS,Low,Corporate,4511198,33751,Organization,Open
CR05258,26-08-2024,Jammu and Kashmir,Jammu,Malware,Critical,Banking,1151953,30490,User Report,Resolved
CR05259,08-01-2024,Punjab,Ludhiana,Phishing,Medium,Corporate,1541946,25005,User Report,Resolved
CR05260,26-11-2025,Dadra and Nagar Haveli and Daman and Diu,Silvassa,Data Breach,Medium,Education,1218031,3568,User Report,Investigating
CR05261,03-06-2026,Tamil Nadu,Madurai,Malware,Medium,Banking,1808292,47264,Organization,Investigating
CR05262,23-03-2025,Haryana,Gurugram,Data Breach,Critical,Banking,1837133,18012,Organization,Open
CR05263,27-02-2024,Kerala,Thiruvananthapuram,Malware,Critical,Corporate,294642,8092,CERT-In,Investigating
CR05264,16-12-2024,Ladakh,Leh,Data Breach,Critical,Personal,4562895,18183,News,Investigating
CR05265,30-07-2025,Ladakh,Leh,Identity Theft,High,Education,1712370,33232,News,Investigating
CR05266,28-02-2025,Assam,Silchar,DDoS,Critical,Personal,743202,36808,CERT-In,Investigating
CR05267,21-07-2024,Nagaland,Kohima,Ransomware,Critical,IT,3062750,45032,User Report,Open
CR05268,22-12-2024,Delhi,New Delhi,Online Fraud,Medium,Education,1803189,30229,User Report,Investigating
CR05269,20-03-2026,Uttarakhand,Haridwar,Identity Theft,Medium,Healthcare,3292350,31882,CERT-In,Resolved
CR05270,04-01-2025,Haryana,Panipat,Online Fraud,High,Personal,1548777,2236,News,Resolved
CR05271,08-04-2024,West Bengal,Durgapur,Malware,High,Government,3633845,30775,CERT-In,Resolved
CR05272,02-06-2025,Chhattisgarh,Raipur,Malware,Critical,Healthcare,1698205,42388,Organization,Investigating
CR05273,04-03-2025,Andhra Pradesh,Vijayawada,Malware,Low,IT,2206986,40607,CERT-In,Resolved
CR05274,04-05-2024,Ladakh,Leh,Identity Theft,Critical,Banking,3177153,12133,CERT-In,Resolved
CR05275,20-04-2024,Punjab,Chandigarh,Online Fraud,Critical,Government,2743902,16110,Organization,Open
CR05276,04-05-2025,Uttarakhand,Dehradun,Online Fraud,Medium,Healthcare,883070,10076,User Report,Resolved
CR05277,04-05-2024,Haryana,Gurugram,Malware,Low,Government,2430818,45662,Organization,Investigating
CR05278,07-01-2024,Chhattisgarh,Raipur,Online Fraud,Medium,Banking,3331797,7372,Organization,Open
CR05279,14-01-2026,Odisha,Cuttack,Ransomware,Medium,Banking,3638861,20593,User Report,Investigating
CR05280,21-03-2024,Delhi,New Delhi,Identity Theft,High,E-commerce,3841165,43884,CERT-In,Resolved
CR05281,12-07-2025,Madhya Pradesh,Indore,Identity Theft,Low,Healthcare,315106,23317,News,Open
CR05282,05-07-2026,Andhra Pradesh,Vijayawada,Malware,Low,Healthcare,351159,26809,CERT-In,Investigating
CR05283,02-09-2024,Madhya Pradesh,Bhopal,Phishing,Low,Government,3733262,6078,User Report,Investigating
CR05284,24-11-2024,Tripura,Agartala,DDoS,Low,Corporate,3668988,18418,User Report,Open
CR05285,03-06-2026,Uttar Pradesh,Lucknow,Phishing,High,Government,937191,13844,Organization,Open
CR05286,19-10-2025,Gujarat,Ahmedabad,Ransomware,High,Education,4987189,40280,User Report,Resolved
CR05287,22-10-2024,Maharashtra,Mumbai,Ransomware,Low,Government,2198188,34072,News,Open
CR05288,09-06-2025,Rajasthan,Jodhpur,Identity Theft,High,Personal,1791931,24795,User Report,Open
CR05289,15-06-2025,Tamil Nadu,Chennai,Data Breach,Low,E-commerce,2508757,12113,CERT-In,Resolved
CR05290,13-07-2026,Tamil Nadu,Madurai,Data Breach,High,Corporate,2954802,15797,Organization,Open
CR05291,16-07-2025,Uttarakhand,Haridwar,DDoS,High,Personal,4546716,37770,CERT-In,Open
CR05292,05-09-2025,Nagaland,Dimapur,Identity Theft,Medium,Banking,3334317,38216,News,Open
CR05293,22-06-2026,West Bengal,Durgapur,DDoS,High,Corporate,845812,34546,User Report,Resolved
CR05294,04-09-2025,Dadra and Nagar Haveli and Daman and Diu,Silvassa,Identity Theft,Medium,E-commerce,1945161,1520,User Report,Investigating
CR05295,12-02-2026,Dadra and Nagar Haveli and Daman and Diu,Daman,DDoS,High,Personal,3744748,45273,User Report,Open
CR05296,28-07-2024,Haryana,Gurugram,Data Breach,High,IT,2867366,40373,User Report,Resolved
CR05297,06-06-2025,Madhya Pradesh,Indore,Ransomware,Medium,Banking,1965105,38859,Organization,Investigating
CR05298,22-05-2025,Karnataka,Mangaluru,Identity Theft,Low,Personal,3932439,9332,CERT-In,Investigating
CR05299,10-11-2025,Madhya Pradesh,Gwalior,Phishing,Critical,Education,4913810,34469,CERT-In,Resolved
CR05300,12-04-2026,Dadra and Nagar Haveli and Daman and Diu,Daman,Phishing,High,Banking,3853324,14743,News,Investigating
CR05301,01-07-2026,Karnataka,Mangaluru,Ransomware,Medium,Education,2358248,15903,News,Open
CR05302,28-04-2024,Manipur,Imphal,Malware,High,IT,3887363,30520,CERT-In,Resolved
CR05303,05-04-2024,Chhattisgarh,Bilaspur,Ransomware,Medium,IT,944188,22382,Organization,Investigating
CR05304,29-12-2024,Meghalaya,Shillong,Ransomware,Critical,Education,1961624,32596,Organization,Investigating
CR05305,04-07-2024,Dadra and Nagar Haveli and Daman and Diu,Daman,Data Breach,Medium,Corporate,655379,37167,CERT-In,Resolved
CR05306,26-03-2026,Madhya Pradesh,Bhopal,DDoS,Medium,IT,2183462,2841,CERT-In,Resolved
CR05307,24-12-2024,Rajasthan,Jodhpur,Online Fraud,High,Government,3915943,43644,User Report,Resolved
CR05308,08-05-2024,Karnataka,Mangaluru,Phishing,Medium,E-commerce,3956203,18638,News,Open
CR05309,26-09-2025,Dadra and Nagar Haveli and Daman and Diu,Silvassa,Data Breach,High,Corporate,2326577,42475,User Report,Resolved
CR05310,12-01-2025,Punjab,Amritsar,Identity Theft,Critical,Banking,571346,12734,News,Investigating
CR05311,17-02-2024,Andaman and Nicobar Islands,Port Blair,Ransomware,Critical,Healthcare,2632898,45460,User Report,Open
CR05312,20-06-2024,Gujarat,Surat,Identity Theft,High,Education,1990304,48727,News,Investigating
CR05313,13-07-2024,Andaman and Nicobar Islands,Port Blair,Data Breach,Critical,Healthcare,2240186,22397,News,Resolved
CR05314,06-09-2025,Himachal Pradesh,Shimla,Ransomware,High,IT,2389952,4099,User Report,Open
CR05315,13-06-2026,Gujarat,Surat,Identity Theft,Medium,E-commerce,4845939,48502,User Report,Resolved
CR05316,30-07-2025,Arunachal Pradesh,Naharlagun,Data Breach,Low,Healthcare,1477247,24888,CERT-In,Resolved
CR05317,02-03-2024,Tripura,Agartala,Identity Theft,Medium,IT,3000208,15239,User Report,Open
CR05318,21-06-2026,Uttar Pradesh,Noida,Online Fraud,Critical,Education,3674875,34261,User Report,Open
CR05319,08-02-2026,Meghalaya,Shillong,Malware,High,IT,1949123,12653,User Report,Resolved
CR05320,02-07-2024,Kerala,Thiruvananthapuram,Ransomware,Low,Personal,4519987,18237,News,Investigating
CR05321,13-11-2024,Kerala,Kochi,Data Breach,Low,Corporate,3056174,27979,CERT-In,Investigating
CR05322,26-06-2025,Madhya Pradesh,Gwalior,Phishing,Critical,Healthcare,1071353,15711,User Report,Investigating
CR05323,11-08-2024,Madhya Pradesh,Gwalior,Data Breach,Medium,Banking,3956273,40819,User Report,Resolved
CR05324,01-01-2025,Dadra and Nagar Haveli and Daman and Diu,Daman,DDoS,High,Education,2279865,26162,CERT-In,Resolved
CR05325,23-10-2024,Kerala,Thiruvananthapuram,Ransomware,Low,E-commerce,2439903,1303,Organization,Open
CR05326,21-02-2026,Assam,Silchar,Ransomware,Medium,Healthcare,1781483,4526,User Report,Resolved
CR05327,21-06-2024,Chandigarh,Chandigarh,Malware,High,Healthcare,2056332,22500,CERT-In,Open
CR05328,16-12-2025,Chhattisgarh,Bilaspur,Online Fraud,Critical,E-commerce,1159929,3630,CERT-In,Resolved
CR05329,12-05-2026,Uttarakhand,Haridwar,Data Breach,High,E-commerce,3716739,48009,CERT-In,Resolved
CR05330,05-02-2026,Arunachal Pradesh,Naharlagun,Ransomware,High,Personal,2824370,13136,User Report,Resolved
CR05331,28-09-2025,Uttar Pradesh,Kanpur,Malware,Medium,E-commerce,1217900,702,User Report,Resolved
CR05332,25-12-2025,Dadra and Nagar Haveli and Daman and Diu,Silvassa,Identity Theft,Medium,Government,4632393,19640,User Report,Open
CR05333,07-01-2026,Uttarakhand,Dehradun,Online Fraud,High,IT,4636098,11763,Organization,Investigating
CR05334,04-08-2024,Jharkhand,Jamshedpur,Malware,Medium,Personal,3436576,46837,User Report,Investigating
CR05335,10-12-2024,West Bengal,Kolkata,Malware,Low,Education,646855,26160,Organization,Resolved
CR05336,26-02-2026,Manipur,Imphal,Phishing,Medium,Corporate,2738316,22133,User Report,Resolved
CR05337,11-10-2024,Bihar,Muzaffarpur,Online Fraud,Medium,Government,3724296,8601,News,Resolved
CR05338,25-01-2026,Chandigarh,Chandigarh,Phishing,High,Government,309324,4046,User Report,Resolved
CR05339,03-08-2024,Goa,Panaji,Phishing,High,Banking,2513987,25802,User Report,Investigating
CR05340,10-01-2025,West Bengal,Siliguri,Online Fraud,High,Corporate,3439692,39887,News,Investigating
CR05341,21-07-2026,Lakshadweep,Kavaratti,Online Fraud,High,Government,4789579,30008,Organization,Investigating
CR05342,21-04-2026,Gujarat,Rajkot,Online Fraud,Medium,IT,155532,43870,User Report,Open
CR05343,06-10-2025,Punjab,Amritsar,Phishing,Medium,Corporate,4419375,8942,User Report,Open
CR05344,28-04-2024,Meghalaya,Shillong,Phishing,Low,Government,1190470,8569,CERT-In,Resolved
CR05345,25-05-2025,Karnataka,Bengaluru,Phishing,High,Corporate,3492598,21887,News,Resolved
CR05346,25-05-2026,Lakshadweep,Kavaratti,Data Breach,Low,Healthcare,1946202,47298,CERT-In,Resolved
CR05347,21-06-2024,Jammu and Kashmir,Srinagar,Data Breach,Critical,Education,342188,43972,News,Resolved
CR05348,01-01-2025,Assam,Dibrugarh,Identity Theft,High,Personal,2821385,31991,CERT-In,Investigating
CR05349,17-07-2026,Mizoram,Aizawl,Online Fraud,Critical,Healthcare,986179,30049,News,Resolved
CR05350,09-11-2025,Nagaland,Dimapur,Malware,High,Education,4535729,26654,CERT-In,Resolved
CR05351,04-03-2025,West Bengal,Siliguri,Identity Theft,Medium,IT,738687,5976,CERT-In,Open
CR05352,07-12-2025,Dadra and Nagar Haveli and Daman and Diu,Silvassa,Identity Theft,Medium,IT,2527265,23570,Organization,Resolved
CR05353,18-12-2024,Odisha,Bhubaneswar,Online Fraud,Critical,Banking,3145204,31697,Organization,Resolved
CR05354,07-09-2024,Mizoram,Aizawl,DDoS,Medium,Banking,4103591,23755,User Report,Open
CR05355,30-03-2024,Andaman and Nicobar Islands,Port Blair,Data Breach,Critical,Education,2093701,40599,News,Resolved
CR05356,26-07-2025,Chandigarh,Chandigarh,Malware,Low,IT,2517751,1757,News,Resolved
CR05357,07-12-2025,Goa,Panaji,DDoS,Low,Healthcare,3799844,17035,News,Resolved
CR05358,28-05-2025,Karnataka,Mangaluru,Phishing,Critical,Corporate,4337417,9562,CERT-In,Open
CR05359,18-06-2025,Goa,Margao,Ransomware,High,E-commerce,4899697,37659,News,Investigating
CR05360,22-03-2026,Karnataka,Mangaluru,Data Breach,Critical,Education,3905531,9218,Organization,Resolved
CR05361,01-04-2026,Jammu and Kashmir,Jammu,Data Breach,Critical,IT,693828,48701,User Report,Resolved
CR05362,03-06-2024,Jharkhand,Jamshedpur,Phishing,Critical,Healthcare,3556167,10295,Organization,Investigating
CR05363,14-03-2025,Sikkim,Gangtok,Phishing,Critical,Government,4710309,10509,CERT-In,Open
CR05364,08-02-2024,Uttar Pradesh,Kanpur,Identity Theft,Critical,Banking,1161301,46977,News,Investigating
CR05365,06-02-2026,Assam,Dibrugarh,Malware,Low,Education,1434357,1039,CERT-In,Open
CR05366,01-01-2025,Uttarakhand,Haridwar,Ransomware,Low,Personal,2817933,6931,Organization,Resolved
CR05367,19-02-2026,Gujarat,Ahmedabad,Ransomware,Medium,Corporate,1814583,22214,News,Investigating
CR05368,20-07-2025,Puducherry,Puducherry,DDoS,Low,Education,2973556,44710,News,Resolved
CR05369,17-12-2024,Chandigarh,Chandigarh,Malware,Critical,Personal,2144643,41598,User Report,Investigating
CR05370,13-03-2026,Puducherry,Puducherry,Ransomware,Critical,Education,877643,43706,Organization,Open
CR05371,11-04-2024,Sikkim,Gangtok,Data Breach,High,Personal,564818,20889,User Report,Resolved
CR05372,10-06-2025,Bihar,Muzaffarpur,Data Breach,High,Healthcare,3180942,32943,CERT-In,Resolved
CR05373,16-05-2026,Punjab,Chandigarh,Malware,Low,E-commerce,560780,32130,User Report,Open
CR05374,29-07-2024,Karnataka,Mangaluru,Ransomware,High,Corporate,3100882,48385,CERT-In,Resolved
CR05375,22-01-2025,Delhi,New Delhi,Data Breach,Critical,IT,4166864,25864,User Report,Open
CR05376,03-12-2025,Ladakh,Leh,Identity Theft,Medium,E-commerce,3377571,48614,User Report,Open
CR05377,14-04-2025,Chhattisgarh,Bilaspur,Identity Theft,Medium,IT,4677199,6483,News,Open
CR05378,31-01-2024,Bihar,Gaya,Online Fraud,Critical,Government,4534883,9610,CERT-In,Investigating
CR05379,30-07-2026,Kerala,Thiruvananthapuram,Phishing,Medium,Personal,753156,8869,Organization,Investigating
CR05380,29-06-2025,Lakshadweep,Kavaratti,Ransomware,Medium,IT,4765257,30862,User Report,Open
CR05381,21-03-2026,Uttarakhand,Haridwar,DDoS,Critical,Healthcare,916332,24452,CERT-In,Investigating
CR05382,31-01-2024,Jammu and Kashmir,Jammu,Phishing,Critical,Corporate,1812723,5081,CERT-In,Resolved
CR05383,04-04-2026,Manipur,Imphal,Phishing,High,IT,4612988,18224,CERT-In,Open
CR05384,01-07-2026,Bihar,Muzaffarpur,Data Breach,Critical,Personal,4310955,16564,Organization,Open
CR05385,31-12-2024,Assam,Guwahati,Malware,High,Government,2190436,41339,User Report,Investigating
CR05386,29-10-2024,Sikkim,Gangtok,DDoS,High,Healthcare,239358,26927,CERT-In,Open
CR05387,07-05-2026,Kerala,Thiruvananthapuram,DDoS,High,Corporate,4474376,13148,Organization,Investigating
CR05388,04-03-2024,Uttar Pradesh,Kanpur,Malware,High,E-commerce,2397483,29439,Organization,Open
CR05389,03-07-2026,Andhra Pradesh,Guntur,Identity Theft,Medium,Personal,645782,44128,Organization,Open
CR05390,24-04-2025,Gujarat,Vadodara,Malware,Low,Banking,1079063,2010,News,Resolved
CR05391,22-05-2026,Mizoram,Aizawl,Online Fraud,Critical,Education,4599262,11779,Organization,Resolved
CR05392,13-01-2024,Sikkim,Gangtok,Ransomware,High,Personal,172154,13692,Organization,Open
CR05393,08-04-2026,Mizoram,Aizawl,Ransomware,Medium,Healthcare,1915188,42027,User Report,Investigating
CR05394,24-08-2024,Tamil Nadu,Chennai,Identity Theft,High,IT,3740987,37983,User Report,Investigating
CR05395,13-10-2025,Sikkim,Gangtok,Phishing,Critical,E-commerce,3786460,44512,User Report,Investigating
CR05396,21-10-2024,Telangana,Hyderabad,Ransomware,Medium,Education,4218749,12927,CERT-In,Open
CR05397,03-05-2026,Jharkhand,Jamshedpur,Data Breach,Critical,Corporate,4129531,49288,User Report,Investigating
CR05398,04-11-2024,Assam,Guwahati,Data Breach,Low,Education,4493197,35076,News,Open
CR05399,19-07-2024,Haryana,Faridabad,Malware,Medium,Banking,4062257,17008,Organization,Resolved
CR05400,30-10-2025,Karnataka,Bengaluru,Phishing,High,IT,4105286,36648,CERT-In,Open
CR05401,17-11-2024,Delhi,New Delhi,Malware,High,Healthcare,2287971,28647,User Report,Resolved
CR05402,13-01-2026,Andhra Pradesh,Guntur,Data Breach,Medium,Healthcare,3097600,10104,Organization,Open
CR05403,18-10-2025,Kerala,Thiruvananthapuram,DDoS,Low,Education,4578326,28668,News,Resolved
CR05404,27-12-2024,Chandigarh,Chandigarh,DDoS,Critical,Government,3996137,11689,News,Resolved
CR05405,21-01-2025,Assam,Silchar,Identity Theft,Low,Government,4898658,2789,User Report,Resolved
CR05406,14-04-2026,Tripura,Agartala,Malware,Low,Healthcare,4561031,42092,Organization,Open
CR05407,05-01-2026,Chandigarh,Chandigarh,Identity Theft,Medium,Corporate,1026012,45811,Organization,Investigating
CR05408,02-02-2024,Himachal Pradesh,Shimla,DDoS,Critical,Corporate,3969774,12844,Organization,Investigating
CR05409,19-02-2025,Odisha,Cuttack,Phishing,High,Education,469375,18022,News,Resolved
CR05410,11-02-2025,Odisha,Bhubaneswar,Identity Theft,High,Government,4539396,6024,Organization,Investigating
CR05411,15-06-2025,Meghalaya,Shillong,Data Breach,Critical,Government,4410304,11370,User Report,Open
CR05412,27-11-2024,Lakshadweep,Kavaratti,Online Fraud,Critical,Government,4518529,9682,News,Investigating
CR05413,11-10-2024,Jharkhand,Jamshedpur,DDoS,Medium,Corporate,457187,5377,User Report,Open
CR05414,14-11-2025,Andhra Pradesh,Guntur,Identity Theft,High,Education,1352492,13706,CERT-In,Investigating
CR05415,28-02-2026,Andhra Pradesh,Visakhapatnam,Identity Theft,Critical,Banking,3996693,34984,News,Investigating
CR05416,09-02-2024,Dadra and Nagar Haveli and Daman and Diu,Silvassa,DDoS,Critical,Healthcare,1702841,45540,Organization,Open
CR05417,27-07-2024,Andhra Pradesh,Visakhapatnam,Malware,Medium,Education,1212302,733,CERT-In,Resolved
CR05418,08-09-2024,Karnataka,Bengaluru,Ransomware,Low,Corporate,3330953,23925,CERT-In,Investigating
CR05419,23-08-2024,West Bengal,Kolkata,Identity Theft,Low,Personal,1029980,35381,Organization,Resolved
CR05420,13-07-2025,Meghalaya,Shillong,DDoS,Low,Personal,2129998,14175,User Report,Open
CR05421,14-05-2025,Jammu and Kashmir,Jammu,Phishing,High,Healthcare,4713982,31052,CERT-In,Resolved
CR05422,21-08-2025,Rajasthan,Udaipur,Phishing,Low,IT,1363379,3562,Organization,Open
CR05423,30-08-2024,Assam,Guwahati,Online Fraud,Critical,Corporate,204293,26749,CERT-In,Resolved
CR05424,30-04-2025,Meghalaya,Shillong,Ransomware,Low,Healthcare,1453435,38812,User Report,Open
CR05425,28-11-2024,Himachal Pradesh,Dharamshala,Phishing,Medium,IT,4447981,39954,CERT-In,Open
CR05426,13-07-2024,Lakshadweep,Kavaratti,Ransomware,High,Banking,4570660,5707,CERT-In,Investigating
CR05427,12-01-2024,Telangana,Hyderabad,Ransomware,Medium,Personal,1422096,29617,CERT-In,Open
CR05428,05-03-2024,Uttar Pradesh,Lucknow,Online Fraud,Critical,E-commerce,425351,3301,News,Investigating
CR05429,01-12-2025,Telangana,Hyderabad,Ransomware,Critical,IT,4693053,16331,News,Resolved
CR05430,11-05-2024,Rajasthan,Jodhpur,Identity Theft,Medium,Banking,1439267,43683,Organization,Investigating
CR05431,08-05-2024,Meghalaya,Shillong,Malware,Medium,IT,4164414,42689,Organization,Open
CR05432,08-07-2026,Manipur,Imphal,Online Fraud,Critical,Banking,3797053,19165,CERT-In,Investigating
CR05433,02-04-2026,Odisha,Bhubaneswar,Identity Theft,Low,Banking,4254700,20579,Organization,Resolved
CR05434,11-12-2025,West Bengal,Durgapur,Phishing,Low,IT,299155,16662,CERT-In,Open
CR05435,02-11-2025,Odisha,Bhubaneswar,Malware,Medium,Banking,2507633,43880,Organization,Investigating
CR05436,29-01-2024,Odisha,Cuttack,Data Breach,Medium,Corporate,3501932,40495,User Report,Resolved
CR05437,05-07-2024,Delhi,New Delhi,Identity Theft,Low,Banking,3230679,11729,Organization,Resolved
CR05438,02-12-2024,Delhi,New Delhi,DDoS,Medium,Banking,4907274,4087,News,Resolved
CR05439,23-11-2025,Madhya Pradesh,Gwalior,Phishing,High,Banking,1685059,24905,User Report,Resolved
CR05440,21-04-2026,Bihar,Gaya,Ransomware,High,IT,2811087,26917,User Report,Investigating
CR05441,18-08-2025,Maharashtra,Mumbai,Phishing,Low,Personal,2219212,34808,CERT-In,Investigating
CR05442,26-09-2025,Ladakh,Leh,Phishing,High,Personal,1700293,19606,CERT-In,Investigating
CR05443,27-11-2025,Himachal Pradesh,Dharamshala,Ransomware,Medium,Healthcare,857586,159,Organization,Resolved
CR05444,04-10-2024,Punjab,Chandigarh,Malware,Low,E-commerce,4670101,44608,User Report,Investigating
CR05445,13-02-2024,Ladakh,Leh,Phishing,Critical,Healthcare,1785056,3828,User Report,Investigating
CR05446,04-06-2025,Mizoram,Aizawl,DDoS,Medium,Corporate,4176193,40003,CERT-In,Open
CR05447,02-04-2024,Telangana,Warangal,Identity Theft,High,Government,1308303,19968,News,Investigating
CR05448,08-06-2026,Nagaland,Dimapur,Data Breach,Low,Banking,458099,10364,User Report,Investigating
CR05449,30-04-2024,Goa,Panaji,DDoS,High,IT,3920077,14161,CERT-In,Open
CR05450,18-12-2025,Himachal Pradesh,Shimla,Phishing,Low,Corporate,4554939,10642,CERT-In,Investigating
CR05451,22-07-2024,Andhra Pradesh,Vijayawada,Ransomware,Critical,Personal,4991045,30297,CERT-In,Resolved
CR05452,04-01-2024,Goa,Panaji,DDoS,High,Government,1672179,12291,News,Resolved
CR05453,30-11-2024,West Bengal,Durgapur,Phishing,Critical,E-commerce,3011736,4822,News,Investigating
CR05454,12-06-2024,Mizoram,Aizawl,Phishing,High,Healthcare,2487902,2111,Organization,Investigating
CR05455,09-09-2024,Goa,Margao,Ransomware,Critical,Corporate,1207477,1330,Organization,Open
CR05456,09-06-2026,Sikkim,Gangtok,Ransomware,Low,Banking,4327896,19498,CERT-In,Resolved
CR05457,22-02-2025,Jharkhand,Jamshedpur,Phishing,Low,Personal,1720845,39754,Organization,Open
CR05458,02-01-2024,Goa,Margao,Malware,Medium,E-commerce,2071035,1121,User Report,Resolved
CR05459,07-06-2025,Lakshadweep,Kavaratti,Online Fraud,High,Banking,2735890,19955,Organization,Open
CR05460,30-04-2024,Chandigarh,Chandigarh,DDoS,Critical,E-commerce,4466168,32484,Organization,Investigating
CR05461,04-04-2026,Gujarat,Rajkot,Ransomware,Low,Personal,4298679,1973,News,Resolved
CR05462,27-09-2025,Chhattisgarh,Bilaspur,Phishing,Medium,Healthcare,2347441,49925,CERT-In,Open
CR05463,12-03-2026,Andhra Pradesh,Guntur,Phishing,High,IT,2848065,7523,News,Open
CR05464,05-02-2024,Himachal Pradesh,Shimla,Ransomware,Medium,Education,4734564,14382,Organization,Investigating
CR05465,25-01-2024,Telangana,Warangal,Malware,Medium,Personal,1912955,33921,News,Open
CR05466,09-10-2025,Karnataka,Mangaluru,Online Fraud,Medium,Corporate,4274205,18685,CERT-In,Investigating
CR05467,28-02-2024,Puducherry,Puducherry,Phishing,Low,IT,742805,7154,CERT-In,Open
CR05468,13-02-2025,Karnataka,Mangaluru,Ransomware,High,Corporate,3504509,12975,News,Resolved
CR05469,28-07-2024,Karnataka,Mysuru,Online Fraud,Low,Healthcare,4661143,49379,CERT-In,Investigating
CR05470,30-03-2026,Gujarat,Vadodara,Malware,Critical,Education,4948669,42969,Organization,Resolved
CR05471,25-03-2024,Chandigarh,Chandigarh,Phishing,High,E-commerce,473674,24344,CERT-In,Resolved
CR05472,05-10-2025,Kerala,Kochi,Malware,Low,IT,1364909,11237,CERT-In,Open
CR05473,29-04-2024,West Bengal,Kolkata,Identity Theft,High,IT,1784649,38687,Organization,Resolved
CR05474,11-08-2024,Andhra Pradesh,Vijayawada,Ransomware,Low,Banking,4442191,18113,Organization,Open
CR05475,20-09-2025,Haryana,Panipat,Online Fraud,Critical,Healthcare,3161617,7619,CERT-In,Resolved
CR05476,13-02-2026,Odisha,Cuttack,Online Fraud,Critical,IT,3556989,18923,User Report,Open
CR05477,03-05-2025,Ladakh,Leh,Online Fraud,Medium,E-commerce,3766699,35525,CERT-In,Investigating
CR05478,06-04-2025,Odisha,Bhubaneswar,Ransomware,Low,Government,8045,35969,CERT-In,Open
CR05479,30-04-2026,Sikkim,Gangtok,Identity Theft,Critical,Corporate,3664077,10854,User Report,Resolved
CR05480,14-06-2025,Mizoram,Aizawl,Online Fraud,High,Government,3866181,38896,News,Resolved
CR05481,01-07-2026,Kerala,Kochi,Identity Theft,High,Corporate,4401561,37055,Organization,Open
CR05482,01-12-2025,Meghalaya,Shillong,Online Fraud,Critical,Corporate,3613051,49927,CERT-In,Investigating
CR05483,14-11-2025,Punjab,Chandigarh,Online Fraud,Low,Education,4666749,12007,User Report,Open
CR05484,09-10-2025,Goa,Panaji,Data Breach,Medium,E-commerce,890845,48847,News,Open
CR05485,14-08-2025,Chhattisgarh,Raipur,Identity Theft,Medium,Banking,3082861,6051,User Report,Resolved
CR05486,26-09-2025,Uttarakhand,Dehradun,Ransomware,Low,Personal,4921938,36034,User Report,Investigating
CR05487,25-11-2024,Tamil Nadu,Chennai,Ransomware,Low,Healthcare,2314024,12816,CERT-In,Open
CR05488,27-04-2025,Nagaland,Dimapur,Identity Theft,High,Healthcare,3754215,8806,User Report,Investigating
CR05489,15-05-2026,Meghalaya,Shillong,Online Fraud,Critical,E-commerce,3344292,46020,User Report,Open
CR05490,09-01-2024,Madhya Pradesh,Indore,Ransomware,Medium,Education,144076,25032,News,Resolved
CR05491,07-01-2024,Tamil Nadu,Coimbatore,Identity Theft,High,Healthcare,2794342,2527,News,Open
CR05492,04-11-2024,Bihar,Muzaffarpur,Phishing,Low,Government,3387252,22843,Organization,Resolved
CR05493,24-06-2024,Kerala,Kozhikode,Online Fraud,Critical,Banking,1793834,33842,User Report,Investigating
CR05494,08-03-2025,Uttar Pradesh,Lucknow,Phishing,High,IT,4418556,20420,Organization,Resolved
CR05495,23-10-2025,Uttarakhand,Haridwar,Malware,Critical,IT,4279711,7895,News,Resolved
CR05496,05-12-2025,Kerala,Thiruvananthapuram,Phishing,High,Government,1747212,8697,News,Open
CR05497,30-09-2025,Haryana,Faridabad,Data Breach,Low,Education,3268223,1952,Organization,Resolved
CR05498,06-05-2025,Lakshadweep,Kavaratti,Online Fraud,Critical,Healthcare,3851644,31997,CERT-In,Investigating
CR05499,04-05-2024,Uttarakhand,Haridwar,Online Fraud,Medium,IT,3069011,23420,News,Investigating
CR05500,08-12-2024,Jammu and Kashmir,Jammu,DDoS,Critical,Personal,4886544,38630,User Report,Investigating
CR05501,13-08-2025,Meghalaya,Shillong,Ransomware,High,Corporate,961151,40080,User Report,Resolved
CR05502,27-06-2026,Chhattisgarh,Raipur,Identity Theft,Critical,IT,1363016,11495,User Report,Resolved
CR05503,28-02-2024,Karnataka,Bengaluru,Malware,Medium,Healthcare,3932373,12060,CERT-In,Resolved
CR05504,04-12-2024,Jharkhand,Jamshedpur,Data Breach,Medium,E-commerce,317528,38205,News,Resolved
CR05505,10-02-2024,Uttarakhand,Haridwar,DDoS,High,Healthcare,438676,719,News,Investigating
CR05506,13-07-2025,Delhi,New Delhi,Phishing,Medium,Government,3010827,31298,Organization,Investigating
CR05507,08-02-2026,Karnataka,Bengaluru,DDoS,Low,E-commerce,2265063,35126,User Report,Resolved
CR05508,19-07-2026,Puducherry,Puducherry,Ransomware,High,Government,955653,4781,News,Resolved
CR05509,26-02-2026,Odisha,Bhubaneswar,Malware,Low,IT,2684643,22974,Organization,Investigating
CR05510,02-10-2025,Arunachal Pradesh,Naharlagun,Phishing,Critical,Corporate,2994623,42831,CERT-In,Open
CR05511,17-03-2026,Meghalaya,Shillong,Data Breach,Critical,Personal,2454777,12944,CERT-In,Open
CR05512,06-02-2026,Karnataka,Mysuru,Malware,High,Healthcare,656139,29122,News,Open
CR05513,21-06-2025,Goa,Margao,Ransomware,High,Banking,229579,20797,Organization,Open
CR05514,04-05-2024,Gujarat,Rajkot,Data Breach,Medium,Personal,996338,43459,News,Open
CR05515,28-05-2026,Maharashtra,Nashik,Malware,High,Education,4188113,14102,News,Open
CR05516,21-08-2025,Delhi,New Delhi,Ransomware,Medium,Personal,1868796,15981,CERT-In,Resolved
CR05517,23-05-2026,Karnataka,Mangaluru,Online Fraud,Medium,E-commerce,2056446,25912,User Report,Open
CR05518,30-06-2025,Jharkhand,Ranchi,Online Fraud,High,Government,353788,26377,Organization,Open
CR05519,05-02-2024,Rajasthan,Jaipur,Data Breach,High,Banking,4541215,10940,User Report,Investigating
CR05520,02-07-2025,Puducherry,Puducherry,Malware,Medium,Education,2893845,4454,User Report,Investigating
CR05521,07-01-2026,Gujarat,Ahmedabad,Malware,Low,Education,4882803,13443,CERT-In,Open
CR05522,25-07-2026,Meghalaya,Shillong,DDoS,Critical,Personal,131845,37197,News,Resolved
CR05523,21-11-2025,Chhattisgarh,Bilaspur,Identity Theft,High,Government,1277630,708,Organization,Open
CR05524,28-02-2025,Delhi,New Delhi,Ransomware,Critical,E-commerce,2939178,5002,News,Resolved
CR05525,15-09-2025,Kerala,Kochi,Data Breach,Low,IT,691157,28703,CERT-In,Open
CR05526,11-01-2025,Himachal Pradesh,Dharamshala,DDoS,High,Education,4743790,28226,CERT-In,Investigating
CR05527,24-11-2024,Madhya Pradesh,Indore,Data Breach,High,Government,3089436,15965,News,Resolved
CR05528,12-12-2024,Goa,Margao,Phishing,High,Personal,802210,23428,Organization,Resolved
CR05529,11-05-2025,Rajasthan,Udaipur,Identity Theft,Medium,Healthcare,1809368,9498,News,Resolved
CR05530,27-05-2024,Jammu and Kashmir,Jammu,DDoS,Medium,E-commerce,1202637,11833,CERT-In,Investigating
CR05531,19-09-2025,Sikkim,Gangtok,Malware,High,Government,2632811,33932,Organization,Resolved
CR05532,22-06-2024,Goa,Panaji,Data Breach,Low,E-commerce,2241532,43721,CERT-In,Open
CR05533,20-02-2025,Goa,Margao,Malware,Low,Education,4801243,49743,News,Resolved
CR05534,23-10-2025,Andhra Pradesh,Vijayawada,Data Breach,High,Healthcare,169378,37436,CERT-In,Open
CR05535,21-06-2025,Punjab,Ludhiana,Ransomware,High,E-commerce,1648711,10031,Organization,Open
CR05536,27-07-2025,Himachal Pradesh,Dharamshala,Data Breach,Low,Personal,3221426,31330,CERT-In,Investigating
CR05537,21-02-2024,Haryana,Panipat,Malware,High,Education,4936682,37261,User Report,Open
CR05538,23-01-2025,Madhya Pradesh,Gwalior,Online Fraud,Medium,Corporate,2051239,21351,User Report,Investigating
CR05539,05-05-2024,Chhattisgarh,Raipur,Ransomware,High,Corporate,3455549,21591,CERT-In,Resolved
CR05540,05-04-2025,Andhra Pradesh,Guntur,Ransomware,Low,IT,1696190,11693,CERT-In,Investigating
CR05541,01-12-2025,Tamil Nadu,Madurai,DDoS,High,Personal,4755357,8310,User Report,Open
CR05542,17-04-2024,Lakshadweep,Kavaratti,Online Fraud,Low,Corporate,3336497,47981,Organization,Open
CR05543,05-08-2024,Himachal Pradesh,Dharamshala,Identity Theft,Critical,Personal,148115,578,News,Resolved
CR05544,22-01-2026,Rajasthan,Jaipur,DDoS,Low,IT,969106,27555,User Report,Investigating
CR05545,05-12-2025,Uttar Pradesh,Kanpur,Identity Theft,Critical,Education,1507539,4777,User Report,Resolved
CR05546,12-09-2024,Chhattisgarh,Raipur,Phishing,Low,Healthcare,1763837,41527,News,Investigating
CR05547,23-05-2025,Dadra and Nagar Haveli and Daman and Diu,Silvassa,Online Fraud,Low,Healthcare,1303997,40770,Organization,Investigating
CR05548,05-03-2024,Uttar Pradesh,Noida,DDoS,Critical,IT,3788460,24727,CERT-In,Investigating
CR05549,07-05-2026,Dadra and Nagar Haveli and Daman and Diu,Silvassa,Identity Theft,Low,Education,617772,39843,CERT-In,Open
CR05550,18-10-2025,Delhi,New Delhi,DDoS,Critical,Education,2008843,27768,Organization,Investigating
CR05551,17-05-2026,Nagaland,Dimapur,Malware,Medium,Corporate,3080602,24302,News,Resolved
CR05552,25-02-2026,Tamil Nadu,Chennai,DDoS,High,Banking,3570954,32605,Organization,Investigating
CR05553,27-06-2024,West Bengal,Durgapur,Phishing,Medium,Personal,1114508,16015,Organization,Resolved
CR05554,19-05-2025,Madhya Pradesh,Gwalior,Malware,Critical,IT,4227958,29488,Organization,Investigating
CR05555,08-12-2024,Andhra Pradesh,Visakhapatnam,Data Breach,Medium,Corporate,3346093,11946,Organization,Investigating
CR05556,03-06-2024,Sikkim,Gangtok,Malware,Low,E-commerce,4080115,12366,CERT-In,Resolved
CR05557,15-03-2024,Telangana,Warangal,Malware,High,Government,4892997,49255,Organization,Resolved
CR05558,06-05-2024,Assam,Dibrugarh,Phishing,High,E-commerce,2417314,16385,Organization,Open
CR05559,21-01-2025,Nagaland,Kohima,Malware,Critical,Government,561299,35664,User Report,Resolved
CR05560,04-06-2024,Bihar,Muzaffarpur,Identity Theft,Medium,IT,3569353,27155,News,Investigating
CR05561,27-07-2026,Dadra and Nagar Haveli and Daman and Diu,Daman,DDoS,Medium,Personal,2182018,2144,CERT-In,Open
CR05562,04-10-2024,Tripura,Agartala,Online Fraud,High,E-commerce,2147510,15661,News,Open
CR05563,18-05-2024,Lakshadweep,Kavaratti,Malware,Low,Government,1541272,8622,User Report,Investigating
CR05564,27-02-2026,Andhra Pradesh,Visakhapatnam,Data Breach,High,Healthcare,3903362,22435,CERT-In,Open
CR05565,19-02-2025,Maharashtra,Mumbai,Phishing,Medium,Government,3254807,24853,Organization,Investigating
CR05566,09-03-2026,Rajasthan,Udaipur,Online Fraud,Low,Government,3129395,37606,News,Open
CR05567,19-06-2026,Delhi,New Delhi,Online Fraud,Critical,Healthcare,3235935,48414,Organization,Investigating
CR05568,18-05-2024,Uttarakhand,Haridwar,Data Breach,Medium,E-commerce,709778,1035,Organization,Investigating
CR05569,26-05-2026,West Bengal,Durgapur,Online Fraud,High,E-commerce,1406806,28617,News,Investigating
CR05570,29-03-2024,Uttar Pradesh,Noida,Identity Theft,Critical,IT,15263,8505,CERT-In,Resolved
CR05571,16-03-2025,Bihar,Muzaffarpur,Phishing,Medium,Healthcare,933488,11339,User Report,Open
CR05572,21-03-2026,Tripura,Agartala,Identity Theft,Medium,Healthcare,406073,22546,User Report,Resolved
CR05573,05-06-2026,Sikkim,Gangtok,Data Breach,High,IT,383158,2047,CERT-In,Investigating
CR05574,24-12-2025,Maharashtra,Nagpur,Identity Theft,Medium,Education,362512,10552,User Report,Investigating
CR05575,01-01-2025,Sikkim,Gangtok,Identity Theft,Medium,Government,2464964,24149,News,Open
CR05576,17-11-2025,Meghalaya,Shillong,DDoS,Critical,Healthcare,4230214,25530,Organization,Open
CR05577,30-03-2025,Jammu and Kashmir,Jammu,Data Breach,Medium,Education,256199,38683,User Report,Resolved
CR05578,04-07-2024,Karnataka,Bengaluru,Phishing,High,Education,338764,18939,News,Investigating
CR05579,14-05-2025,Karnataka,Bengaluru,Online Fraud,Medium,IT,2867294,5157,User Report,Investigating
CR05580,25-02-2025,Arunachal Pradesh,Itanagar,Ransomware,Low,Government,2920200,10334,CERT-In,Investigating
CR05581,31-03-2026,Rajasthan,Udaipur,Phishing,Medium,E-commerce,3794731,40114,Organization,Resolved
CR05582,23-03-2026,Manipur,Imphal,Online Fraud,Low,IT,2751697,19176,Organization,Investigating
CR05583,25-02-2024,Tamil Nadu,Coimbatore,Phishing,Critical,IT,37508,5732,CERT-In,Investigating
CR05584,17-12-2024,Goa,Margao,DDoS,Critical,Personal,705156,21826,User Report,Resolved
CR05585,03-01-2026,Goa,Margao,Identity Theft,High,Banking,2333103,36262,News,Resolved
CR05586,07-01-2026,Mizoram,Aizawl,Phishing,High,Banking,3860254,32008,News,Resolved
CR05587,08-05-2025,Uttar Pradesh,Noida,Identity Theft,Medium,Personal,4434269,44637,User Report,Resolved
CR05588,12-07-2025,Tamil Nadu,Chennai,Online Fraud,High,Banking,756581,4408,Organization,Open
CR05589,17-05-2025,Odisha,Cuttack,Data Breach,Low,Corporate,1312782,3004,CERT-In,Investigating
CR05590,01-03-2025,Uttar Pradesh,Noida,DDoS,Low,Government,430939,46044,Organization,Open
CR05591,05-06-2024,Gujarat,Surat,Ransomware,High,Healthcare,57061,711,Organization,Investigating
CR05592,09-02-2024,Lakshadweep,Kavaratti,DDoS,Critical,Personal,4323723,31823,User Report,Open
CR05593,29-06-2025,Goa,Panaji,Ransomware,Low,Banking,4067514,33880,User Report,Resolved
CR05594,15-02-2026,Dadra and Nagar Haveli and Daman and Diu,Silvassa,Ransomware,Medium,Corporate,615975,26185,News,Investigating
CR05595,03-11-2025,Kerala,Kochi,Identity Theft,Low,Corporate,3464463,41482,User Report,Investigating
CR05596,23-09-2025,Sikkim,Gangtok,Ransomware,High,Corporate,2216137,32399,News,Open
CR05597,18-01-2025,Madhya Pradesh,Gwalior,Phishing,Medium,Banking,84136,41860,CERT-In,Resolved
CR05598,05-07-2025,Rajasthan,Jodhpur,Phishing,Low,E-commerce,4337018,37883,CERT-In,Open
CR05599,17-07-2025,Dadra and Nagar Haveli and Daman and Diu,Silvassa,Malware,Critical,Healthcare,4496749,18041,Organization,Open
CR05600,23-01-2026,Mizoram,Aizawl,Phishing,Critical,Banking,4201765,13599,CERT-In,Open
CR05601,21-05-2025,Chandigarh,Chandigarh,Online Fraud,Low,Government,340793,11191,News,Resolved
CR05602,11-12-2024,Nagaland,Kohima,Malware,Low,Banking,3495122,16537,CERT-In,Investigating
CR05603,05-12-2024,Chandigarh,Chandigarh,Ransomware,High,IT,342647,26201,CERT-In,Open
CR05604,26-02-2024,Manipur,Imphal,Data Breach,High,Personal,2721162,32374,News,Resolved
CR05605,14-02-2024,Bihar,Muzaffarpur,Phishing,High,Corporate,634690,36075,CERT-In,Open
CR05606,10-09-2025,Odisha,Bhubaneswar,Phishing,High,Banking,1510422,6333,User Report,Open
CR05607,11-03-2025,Madhya Pradesh,Indore,Online Fraud,High,Healthcare,409066,46977,CERT-In,Open
CR05608,22-02-2025,Nagaland,Kohima,Identity Theft,Critical,IT,2631148,43220,CERT-In,Resolved
CR05609,13-04-2024,Ladakh,Leh,Data Breach,Medium,Healthcare,3907938,20064,Organization,Resolved
CR05610,02-02-2024,Himachal Pradesh,Shimla,Online Fraud,High,Education,1569451,8161,News,Investigating
CR05611,15-11-2025,Ladakh,Leh,Data Breach,Low,Corporate,2897236,40674,User Report,Open
CR05612,07-05-2024,Arunachal Pradesh,Naharlagun,DDoS,Medium,E-commerce,2374859,37830,News,Resolved
CR05613,22-12-2025,Gujarat,Rajkot,Malware,Critical,Healthcare,4379998,7230,User Report,Resolved
CR05614,08-06-2026,West Bengal,Siliguri,Online Fraud,High,Banking,1143902,8821,User Report,Open
CR05615,07-01-2026,Assam,Silchar,Identity Theft,Critical,IT,837871,17293,CERT-In,Open
CR05616,22-06-2024,Goa,Margao,Online Fraud,Medium,Government,1789846,24900,News,Open
CR05617,10-08-2025,Madhya Pradesh,Indore,DDoS,High,Healthcare,4046583,46890,User Report,Resolved
CR05618,02-03-2026,Sikkim,Gangtok,Online Fraud,Medium,E-commerce,4435212,33650,Organization,Resolved
CR05619,16-06-2025,Kerala,Kozhikode,Online Fraud,Low,Education,1564820,19652,Organization,Investigating
CR05620,13-07-2026,Uttar Pradesh,Lucknow,Identity Theft,Critical,Government,3988626,28523,Organization,Open
CR05621,29-11-2025,Goa,Panaji,Online Fraud,Medium,Healthcare,3828280,7087,CERT-In,Open
CR05622,19-04-2026,Punjab,Ludhiana,Online Fraud,High,Government,2499134,24006,CERT-In,Investigating
CR05623,14-05-2024,Mizoram,Aizawl,Online Fraud,Critical,Corporate,3115525,40905,User Report,Resolved
CR05624,27-09-2024,Telangana,Warangal,Identity Theft,Medium,E-commerce,662140,8696,CERT-In,Investigating
CR05625,19-04-2024,Punjab,Chandigarh,Ransomware,Critical,Banking,689423,42375,News,Resolved
CR05626,14-01-2025,Himachal Pradesh,Shimla,Ransomware,Low,Corporate,339722,878,News,Investigating
CR05627,18-03-2025,Assam,Guwahati,Phishing,Medium,Government,4851839,24910,CERT-In,Resolved
CR05628,14-02-2025,Telangana,Hyderabad,Online Fraud,Critical,Corporate,3070966,25828,CERT-In,Open
CR05629,18-12-2024,Andhra Pradesh,Vijayawada,Phishing,Critical,Education,1239505,28855,Organization,Open
CR05630,20-01-2025,Mizoram,Aizawl,DDoS,Low,Corporate,1228177,15195,User Report,Open
CR05631,10-12-2025,Uttar Pradesh,Noida,Malware,Critical,Corporate,1986809,44701,Organization,Open
CR05632,18-09-2024,Lakshadweep,Kavaratti,DDoS,Medium,IT,620829,49389,News,Resolved
CR05633,02-08-2025,Tripura,Agartala,DDoS,Critical,E-commerce,813720,756,User Report,Open
CR05634,28-07-2024,Lakshadweep,Kavaratti,Data Breach,Critical,Banking,4627562,24384,Organization,Resolved
CR05635,21-06-2026,Manipur,Imphal,Phishing,Low,Government,585914,9927,Organization,Resolved
CR05636,23-05-2025,Manipur,Imphal,Phishing,High,Personal,4028283,43460,CERT-In,Resolved
CR05637,02-01-2024,Chandigarh,Chandigarh,DDoS,Critical,Corporate,1460671,8659,CERT-In,Resolved
CR05638,24-01-2026,Uttarakhand,Haridwar,Online Fraud,Low,Banking,3923492,27305,Organization,Investigating
CR05639,17-08-2025,West Bengal,Kolkata,Ransomware,Low,Education,987791,2517,User Report,Open
CR05640,12-07-2026,Manipur,Imphal,Phishing,High,Personal,3073326,17359,Organization,Open
CR05641,03-03-2025,Dadra and Nagar Haveli and Daman and Diu,Silvassa,Identity Theft,High,Education,1732009,11841,News,Resolved
CR05642,26-03-2025,Telangana,Warangal,Malware,Critical,Corporate,397428,48821,User Report,Resolved
CR05643,15-11-2025,Tamil Nadu,Madurai,DDoS,Critical,Education,1201630,45054,CERT-In,Investigating
CR05644,09-05-2025,Jharkhand,Ranchi,Identity Theft,Critical,Healthcare,342767,46247,CERT-In,Investigating
CR05645,04-07-2024,Tamil Nadu,Madurai,Ransomware,Medium,Education,3585509,34473,Organization,Investigating
CR05646,14-04-2026,Sikkim,Gangtok,Malware,Critical,Corporate,2180332,1792,Organization,Investigating
CR05647,23-06-2025,Assam,Guwahati,Phishing,Critical,IT,1173556,36812,Organization,Open
CR05648,16-10-2025,Odisha,Cuttack,Phishing,Low,Education,1929777,20675,CERT-In,Open
CR05649,20-02-2024,Karnataka,Mysuru,Identity Theft,High,Corporate,4401191,31714,User Report,Investigating
CR05650,27-05-2024,Goa,Panaji,Malware,Medium,Banking,1537131,2423,Organization,Resolved
CR05651,26-07-2026,Jharkhand,Ranchi,DDoS,High,E-commerce,4174600,16597,Organization,Investigating
CR05652,18-05-2025,Ladakh,Leh,Ransomware,Critical,IT,1768741,42002,Organization,Investigating
CR05653,22-05-2025,Himachal Pradesh,Dharamshala,DDoS,High,Personal,1047821,7836,Organization,Investigating
CR05654,03-02-2025,West Bengal,Siliguri,Ransomware,Low,Education,3550070,2641,User Report,Resolved
CR05655,23-03-2026,Andhra Pradesh,Guntur,Data Breach,Low,Corporate,2822645,2371,CERT-In,Investigating
CR05656,14-02-2025,Uttarakhand,Haridwar,Data Breach,Critical,Healthcare,322308,21399,CERT-In,Investigating
CR05657,26-01-2025,Haryana,Gurugram,Malware,Critical,Education,4733234,30224,News,Resolved
CR05658,08-02-2024,Gujarat,Vadodara,Online Fraud,Medium,IT,516517,5818,Organization,Investigating
CR05659,05-12-2024,Jammu and Kashmir,Jammu,DDoS,Medium,Education,3731341,40563,News,Investigating
CR05660,16-04-2025,Puducherry,Puducherry,Identity Theft,Low,Education,2512568,22601,Organization,Open
CR05661,04-06-2026,Lakshadweep,Kavaratti,Malware,Medium,Healthcare,571181,7174,Organization,Resolved
CR05662,01-07-2025,Mizoram,Aizawl,Online Fraud,Low,Personal,1261424,40728,News,Open
CR05663,21-06-2024,Lakshadweep,Kavaratti,Data Breach,High,E-commerce,568109,27572,Organization,Open
CR05664,19-02-2026,Maharashtra,Mumbai,Ransomware,High,Education,4036656,26343,News,Open
CR05665,14-03-2026,Andaman and Nicobar Islands,Port Blair,Identity Theft,Medium,Education,1647747,40996,News,Resolved
CR05666,10-03-2024,Goa,Margao,Identity Theft,Low,IT,3524696,38376,CERT-In,Open
CR05667,09-06-2026,Punjab,Chandigarh,Online Fraud,Low,E-commerce,1514188,31209,User Report,Resolved
CR05668,27-06-2024,Lakshadweep,Kavaratti,Malware,High,Government,1891728,13361,News,Investigating
CR05669,04-03-2025,Chhattisgarh,Bilaspur,Online Fraud,Critical,IT,2082682,26548,News,Open
CR05670,20-12-2025,Telangana,Warangal,Data Breach,Medium,E-commerce,3971750,40935,News,Resolved
CR05671,23-07-2025,Lakshadweep,Kavaratti,DDoS,Critical,Government,2692098,46585,Organization,Open
CR05672,09-12-2024,Rajasthan,Jodhpur,Malware,Low,E-commerce,1136905,17180,CERT-In,Resolved
CR05673,20-02-2024,Assam,Guwahati,Phishing,High,Healthcare,394574,14889,CERT-In,Investigating
CR05674,12-02-2025,Chhattisgarh,Bilaspur,Data Breach,High,Government,4564846,18143,Organization,Investigating
CR05675,05-09-2024,Odisha,Bhubaneswar,Data Breach,Critical,IT,2584072,47403,News,Investigating
CR05676,19-08-2024,Nagaland,Dimapur,Data Breach,Low,Banking,1880880,47242,User Report,Resolved
CR05677,04-01-2025,Rajasthan,Udaipur,Phishing,Critical,IT,4543752,40723,CERT-In,Resolved
CR05678,22-07-2025,Tripura,Agartala,DDoS,Medium,Education,513563,37150,News,Open
CR05679,21-12-2024,Manipur,Imphal,Malware,Critical,Personal,4505024,5279,User Report,Open
CR05680,16-04-2026,Delhi,New Delhi,Identity Theft,Critical,Banking,2384749,12562,Organization,Open
CR05681,12-02-2026,Lakshadweep,Kavaratti,Online Fraud,Medium,Education,1114977,39569,CERT-In,Resolved
CR05682,10-06-2025,Odisha,Bhubaneswar,Malware,Critical,Corporate,176566,40338,CERT-In,Open
CR05683,08-07-2026,Odisha,Bhubaneswar,Data Breach,High,Education,4756492,6552,Organization,Open
CR05684,02-07-2026,Kerala,Kochi,Data Breach,High,IT,4777754,23272,CERT-In,Open
CR05685,15-11-2024,Odisha,Cuttack,DDoS,Low,Government,789798,48291,CERT-In,Open
CR05686,19-02-2025,Gujarat,Vadodara,Ransomware,Critical,Banking,1649698,24054,User Report,Resolved
CR05687,02-02-2024,Uttar Pradesh,Lucknow,Ransomware,Critical,Healthcare,3464665,16057,News,Open
CR05688,10-10-2024,Kerala,Thiruvananthapuram,Ransomware,Medium,IT,4400389,5970,User Report,Investigating
CR05689,05-01-2026,Andaman and Nicobar Islands,Port Blair,Data Breach,Medium,Personal,632476,43987,User Report,Resolved
CR05690,13-06-2026,Jharkhand,Jamshedpur,Malware,High,Government,4833766,41179,News,Resolved
CR05691,07-08-2024,Puducherry,Puducherry,Phishing,Low,E-commerce,4629946,22516,CERT-In,Investigating
CR05692,12-04-2025,Gujarat,Surat,Phishing,Medium,IT,1317584,32636,User Report,Investigating
CR05693,21-01-2026,Mizoram,Aizawl,Data Breach,Critical,Corporate,800256,28400,News,Resolved
CR05694,17-07-2025,West Bengal,Kolkata,Identity Theft,Critical,Education,4830305,46870,News,Resolved
CR05695,26-10-2024,Delhi,New Delhi,DDoS,Critical,Corporate,2232209,253,Organization,Open
CR05696,10-03-2026,Punjab,Chandigarh,Malware,Critical,E-commerce,2738084,11790,News,Open
CR05697,27-10-2024,Uttarakhand,Haridwar,Malware,Low,Corporate,4203393,36099,Organization,Resolved
CR05698,09-02-2026,Manipur,Imphal,Phishing,Low,Banking,1649222,23906,CERT-In,Open
CR05699,23-02-2026,Jharkhand,Jamshedpur,Phishing,High,Education,1133836,8219,CERT-In,Open
CR05700,13-01-2025,Chhattisgarh,Bilaspur,DDoS,High,IT,2323931,45707,CERT-In,Resolved
CR05701,26-03-2025,Kerala,Kozhikode,Online Fraud,Low,E-commerce,1630648,1643,Organization,Resolved
CR05702,19-07-2026,Uttarakhand,Haridwar,Identity Theft,Critical,Education,2773690,45258,News,Investigating
CR05703,07-12-2024,Assam,Guwahati,Malware,Medium,Personal,402656,15997,User Report,Open
CR05704,01-05-2025,Tamil Nadu,Chennai,Online Fraud,Medium,Personal,3532992,40602,CERT-In,Investigating
CR05705,06-10-2025,Odisha,Bhubaneswar,Malware,High,Education,2705205,30032,User Report,Open
CR05706,16-07-2026,Tamil Nadu,Coimbatore,DDoS,Medium,Government,2012717,702,News,Open
CR05707,11-04-2026,Meghalaya,Shillong,Malware,Critical,Government,1110327,11480,CERT-In,Resolved
CR05708,18-05-2024,Arunachal Pradesh,Itanagar,Data Breach,Critical,IT,4840090,7556,User Report,Investigating
CR05709,04-06-2025,Andhra Pradesh,Vijayawada,Ransomware,Low,E-commerce,4708539,391,News,Resolved
CR05710,12-12-2025,Chandigarh,Chandigarh,DDoS,Low,IT,1968676,22683,User Report,Investigating
CR05711,27-12-2025,Dadra and Nagar Haveli and Daman and Diu,Silvassa,Online Fraud,Critical,Government,4428456,39709,User Report,Investigating
CR05712,22-06-2026,Haryana,Gurugram,Phishing,High,IT,4437353,20542,User Report,Resolved
CR05713,02-03-2025,Sikkim,Gangtok,Malware,Low,Government,4161031,32537,Organization,Open
CR05714,12-10-2024,Kerala,Kochi,Online Fraud,Low,Government,4325708,49578,CERT-In,Open
CR05715,05-12-2025,Odisha,Cuttack,Malware,Medium,Education,3568459,7414,News,Open
CR05716,05-06-2024,Dadra and Nagar Haveli and Daman and Diu,Daman,Malware,Critical,E-commerce,4517312,15920,CERT-In,Investigating
CR05717,11-07-2026,Telangana,Hyderabad,Phishing,Critical,Corporate,3742116,4076,Organization,Open
CR05718,02-02-2024,Maharashtra,Nagpur,Online Fraud,High,Government,2144965,48729,User Report,Investigating
CR05719,21-01-2024,Delhi,New Delhi,Identity Theft,Low,Government,3389269,2492,Organization,Investigating
CR05720,22-07-2026,Assam,Silchar,Data Breach,Medium,Banking,1554253,13607,Organization,Open
CR05721,03-01-2026,Puducherry,Puducherry,Malware,Critical,Corporate,1689673,37422,News,Investigating
CR05722,28-04-2025,Kerala,Kochi,Phishing,High,Personal,150680,32414,News,Investigating
CR05723,07-10-2025,Karnataka,Mangaluru,Online Fraud,Medium,Corporate,1237223,46497,Organization,Resolved
CR05724,22-03-2025,Sikkim,Gangtok,Ransomware,Medium,Corporate,1445125,14075,User Report,Investigating
CR05725,31-12-2024,Rajasthan,Jaipur,Identity Theft,Medium,Personal,4356398,36851,Organization,Resolved
CR05726,15-06-2024,Andaman and Nicobar Islands,Port Blair,DDoS,Medium,Corporate,4906181,40141,News,Open
CR05727,29-10-2024,Arunachal Pradesh,Naharlagun,DDoS,Critical,E-commerce,95387,35519,Organization,Open
CR05728,05-11-2025,Gujarat,Surat,DDoS,Medium,IT,2039024,24652,News,Resolved
CR05729,21-09-2025,Andhra Pradesh,Vijayawada,Phishing,Low,Banking,2362640,14682,CERT-In,Investigating
CR05730,25-06-2024,Sikkim,Gangtok,Data Breach,Low,Banking,2534420,22180,User Report,Open
CR05731,08-01-2025,Himachal Pradesh,Dharamshala,Online Fraud,Critical,Personal,2675692,26222,Organization,Open
CR05732,24-12-2025,Haryana,Gurugram,Phishing,Critical,Healthcare,4878863,20827,CERT-In,Open
CR05733,10-02-2026,Himachal Pradesh,Shimla,Online Fraud,Critical,Healthcare,353393,13224,News,Investigating
CR05734,15-08-2024,Andhra Pradesh,Guntur,Data Breach,Critical,E-commerce,2496414,4315,Organization,Investigating
CR05735,27-10-2025,Madhya Pradesh,Bhopal,Data Breach,Low,Corporate,1939115,25189,User Report,Investigating
CR05736,15-08-2024,Sikkim,Gangtok,Malware,Medium,Education,241913,37917,User Report,Resolved
CR05737,29-05-2026,Uttarakhand,Dehradun,Online Fraud,High,Healthcare,970648,23628,Organization,Open
CR05738,25-09-2025,Uttar Pradesh,Varanasi,Ransomware,Medium,E-commerce,3395480,28328,User Report,Investigating
CR05739,04-10-2025,Goa,Panaji,Phishing,Critical,Corporate,3344592,21875,Organization,Resolved
CR05740,13-07-2024,Haryana,Panipat,DDoS,High,Personal,2498761,9827,CERT-In,Open
CR05741,03-07-2024,Andaman and Nicobar Islands,Port Blair,DDoS,Medium,Corporate,1354919,28280,User Report,Investigating
CR05742,07-09-2024,Lakshadweep,Kavaratti,DDoS,Medium,Banking,1853733,36445,CERT-In,Resolved
CR05743,16-03-2026,Odisha,Cuttack,Data Breach,Medium,Government,3387262,1393,News,Resolved
CR05744,27-10-2025,Andaman and Nicobar Islands,Port Blair,Phishing,High,Healthcare,733816,41938,Organization,Resolved
CR05745,28-08-2025,Karnataka,Mangaluru,Phishing,Low,Banking,1305891,22879,CERT-In,Open
CR05746,19-02-2026,Goa,Panaji,Identity Theft,High,Government,4419732,15511,CERT-In,Open
CR05747,18-10-2025,Madhya Pradesh,Gwalior,Identity Theft,High,Healthcare,2388735,35583,User Report,Investigating
CR05748,16-10-2025,Assam,Silchar,Data Breach,High,Education,1482397,44874,User Report,Resolved
CR05749,22-04-2025,Andhra Pradesh,Vijayawada,DDoS,Low,Personal,4933148,25865,User Report,Resolved
CR05750,06-08-2024,Kerala,Thiruvananthapuram,Online Fraud,Critical,Education,1457987,24670,CERT-In,Resolved
CR05751,20-03-2026,Uttarakhand,Dehradun,Identity Theft,Medium,Healthcare,1364753,24650,News,Open
CR05752,12-05-2024,Jammu and Kashmir,Srinagar,Online Fraud,Low,E-commerce,3473619,12611,User Report,Investigating
CR05753,16-09-2024,Gujarat,Rajkot,Malware,Low,Education,1432558,32262,News,Resolved
CR05754,21-09-2025,West Bengal,Kolkata,Ransomware,Critical,IT,4252099,42095,User Report,Investigating
CR05755,18-07-2025,Nagaland,Dimapur,Ransomware,Medium,Government,4133460,46056,News,Investigating
CR05756,20-10-2025,Tripura,Agartala,Malware,Critical,Government,4407363,27423,User Report,Investigating
CR05757,23-02-2025,Goa,Panaji,Identity Theft,Critical,E-commerce,4151397,14881,CERT-In,Resolved
CR05758,29-04-2026,Jammu and Kashmir,Jammu,Malware,Low,E-commerce,3011135,3418,News,Resolved
CR05759,29-08-2025,Himachal Pradesh,Dharamshala,Data Breach,Low,Banking,570781,27804,News,Resolved
CR05760,17-05-2025,Chandigarh,Chandigarh,Data Breach,Medium,Personal,4113879,49727,News,Open
CR05761,19-06-2026,Nagaland,Dimapur,Phishing,Critical,Government,4910627,42827,User Report,Investigating
CR05762,12-06-2024,Tripura,Agartala,Malware,Medium,E-commerce,1057219,44644,User Report,Investigating
CR05763,27-03-2026,Tripura,Agartala,Phishing,Medium,Healthcare,3275570,17222,Organization,Open
CR05764,17-01-2024,Tripura,Agartala,Ransomware,High,Education,319977,12239,News,Investigating
CR05765,17-01-2025,Himachal Pradesh,Dharamshala,Phishing,Medium,IT,2271389,22347,News,Resolved
CR05766,24-01-2025,Ladakh,Leh,Identity Theft,Critical,Banking,4025360,1082,CERT-In,Resolved
CR05767,03-07-2025,Meghalaya,Shillong,Identity Theft,High,Education,1222033,4006,CERT-In,Investigating
CR05768,23-07-2026,Gujarat,Rajkot,DDoS,Low,IT,2404145,23907,CERT-In,Investigating
CR05769,14-10-2024,Ladakh,Leh,Online Fraud,Critical,IT,926246,25806,User Report,Investigating
CR05770,19-01-2024,Tamil Nadu,Coimbatore,Data Breach,High,Education,2236822,1905,CERT-In,Open
CR05771,01-02-2026,Madhya Pradesh,Bhopal,Phishing,Critical,Education,2639708,4854,News,Investigating
CR05772,16-04-2024,Tamil Nadu,Madurai,Online Fraud,High,Personal,2147148,17234,Organization,Investigating
CR05773,04-02-2026,Madhya Pradesh,Indore,Ransomware,Medium,IT,2546774,22377,Organization,Resolved
CR05774,06-06-2026,Kerala,Kozhikode,Data Breach,High,Corporate,1429380,11575,News,Resolved
CR05775,07-05-2024,Tamil Nadu,Coimbatore,Ransomware,Low,Healthcare,941808,1705,Organization,Open
CR05776,12-04-2026,West Bengal,Durgapur,Malware,Critical,IT,3928004,9259,Organization,Investigating
CR05777,07-02-2026,Lakshadweep,Kavaratti,Malware,High,IT,660959,44810,Organization,Resolved
CR05778,14-12-2024,Andaman and Nicobar Islands,Port Blair,Data Breach,High,IT,2865023,43424,User Report,Resolved
CR05779,26-01-2024,Uttar Pradesh,Noida,Identity Theft,Low,Government,883476,12075,Organization,Open
CR05780,24-03-2024,Chandigarh,Chandigarh,DDoS,Medium,Healthcare,1895960,17460,Organization,Resolved
CR05781,03-03-2024,West Bengal,Siliguri,DDoS,Low,IT,4232357,12632,User Report,Resolved
CR05782,18-07-2024,Odisha,Cuttack,Ransomware,Low,Education,1507521,41105,User Report,Investigating
CR05783,14-06-2024,Assam,Silchar,Phishing,Medium,Banking,4966227,6697,CERT-In,Investigating
CR05784,20-09-2024,Uttar Pradesh,Varanasi,DDoS,Critical,Education,511193,12957,User Report,Investigating
CR05785,22-12-2024,Andaman and Nicobar Islands,Port Blair,Identity Theft,Medium,Corporate,829019,40821,Organization,Resolved
CR05786,31-08-2024,Ladakh,Leh,Phishing,Low,Corporate,3268086,26600,News,Investigating
CR05787,18-10-2024,Lakshadweep,Kavaratti,Data Breach,Low,Education,1895673,35957,Organization,Resolved
CR05788,12-04-2026,Madhya Pradesh,Bhopal,Ransomware,High,Banking,3135923,25151,CERT-In,Open
CR05789,09-02-2026,West Bengal,Durgapur,Ransomware,High,Banking,1165540,1525,User Report,Open
CR05790,30-07-2025,Uttar Pradesh,Lucknow,Malware,Medium,IT,2400591,27505,Organization,Open
CR05791,21-05-2026,Nagaland,Kohima,Data Breach,Medium,Government,2948928,49152,CERT-In,Resolved
CR05792,15-01-2026,Puducherry,Puducherry,DDoS,Medium,Corporate,881953,38095,User Report,Open
CR05793,14-02-2024,Maharashtra,Nagpur,Identity Theft,Medium,E-commerce,1017777,415,CERT-In,Resolved
CR05794,28-02-2024,Puducherry,Puducherry,Data Breach,Medium,IT,500533,17015,User Report,Open
CR05795,11-01-2025,Andaman and Nicobar Islands,Port Blair,Data Breach,Low,Banking,1032870,4742,Organization,Open
CR05796,25-02-2024,Haryana,Gurugram,Malware,High,E-commerce,4837378,39797,News,Open
CR05797,30-06-2024,Assam,Dibrugarh,Phishing,Medium,Healthcare,3124885,31886,News,Open
CR05798,30-04-2025,Assam,Guwahati,Ransomware,High,Healthcare,3254410,9084,Organization,Open
CR05799,19-02-2024,Ladakh,Leh,Identity Theft,Critical,Corporate,192151,32254,News,Open
CR05800,30-09-2024,Uttar Pradesh,Varanasi,Identity Theft,Medium,E-commerce,1729819,32942,Organization,Open
CR05801,22-07-2024,Gujarat,Surat,Data Breach,Critical,E-commerce,720327,19484,CERT-In,Investigating
CR05802,28-10-2024,Telangana,Warangal,DDoS,Low,Healthcare,4249449,27342,User Report,Open
CR05803,23-01-2026,Jammu and Kashmir,Srinagar,Ransomware,Critical,Healthcare,2494506,3406,Organization,Resolved
CR05804,09-11-2025,Goa,Panaji,Ransomware,High,Healthcare,1165857,5242,CERT-In,Resolved
CR05805,08-02-2024,Jammu and Kashmir,Srinagar,Online Fraud,Critical,E-commerce,475013,42696,CERT-In,Resolved
CR05806,24-02-2025,Uttar Pradesh,Kanpur,Online Fraud,Low,Corporate,4838539,19416,Organization,Investigating
CR05807,12-09-2024,Rajasthan,Jaipur,Data Breach,High,Corporate,2212501,28856,CERT-In,Investigating
CR05808,13-04-2026,Andaman and Nicobar Islands,Port Blair,Malware,Critical,Healthcare,323751,7171,News,Resolved
CR05809,25-03-2026,Madhya Pradesh,Gwalior,Malware,Low,Healthcare,2084775,10995,Organization,Open
CR05810,14-05-2026,Mizoram,Aizawl,Data Breach,Critical,Government,2610663,11237,User Report,Resolved
CR05811,10-12-2025,Chhattisgarh,Bilaspur,Phishing,High,Banking,3595301,29237,CERT-In,Investigating
CR05812,21-07-2025,Ladakh,Leh,Malware,Medium,Personal,2477723,22164,User Report,Resolved
CR05813,22-01-2024,Andhra Pradesh,Vijayawada,Malware,Critical,Personal,3868264,49360,CERT-In,Investigating
CR05814,27-11-2025,Arunachal Pradesh,Itanagar,Identity Theft,Low,Healthcare,3595476,33483,User Report,Open
CR05815,06-06-2026,Madhya Pradesh,Indore,Data Breach,Low,Government,3471720,42722,CERT-In,Investigating
CR05816,08-04-2026,Manipur,Imphal,Phishing,Medium,Banking,409602,47859,News,Investigating
CR05817,13-03-2025,West Bengal,Kolkata,Data Breach,Critical,IT,4155559,26142,CERT-In,Investigating
CR05818,27-05-2026,Delhi,New Delhi,Phishing,High,Personal,4606849,22518,News,Resolved
CR05819,24-01-2025,Puducherry,Puducherry,Phishing,Critical,Personal,3351407,31483,User Report,Resolved
CR05820,18-10-2025,Haryana,Gurugram,Identity Theft,High,Education,3312462,11221,News,Resolved
CR05821,26-01-2026,Jharkhand,Ranchi,Online Fraud,Critical,Personal,3672180,16875,CERT-In,Resolved
CR05822,06-06-2024,Delhi,New Delhi,Identity Theft,Low,Government,1188390,20247,User Report,Open
CR05823,16-07-2025,Gujarat,Ahmedabad,Ransomware,Medium,Government,3390673,2329,News,Open
CR05824,09-02-2025,Karnataka,Mangaluru,Online Fraud,Medium,Personal,4315348,30600,Organization,Investigating
CR05825,13-10-2024,Maharashtra,Mumbai,Ransomware,Medium,Personal,1508848,21508,CERT-In,Resolved
CR05826,11-09-2024,Telangana,Hyderabad,DDoS,High,E-commerce,276860,26952,Organization,Investigating
CR05827,19-02-2025,Jharkhand,Ranchi,Online Fraud,Medium,Corporate,2893729,27135,CERT-In,Open
CR05828,24-03-2026,Rajasthan,Udaipur,Malware,High,Education,4517042,33159,CERT-In,Open
CR05829,16-06-2025,Jammu and Kashmir,Jammu,Ransomware,Low,E-commerce,1346818,46681,CERT-In,Investigating
CR05830,23-05-2025,Chhattisgarh,Raipur,Malware,High,Banking,1266672,48129,News,Open
CR05831,08-04-2024,Arunachal Pradesh,Itanagar,Malware,Medium,E-commerce,3594254,15163,CERT-In,Investigating
CR05832,12-02-2025,Mizoram,Aizawl,Phishing,High,Government,4308748,7814,User Report,Investigating
CR05833,14-09-2024,Nagaland,Dimapur,Malware,Critical,Healthcare,4514825,13189,CERT-In,Open
CR05834,20-12-2024,Tripura,Agartala,Identity Theft,Low,Healthcare,1031520,44616,User Report,Resolved
CR05835,08-02-2024,Delhi,New Delhi,Online Fraud,High,E-commerce,1670217,15206,User Report,Open
CR05836,27-08-2024,Odisha,Cuttack,Data Breach,Low,E-commerce,155609,36922,CERT-In,Investigating
CR05837,17-12-2024,Maharashtra,Mumbai,Phishing,Critical,IT,2854228,34025,User Report,Resolved
CR05838,29-03-2026,Himachal Pradesh,Dharamshala,Ransomware,Medium,Education,3435756,27387,Organization,Investigating
CR05839,06-09-2025,Puducherry,Puducherry,Malware,Medium,Government,3392474,3160,CERT-In,Resolved
CR05840,20-11-2024,Sikkim,Gangtok,Ransomware,Critical,Education,4938816,46341,Organization,Open
CR05841,28-01-2026,Lakshadweep,Kavaratti,Data Breach,Critical,IT,1184550,46099,CERT-In,Open
CR05842,04-02-2026,Punjab,Amritsar,Identity Theft,High,Corporate,3283998,26916,CERT-In,Investigating
CR05843,15-10-2025,Uttarakhand,Dehradun,DDoS,Low,Education,296628,13241,Organization,Resolved
CR05844,07-12-2024,Nagaland,Kohima,DDoS,Medium,E-commerce,3773851,19216,Organization,Open
CR05845,21-02-2026,Assam,Dibrugarh,DDoS,Low,Government,199325,4486,Organization,Open
CR05846,26-02-2026,Lakshadweep,Kavaratti,Ransomware,High,Government,2551433,4920,Organization,Resolved
CR05847,14-04-2024,Bihar,Patna,Malware,Low,Government,4151106,23363,User Report,Investigating
CR05848,29-06-2025,Sikkim,Gangtok,Malware,Low,Healthcare,3653192,38707,News,Open
CR05849,29-12-2025,Karnataka,Mysuru,Online Fraud,Low,E-commerce,3803760,42525,News,Open
CR05850,09-01-2024,Odisha,Cuttack,DDoS,Critical,Healthcare,4206277,14209,Organization,Resolved
CR05851,05-11-2024,Mizoram,Aizawl,Ransomware,High,E-commerce,136511,23468,Organization,Resolved
CR05852,09-04-2024,Delhi,New Delhi,Data Breach,Critical,Personal,360858,34226,User Report,Open
CR05853,23-12-2024,Telangana,Warangal,Phishing,Low,Healthcare,3974371,14134,User Report,Resolved
CR05854,04-04-2026,Maharashtra,Nagpur,Data Breach,Low,Personal,4655134,9284,News,Investigating
CR05855,02-04-2024,Odisha,Bhubaneswar,Identity Theft,Critical,Education,1220225,42190,News,Open
CR05856,27-05-2025,Mizoram,Aizawl,Online Fraud,Medium,Healthcare,480975,11903,CERT-In,Open
CR05857,15-05-2024,Uttar Pradesh,Lucknow,Ransomware,Critical,Education,3424642,14457,User Report,Investigating
CR05858,23-09-2025,Assam,Silchar,Online Fraud,Medium,Banking,4773563,41439,News,Open
CR05859,28-05-2024,Odisha,Bhubaneswar,Phishing,Critical,IT,1563454,11969,News,Investigating
CR05860,06-06-2024,Tamil Nadu,Coimbatore,Online Fraud,Critical,Government,329109,31490,Organization,Open
CR05861,28-11-2024,Himachal Pradesh,Dharamshala,Online Fraud,Critical,E-commerce,2413161,480,CERT-In,Open
CR05862,24-02-2026,Uttar Pradesh,Lucknow,Identity Theft,Medium,Personal,2684674,22184,User Report,Open
CR05863,23-12-2024,Meghalaya,Shillong,Malware,Medium,E-commerce,4588608,8659,User Report,Open
CR05864,17-09-2025,Rajasthan,Udaipur,Identity Theft,Critical,Education,1183703,24819,Organization,Resolved
CR05865,30-08-2025,Punjab,Chandigarh,Data Breach,Medium,Government,4245011,18960,CERT-In,Investigating
CR05866,20-05-2026,Manipur,Imphal,DDoS,Critical,IT,1164578,32856,User Report,Resolved
CR05867,20-09-2025,Mizoram,Aizawl,Ransomware,Medium,E-commerce,1333743,41399,User Report,Resolved
CR05868,19-02-2024,Bihar,Patna,DDoS,High,Healthcare,4399180,26591,User Report,Investigating
CR05869,25-10-2024,Uttar Pradesh,Noida,Identity Theft,Medium,Education,3577889,5967,Organization,Open
CR05870,18-03-2025,Chandigarh,Chandigarh,Online Fraud,Critical,E-commerce,2632280,39401,News,Resolved
CR05871,10-10-2024,Manipur,Imphal,Ransomware,Low,Government,964900,34251,Organization,Investigating
CR05872,15-03-2026,Sikkim,Gangtok,Data Breach,High,Education,716517,12015,News,Resolved
CR05873,18-02-2026,Manipur,Imphal,Identity Theft,Medium,Banking,3353607,44799,Organization,Investigating
CR05874,11-09-2024,Sikkim,Gangtok,Online Fraud,Medium,Education,2274325,11354,CERT-In,Investigating
CR05875,03-07-2025,Madhya Pradesh,Indore,Malware,Critical,Education,1968184,34160,User Report,Investigating
CR05876,12-01-2024,Mizoram,Aizawl,Identity Theft,Low,Healthcare,431590,44055,Organization,Investigating
CR05877,11-10-2024,Mizoram,Aizawl,Ransomware,Medium,E-commerce,1021840,17851,CERT-In,Resolved
CR05878,22-02-2024,Chhattisgarh,Bilaspur,Phishing,Medium,Education,3296613,13007,News,Investigating
CR05879,29-07-2026,Delhi,New Delhi,Malware,Medium,IT,3422184,40671,User Report,Resolved
CR05880,24-07-2026,Haryana,Gurugram,Ransomware,High,IT,3472598,28483,Organization,Open
CR05881,17-01-2024,Kerala,Kozhikode,Malware,Medium,Corporate,3886833,35481,News,Open
CR05882,23-10-2025,Tripura,Agartala,DDoS,Medium,Education,4136434,32773,User Report,Open
CR05883,08-03-2024,Uttarakhand,Haridwar,Phishing,High,Corporate,3498713,8792,User Report,Open
CR05884,19-12-2024,Bihar,Patna,Identity Theft,Medium,Healthcare,4645974,41481,CERT-In,Resolved
CR05885,16-01-2025,Kerala,Kozhikode,Ransomware,Critical,Corporate,4141020,33132,User Report,Investigating
CR05886,18-02-2026,Jharkhand,Jamshedpur,Phishing,High,IT,1547009,29958,Organization,Open
CR05887,14-03-2025,Rajasthan,Udaipur,DDoS,Medium,IT,2240750,37444,News,Open
CR05888,08-06-2026,Andaman and Nicobar Islands,Port Blair,Identity Theft,Critical,Government,4569283,43779,News,Resolved
CR05889,09-03-2026,Lakshadweep,Kavaratti,Phishing,Medium,Personal,3539998,20516,News,Resolved
CR05890,06-03-2026,Uttar Pradesh,Lucknow,Data Breach,High,Government,3135776,48252,User Report,Resolved
CR05891,11-04-2024,Tamil Nadu,Coimbatore,Phishing,Medium,E-commerce,3693084,13651,User Report,Investigating
CR05892,19-02-2025,Manipur,Imphal,Online Fraud,Critical,E-commerce,4369637,3223,User Report,Investigating
CR05893,11-11-2024,Tripura,Agartala,Ransomware,High,E-commerce,1479537,30946,News,Investigating
CR05894,16-03-2025,Delhi,New Delhi,Phishing,Critical,Healthcare,1892681,4401,User Report,Investigating
CR05895,18-07-2026,Rajasthan,Udaipur,Ransomware,Critical,Corporate,3910451,13552,News,Open
CR05896,13-04-2025,Tamil Nadu,Chennai,Phishing,Critical,E-commerce,258796,12605,News,Resolved
CR05897,19-12-2024,Madhya Pradesh,Gwalior,DDoS,Medium,Healthcare,1395783,26510,User Report,Open
CR05898,21-07-2025,Telangana,Warangal,Ransomware,High,Corporate,1406091,46458,CERT-In,Resolved
CR05899,08-05-2025,Gujarat,Rajkot,Data Breach,Low,Healthcare,3339279,1235,CERT-In,Resolved
CR05900,17-11-2025,West Bengal,Durgapur,Identity Theft,Critical,Corporate,1364973,44322,User Report,Investigating
CR05901,07-04-2026,Punjab,Ludhiana,Phishing,Medium,IT,4842780,24292,News,Open
CR05902,01-10-2025,Jammu and Kashmir,Srinagar,Ransomware,Critical,Healthcare,1649522,12871,CERT-In,Open
CR05903,25-10-2024,Madhya Pradesh,Indore,Ransomware,Low,IT,123856,44537,News,Resolved
CR05904,06-05-2026,Ladakh,Leh,Identity Theft,Medium,IT,4654168,42612,News,Resolved
CR05905,01-06-2024,Goa,Margao,Ransomware,Critical,Healthcare,3298856,14995,CERT-In,Open
CR05906,27-11-2024,Arunachal Pradesh,Naharlagun,Malware,High,Corporate,312727,27312,CERT-In,Open
CR05907,27-12-2025,Dadra and Nagar Haveli and Daman and Diu,Daman,Malware,Critical,E-commerce,3349609,48673,News,Investigating
CR05908,01-11-2024,Uttar Pradesh,Varanasi,DDoS,Medium,E-commerce,2272346,40523,CERT-In,Investigating
CR05909,14-11-2025,Puducherry,Puducherry,Ransomware,Medium,IT,797004,44213,News,Resolved
CR05910,10-10-2025,Madhya Pradesh,Indore,Identity Theft,High,Banking,859855,18982,CERT-In,Resolved
CR05911,11-12-2025,Nagaland,Kohima,Ransomware,High,Education,96752,29579,CERT-In,Open
CR05912,13-03-2026,Puducherry,Puducherry,Online Fraud,Critical,E-commerce,646672,25458,Organization,Open
CR05913,02-06-2024,Odisha,Bhubaneswar,Online Fraud,High,Corporate,166259,49673,Organization,Open
CR05914,02-08-2025,Goa,Panaji,Ransomware,Medium,Education,4207126,6487,News,Investigating
CR05915,19-12-2024,Lakshadweep,Kavaratti,DDoS,High,Banking,3273669,4654,News,Investigating
CR05916,02-01-2025,Jharkhand,Jamshedpur,Identity Theft,Low,Personal,2637976,21124,User Report,Investigating
CR05917,02-02-2024,Chandigarh,Chandigarh,Malware,Medium,Education,1424025,25766,Organization,Resolved
CR05918,14-02-2026,Odisha,Cuttack,Ransomware,Low,Corporate,3525812,21754,Organization,Investigating
CR05919,09-03-2026,Rajasthan,Udaipur,Online Fraud,Low,Education,714921,40028,User Report,Open
CR05920,30-11-2025,Andaman and Nicobar Islands,Port Blair,Online Fraud,Critical,Personal,2133799,18450,User Report,Investigating
CR05921,12-06-2025,Ladakh,Leh,Online Fraud,Low,Education,3519684,49919,User Report,Resolved
CR05922,19-03-2025,Puducherry,Puducherry,Ransomware,Low,Personal,1803143,758,News,Investigating
CR05923,11-12-2024,Andhra Pradesh,Guntur,Identity Theft,Medium,Banking,3089123,47326,CERT-In,Resolved
CR05924,14-03-2024,Delhi,New Delhi,Online Fraud,Medium,Healthcare,3498532,18482,News,Investigating
CR05925,04-09-2025,Madhya Pradesh,Indore,Ransomware,Medium,IT,818390,2628,Organization,Investigating
CR05926,22-04-2024,Manipur,Imphal,Data Breach,Critical,Government,3056916,27306,News,Resolved
CR05927,26-02-2026,Bihar,Gaya,Online Fraud,High,Government,560516,44490,News,Open
CR05928,15-05-2024,Jammu and Kashmir,Srinagar,Phishing,Low,Education,2247970,39742,CERT-In,Resolved
CR05929,01-02-2024,Meghalaya,Shillong,Malware,High,IT,1269091,49436,User Report,Investigating
CR05930,07-04-2024,Telangana,Hyderabad,Data Breach,Low,Personal,1678493,43167,Organization,Investigating
CR05931,03-10-2024,Puducherry,Puducherry,Online Fraud,Low,Banking,1849500,2142,CERT-In,Open
CR05932,23-11-2025,Telangana,Hyderabad,Data Breach,Critical,Personal,1451562,37662,Organization,Investigating
CR05933,30-07-2024,Madhya Pradesh,Gwalior,Data Breach,Critical,Education,3652233,15617,CERT-In,Open
CR05934,07-01-2024,Haryana,Faridabad,Malware,High,Government,92781,38016,User Report,Investigating
CR05935,15-04-2026,West Bengal,Durgapur,Malware,Critical,IT,198143,16,User Report,Resolved
CR05936,05-04-2026,West Bengal,Siliguri,Data Breach,Low,Corporate,3528170,42247,CERT-In,Open
CR05937,11-12-2024,Andhra Pradesh,Vijayawada,Malware,Critical,Government,3451530,39160,CERT-In,Resolved
CR05938,09-04-2025,Maharashtra,Pune,Ransomware,Medium,Corporate,3156690,29005,Organization,Open
CR05939,26-01-2026,Assam,Dibrugarh,Ransomware,High,Personal,447289,36380,News,Resolved
CR05940,27-09-2024,Maharashtra,Nagpur,Phishing,Critical,Education,3477204,31369,Organization,Investigating
CR05941,24-03-2026,Uttarakhand,Haridwar,Malware,Medium,Government,983879,45520,News,Open
CR05942,13-01-2025,Ladakh,Leh,Identity Theft,Critical,E-commerce,2398868,17026,CERT-In,Investigating
CR05943,27-10-2025,Rajasthan,Jodhpur,Ransomware,Medium,Banking,834192,40936,CERT-In,Open
CR05944,18-06-2024,Rajasthan,Jodhpur,Online Fraud,High,Government,748356,29050,News,Resolved
CR05945,22-09-2025,Himachal Pradesh,Dharamshala,Online Fraud,Medium,Corporate,108820,11610,CERT-In,Resolved
CR05946,27-11-2025,Nagaland,Kohima,Ransomware,Critical,E-commerce,1454664,22550,News,Investigating
CR05947,25-01-2024,Tripura,Agartala,Phishing,Low,Government,1376687,39491,CERT-In,Investigating
CR05948,10-11-2024,Bihar,Gaya,Malware,Low,IT,2369777,21715,Organization,Open
CR05949,28-01-2025,West Bengal,Durgapur,Ransomware,Medium,Banking,4617791,13087,Organization,Open
CR05950,28-01-2024,Goa,Margao,Malware,High,Healthcare,75676,19805,User Report,Resolved
CR05951,30-04-2025,Jammu and Kashmir,Srinagar,DDoS,Low,Government,1643045,15169,Organization,Investigating
CR05952,30-03-2024,Andhra Pradesh,Visakhapatnam,Ransomware,Medium,Personal,1944066,3351,Organization,Open
CR05953,17-10-2024,Odisha,Cuttack,DDoS,High,Healthcare,4244008,49960,News,Investigating
CR05954,21-09-2024,Dadra and Nagar Haveli and Daman and Diu,Daman,Online Fraud,Low,Government,4674148,45555,CERT-In,Resolved
CR05955,07-12-2024,Tripura,Agartala,Data Breach,High,Corporate,34029,27575,News,Resolved
CR05956,05-10-2025,Himachal Pradesh,Shimla,Online Fraud,High,Personal,4598163,25631,CERT-In,Open
CR05957,28-01-2024,Haryana,Faridabad,DDoS,Medium,Healthcare,2135758,35857,User Report,Open
CR05958,23-05-2024,Manipur,Imphal,Data Breach,Low,Education,1055827,19976,News,Resolved
CR05959,05-11-2025,Punjab,Amritsar,Phishing,Critical,Education,1644829,22991,Organization,Open
CR05960,11-02-2025,Meghalaya,Shillong,DDoS,Critical,Government,3369674,49443,Organization,Open
CR05961,26-11-2024,Andaman and Nicobar Islands,Port Blair,Identity Theft,Critical,Corporate,2920962,20052,CERT-In,Resolved
CR05962,21-01-2026,Telangana,Warangal,Ransomware,Medium,Banking,4472021,10103,CERT-In,Resolved
CR05963,29-11-2025,Manipur,Imphal,Online Fraud,Medium,E-commerce,1126202,10074,User Report,Resolved
CR05964,28-03-2026,Mizoram,Aizawl,Data Breach,Critical,Education,214307,48308,CERT-In,Investigating
CR05965,16-08-2024,Arunachal Pradesh,Itanagar,Malware,Medium,Banking,4713251,19169,User Report,Resolved
CR05966,07-02-2026,Uttarakhand,Dehradun,Ransomware,Medium,Corporate,3618042,5850,Organization,Investigating
CR05967,26-02-2024,Jammu and Kashmir,Jammu,Identity Theft,High,Education,250851,47836,CERT-In,Resolved
CR05968,30-04-2024,Kerala,Kozhikode,Phishing,Medium,E-commerce,2465702,16115,News,Resolved
CR05969,09-09-2024,Madhya Pradesh,Bhopal,Phishing,High,Government,850095,27535,User Report,Resolved
CR05970,29-01-2025,Punjab,Amritsar,Phishing,Critical,Personal,2761350,24839,User Report,Resolved
CR05971,25-06-2026,Mizoram,Aizawl,Phishing,Critical,Government,4524003,7594,Organization,Resolved
CR05972,16-10-2025,Chandigarh,Chandigarh,DDoS,Critical,E-commerce,4047590,47604,Organization,Open
CR05973,12-07-2024,Lakshadweep,Kavaratti,Ransomware,Low,Banking,3104837,36776,User Report,Open
CR05974,08-06-2024,Jammu and Kashmir,Jammu,Identity Theft,Low,Healthcare,816334,13170,CERT-In,Resolved
CR05975,17-03-2025,Madhya Pradesh,Bhopal,Identity Theft,Medium,Corporate,3217098,10666,News,Investigating
CR05976,19-08-2024,Arunachal Pradesh,Itanagar,Malware,Medium,Education,4691255,37318,CERT-In,Open
CR05977,11-01-2024,Ladakh,Leh,Phishing,Medium,Banking,4319429,24872,CERT-In,Resolved
CR05978,29-12-2025,Bihar,Patna,Identity Theft,High,Government,3769874,33116,CERT-In,Open
CR05979,12-08-2024,Himachal Pradesh,Shimla,Malware,High,IT,1651419,21987,News,Investigating
CR05980,29-06-2026,Puducherry,Puducherry,Malware,Medium,Government,4667591,45567,Organization,Open
CR05981,07-01-2024,Andaman and Nicobar Islands,Port Blair,Data Breach,Low,Education,2257182,37091,User Report,Resolved
CR05982,15-09-2025,Madhya Pradesh,Indore,Identity Theft,High,Healthcare,3837616,48221,CERT-In,Investigating
CR05983,06-11-2024,Andaman and Nicobar Islands,Port Blair,Identity Theft,High,Healthcare,884455,40856,News,Investigating
CR05984,20-11-2025,Tamil Nadu,Chennai,DDoS,Low,Banking,1913450,24782,Organization,Investigating
CR05985,25-02-2025,Sikkim,Gangtok,Ransomware,Low,Government,4969081,23381,News,Investigating
CR05986,26-07-2026,Chhattisgarh,Bilaspur,Online Fraud,Critical,Banking,1864955,2764,Organization,Resolved
CR05987,12-05-2024,Assam,Dibrugarh,Phishing,Low,Personal,4214895,5663,Organization,Investigating
CR05988,13-08-2024,Sikkim,Gangtok,Online Fraud,Critical,IT,4596881,10274,User Report,Investigating
CR05989,06-04-2025,Manipur,Imphal,Online Fraud,Low,E-commerce,4921751,24169,News,Resolved
CR05990,01-12-2024,Jammu and Kashmir,Srinagar,Phishing,Critical,Government,1257555,6671,News,Resolved
CR05991,08-02-2025,Manipur,Imphal,DDoS,Medium,E-commerce,3607659,3155,User Report,Investigating
CR05992,22-10-2024,Madhya Pradesh,Bhopal,Ransomware,High,Healthcare,881029,47615,Organization,Open
CR05993,09-04-2025,Mizoram,Aizawl,DDoS,Medium,Government,4165700,18355,User Report,Open
CR05994,22-09-2025,Bihar,Muzaffarpur,Ransomware,Critical,Personal,4728062,15511,CERT-In,Open
CR05995,08-03-2024,Lakshadweep,Kavaratti,Online Fraud,Medium,Personal,2464597,46590,Organization,Resolved
CR05996,04-10-2024,Himachal Pradesh,Shimla,Phishing,High,Government,3762528,21783,Organization,Open
CR05997,17-05-2024,Nagaland,Dimapur,DDoS,Low,Banking,4702447,11211,User Report,Resolved
CR05998,26-06-2024,Mizoram,Aizawl,Data Breach,High,Personal,1499611,5043,Organization,Open
CR05999,27-09-2024,Jharkhand,Ranchi,Phishing,Medium,Banking,2289470,42437,User Report,Open
CR06000,06-10-2025,Telangana,Warangal,Data Breach,Low,Banking,1108747,6356,News,Investigating
CR06001,19-10-2024,Karnataka,Mysuru,DDoS,Low,Personal,3717652,32015,CERT-In,Investigating
CR06002,09-12-2024,Uttarakhand,Haridwar,Identity Theft,Critical,E-commerce,3641185,20509,User Report,Resolved
CR06003,09-02-2026,Puducherry,Puducherry,DDoS,Medium,Healthcare,1051006,38327,News,Resolved
CR06004,25-02-2024,Haryana,Panipat,Identity Theft,High,Corporate,2042980,42605,News,Resolved
CR06005,20-10-2024,Tamil Nadu,Madurai,Ransomware,Low,Banking,645599,38307,News,Open
CR06006,25-03-2025,Nagaland,Dimapur,Data Breach,High,Healthcare,4273095,32128,CERT-In,Resolved
CR06007,30-05-2025,Jammu and Kashmir,Srinagar,Phishing,Critical,Healthcare,846023,37156,User Report,Open
CR06008,16-04-2025,Mizoram,Aizawl,Phishing,Low,Healthcare,4073280,35851,News,Open
CR06009,08-07-2026,Assam,Dibrugarh,Identity Theft,Low,Banking,2114150,28296,User Report,Investigating
CR06010,02-06-2026,Maharashtra,Nashik,DDoS,Medium,E-commerce,3461856,14059,User Report,Investigating
CR06011,11-05-2026,Odisha,Bhubaneswar,Malware,Critical,Government,444458,17082,User Report,Investigating
CR06012,22-09-2024,Ladakh,Leh,Identity Theft,High,E-commerce,2160380,27709,CERT-In,Investigating
CR06013,10-01-2025,Haryana,Gurugram,Identity Theft,Low,Healthcare,2247596,24079,CERT-In,Open
CR06014,06-05-2024,Nagaland,Dimapur,Data Breach,Low,Education,438688,11525,Organization,Open
CR06015,11-02-2026,Assam,Dibrugarh,Phishing,Medium,E-commerce,3013999,5922,Organization,Open
CR06016,01-11-2025,Tamil Nadu,Chennai,Data Breach,High,IT,4923497,1896,News,Investigating
CR06017,10-09-2024,Andaman and Nicobar Islands,Port Blair,DDoS,Critical,Personal,4483761,9319,News,Open
CR06018,28-03-2025,Arunachal Pradesh,Naharlagun,DDoS,Critical,E-commerce,3825388,25155,News,Resolved
CR06019,12-09-2025,Jammu and Kashmir,Jammu,Ransomware,Medium,Corporate,3393988,16797,Organization,Investigating
CR06020,22-03-2026,Assam,Guwahati,Phishing,Medium,Government,262053,5702,User Report,Investigating
CR06021,30-07-2025,Tamil Nadu,Coimbatore,DDoS,Critical,Personal,2321314,35932,CERT-In,Open
CR06022,14-07-2026,Karnataka,Mangaluru,Identity Theft,Critical,Education,2719967,43019,User Report,Investigating
CR06023,15-01-2026,Puducherry,Puducherry,Identity Theft,Low,Corporate,4841115,46960,Organization,Open
CR06024,02-04-2024,Odisha,Cuttack,DDoS,Low,Education,4768956,19557,User Report,Open
CR06025,12-05-2025,Gujarat,Surat,Data Breach,High,E-commerce,2098295,20975,News,Open
CR06026,12-03-2024,Uttar Pradesh,Kanpur,Malware,High,IT,2000989,27490,Organization,Investigating
CR06027,19-07-2026,Karnataka,Bengaluru,Identity Theft,Critical,Banking,3396755,25304,News,Resolved
CR06028,27-05-2026,Tripura,Agartala,Data Breach,Critical,E-commerce,3180090,36739,News,Open
CR06029,04-01-2026,Jammu and Kashmir,Srinagar,DDoS,Critical,Education,479782,1192,Organization,Resolved
CR06030,03-07-2026,Gujarat,Ahmedabad,Malware,Critical,Personal,1217757,113,CERT-In,Investigating
CR06031,16-09-2024,Puducherry,Puducherry,Phishing,Medium,IT,1100803,35527,News,Investigating
CR06032,05-07-2025,Delhi,New Delhi,DDoS,Medium,Banking,4502588,30099,User Report,Resolved
CR06033,30-04-2025,Ladakh,Leh,DDoS,Critical,Healthcare,4973768,18552,User Report,Investigating
CR06034,14-10-2024,Ladakh,Leh,Data Breach,Medium,Banking,4156965,30658,User Report,Investigating
CR06035,31-10-2024,Ladakh,Leh,Malware,Critical,IT,2391644,48852,Organization,Resolved
CR06036,30-11-2025,Goa,Margao,DDoS,Critical,Banking,2294554,42338,CERT-In,Resolved
CR06037,24-06-2026,Punjab,Chandigarh,Data Breach,Critical,E-commerce,1455174,11473,News,Resolved
CR06038,20-08-2024,Delhi,New Delhi,Data Breach,Critical,Education,770830,17071,CERT-In,Resolved
CR06039,07-02-2025,Rajasthan,Jaipur,Phishing,Low,Education,1116614,18085,User Report,Investigating
CR06040,12-01-2024,Bihar,Patna,Data Breach,Critical,E-commerce,2206608,47996,CERT-In,Resolved
CR06041,11-01-2024,Gujarat,Surat,Data Breach,High,E-commerce,1534311,11652,Organization,Open
CR06042,07-03-2024,Arunachal Pradesh,Itanagar,Online Fraud,Critical,Healthcare,2844848,5110,CERT-In,Open
CR06043,09-03-2024,Chhattisgarh,Raipur,Phishing,Critical,Government,4081244,30191,News,Investigating
CR06044,20-08-2024,Gujarat,Surat,Online Fraud,High,Corporate,53519,34790,User Report,Investigating
CR06045,10-04-2026,Uttar Pradesh,Lucknow,Online Fraud,High,Personal,4074196,16934,News,Resolved
CR06046,17-12-2025,West Bengal,Kolkata,Phishing,Critical,Education,4548304,7232,User Report,Resolved
CR06047,16-01-2026,Puducherry,Puducherry,Phishing,High,Education,3279017,45187,User Report,Resolved
CR06048,02-10-2024,Maharashtra,Pune,Ransomware,Critical,Healthcare,2409242,5672,News,Resolved
CR06049,17-12-2025,Tripura,Agartala,Malware,Medium,Education,3973182,21628,News,Open
CR06050,13-07-2024,Kerala,Kochi,Identity Theft,High,Personal,1799270,337,News,Investigating
CR06051,30-03-2024,Nagaland,Kohima,DDoS,Low,Education,224838,5739,Organization,Open
CR06052,22-10-2025,Nagaland,Dimapur,Ransomware,Critical,Healthcare,4291567,8920,News,Open
CR06053,26-02-2025,Jammu and Kashmir,Jammu,Phishing,Low,Banking,2593175,32866,Organization,Open
CR06054,13-07-2024,Puducherry,Puducherry,Data Breach,Low,IT,832354,23550,CERT-In,Open
CR06055,01-07-2026,Nagaland,Dimapur,Malware,High,Education,874198,48974,Organization,Investigating
CR06056,17-02-2026,Jammu and Kashmir,Jammu,DDoS,Low,Government,631964,17086,Organization,Investigating
CR06057,29-07-2026,Karnataka,Mysuru,Ransomware,High,Healthcare,2040923,16125,News,Resolved
CR06058,10-02-2026,Delhi,New Delhi,Malware,Critical,Government,371409,8059,Organization,Open
CR06059,07-02-2025,Karnataka,Mysuru,DDoS,Low,Personal,1688498,6241,Organization,Resolved
CR06060,09-12-2024,Puducherry,Puducherry,Online Fraud,Critical,Education,1750135,17915,News,Open
CR06061,28-06-2025,Telangana,Hyderabad,DDoS,Critical,IT,3503529,24581,Organization,Investigating
CR06062,24-12-2024,Sikkim,Gangtok,Phishing,Critical,Personal,1453382,39545,User Report,Investigating
CR06063,17-04-2024,Kerala,Kozhikode,Data Breach,Low,Banking,1891193,37534,CERT-In,Investigating
CR06064,29-03-2024,Rajasthan,Udaipur,Phishing,Low,Banking,2445573,22639,User Report,Resolved
CR06065,04-03-2026,Puducherry,Puducherry,Ransomware,Low,Corporate,4746781,18723,User Report,Open
CR06066,03-02-2025,Sikkim,Gangtok,Phishing,Critical,Corporate,143668,755,Organization,Open
CR06067,08-10-2024,Odisha,Cuttack,Malware,Medium,Healthcare,2990222,46390,Organization,Investigating
CR06068,06-05-2025,Punjab,Chandigarh,DDoS,Medium,Banking,3207015,26,CERT-In,Investigating
CR06069,06-04-2026,Gujarat,Rajkot,Phishing,Critical,Corporate,1558962,25625,News,Open
CR06070,24-10-2024,Tamil Nadu,Coimbatore,Phishing,Medium,Education,52944,17543,CERT-In,Open
CR06071,07-12-2025,Puducherry,Puducherry,Online Fraud,Medium,Banking,2534183,39441,News,Resolved
CR06072,18-08-2025,Karnataka,Mangaluru,DDoS,High,Healthcare,4415228,37741,Organization,Investigating
CR06073,08-02-2024,Andaman and Nicobar Islands,Port Blair,Phishing,Medium,Corporate,3187934,12923,CERT-In,Resolved
CR06074,11-11-2025,Andhra Pradesh,Vijayawada,Data Breach,High,Corporate,3174100,20234,CERT-In,Open
CR06075,11-02-2026,Jharkhand,Jamshedpur,Ransomware,High,E-commerce,4060265,48794,News,Resolved
CR06076,06-01-2025,Delhi,New Delhi,Malware,Critical,Corporate,948634,14644,News,Resolved
CR06077,24-06-2026,Uttarakhand,Haridwar,Phishing,Medium,IT,2791496,25187,News,Open
CR06078,13-03-2024,Jharkhand,Ranchi,Data Breach,Low,Banking,2505779,8572,News,Resolved
CR06079,29-06-2024,Gujarat,Vadodara,Ransomware,Critical,Education,739355,35121,Organization,Resolved
CR06080,15-07-2024,Delhi,New Delhi,Identity Theft,Low,Personal,2897252,25282,User Report,Investigating
CR06081,29-05-2026,Nagaland,Kohima,Ransomware,High,E-commerce,3493382,44801,Organization,Open
CR06082,15-03-2026,Lakshadweep,Kavaratti,DDoS,Medium,Personal,1770096,13088,CERT-In,Investigating
CR06083,18-05-2024,Uttar Pradesh,Lucknow,Identity Theft,Low,E-commerce,565361,13522,CERT-In,Investigating
CR06084,25-01-2024,Delhi,New Delhi,Ransomware,Critical,E-commerce,2783100,27614,Organization,Open
CR06085,25-05-2025,Manipur,Imphal,Identity Theft,High,Banking,2243384,15328,CERT-In,Resolved
CR06086,25-02-2025,Uttar Pradesh,Lucknow,Malware,Low,Personal,4222605,37021,Organization,Open
CR06087,11-09-2025,Maharashtra,Nashik,Identity Theft,Low,IT,4920985,3663,CERT-In,Open
CR06088,17-10-2025,Manipur,Imphal,Malware,Low,Personal,645307,27665,Organization,Open
CR06089,19-07-2025,Chandigarh,Chandigarh,Identity Theft,Low,Banking,2502105,23919,Organization,Resolved
CR06090,23-06-2025,Manipur,Imphal,DDoS,Low,E-commerce,4221389,47536,Organization,Resolved
CR06091,08-09-2024,Manipur,Imphal,Identity Theft,High,Personal,4570393,46139,CERT-In,Resolved
CR06092,07-02-2026,Chandigarh,Chandigarh,DDoS,Critical,Personal,2112152,32814,CERT-In,Investigating
CR06093,03-08-2025,Himachal Pradesh,Dharamshala,Data Breach,Medium,Personal,1290340,31037,News,Resolved
CR06094,05-05-2026,Bihar,Gaya,Ransomware,High,Banking,2840719,41865,User Report,Investigating
CR06095,23-11-2024,Gujarat,Surat,DDoS,Critical,Government,4209016,41535,Organization,Investigating
CR06096,05-10-2024,Gujarat,Ahmedabad,Phishing,Critical,Personal,1693431,20577,Organization,Open
CR06097,17-11-2024,Maharashtra,Nashik,Online Fraud,High,Banking,2701652,40974,News,Investigating
CR06098,27-01-2025,Rajasthan,Udaipur,Malware,Medium,Education,2485583,40557,CERT-In,Open
CR06099,28-04-2025,Uttar Pradesh,Kanpur,DDoS,High,Government,3117251,32885,User Report,Resolved
CR06100,20-06-2026,Lakshadweep,Kavaratti,Malware,High,Banking,2338544,18132,Organization,Resolved
CR06101,11-08-2025,Manipur,Imphal,DDoS,High,Education,4796515,11989,CERT-In,Resolved
CR06102,04-11-2024,Lakshadweep,Kavaratti,Ransomware,Medium,E-commerce,4487554,47962,CERT-In,Open
CR06103,09-04-2024,Meghalaya,Shillong,Phishing,High,E-commerce,4201741,15342,CERT-In,Open
CR06104,13-04-2024,Andhra Pradesh,Visakhapatnam,Data Breach,Low,E-commerce,998771,29654,Organization,Open
CR06105,29-05-2025,Goa,Panaji,DDoS,High,Banking,4727565,32802,CERT-In,Investigating
CR06106,17-07-2026,Rajasthan,Jodhpur,Malware,Critical,E-commerce,1407391,15910,CERT-In,Open
CR06107,02-12-2025,Maharashtra,Pune,Identity Theft,Critical,Education,619045,30186,User Report,Resolved
CR06108,06-06-2025,Lakshadweep,Kavaratti,Phishing,Medium,E-commerce,4321343,46037,CERT-In,Investigating
CR06109,21-02-2025,Assam,Guwahati,Malware,Low,Corporate,3519039,22648,User Report,Open
CR06110,20-03-2024,Odisha,Cuttack,Identity Theft,Medium,E-commerce,3607151,18153,User Report,Open
CR06111,15-05-2026,Jammu and Kashmir,Jammu,Data Breach,High,IT,3883438,29563,News,Resolved
CR06112,14-05-2025,Haryana,Faridabad,Ransomware,Low,Banking,2379089,28529,Organization,Open
CR06113,09-06-2025,Meghalaya,Shillong,Phishing,High,Personal,4324326,7996,Organization,Open
CR06114,26-05-2024,Tripura,Agartala,Identity Theft,Medium,IT,1648977,27786,User Report,Investigating
CR06115,04-02-2025,Punjab,Amritsar,Phishing,Low,Corporate,4946136,9855,Organization,Resolved
CR06116,19-11-2025,Odisha,Cuttack,DDoS,High,Banking,1717106,39171,User Report,Resolved
CR06117,07-07-2026,Odisha,Cuttack,Identity Theft,Medium,Government,1948461,48089,CERT-In,Resolved
CR06118,31-08-2025,Chhattisgarh,Bilaspur,DDoS,Medium,E-commerce,438470,25923,User Report,Resolved
CR06119,12-03-2026,Arunachal Pradesh,Naharlagun,Data Breach,High,Corporate,1555996,41763,User Report,Open
CR06120,10-10-2024,Uttarakhand,Dehradun,Online Fraud,High,Banking,1636967,27086,News,Open
CR06121,14-06-2025,Delhi,New Delhi,Malware,Medium,E-commerce,4138234,31997,User Report,Investigating
CR06122,06-09-2025,Odisha,Bhubaneswar,DDoS,High,Government,2887941,45562,News,Resolved
CR06123,04-10-2025,Puducherry,Puducherry,Identity Theft,Low,E-commerce,1174741,32722,CERT-In,Investigating
CR06124,14-09-2025,Dadra and Nagar Haveli and Daman and Diu,Daman,Phishing,Low,IT,3358546,22794,CERT-In,Resolved
CR06125,08-10-2024,West Bengal,Siliguri,DDoS,Critical,E-commerce,3627916,44003,News,Investigating
CR06126,18-05-2026,Odisha,Cuttack,Ransomware,Medium,Banking,3069265,14030,News,Open
CR06127,01-03-2025,Ladakh,Leh,Online Fraud,Low,Healthcare,1385304,20981,Organization,Resolved
CR06128,29-12-2024,Gujarat,Ahmedabad,Malware,Critical,Personal,4408470,38347,Organization,Open
CR06129,16-08-2025,Chhattisgarh,Raipur,Phishing,Critical,Healthcare,763481,16275,CERT-In,Resolved
CR06130,05-08-2024,Himachal Pradesh,Shimla,Online Fraud,Medium,IT,3343731,17334,Organization,Investigating
CR06131,24-04-2026,Ladakh,Leh,Ransomware,Critical,Personal,755126,38933,News,Open
CR06132,22-08-2024,Haryana,Panipat,Malware,Medium,Banking,100668,46703,Organization,Resolved
CR06133,20-12-2025,Dadra and Nagar Haveli and Daman and Diu,Daman,DDoS,Medium,Personal,1313424,11549,CERT-In,Investigating
CR06134,09-04-2026,Mizoram,Aizawl,Data Breach,Critical,Government,1201566,18237,Organization,Investigating
CR06135,30-03-2025,Andhra Pradesh,Guntur,Online Fraud,Medium,Personal,1875298,4391,Organization,Open
CR06136,19-08-2024,Lakshadweep,Kavaratti,Identity Theft,Low,Education,2163694,30832,User Report,Investigating
CR06137,22-02-2024,Tripura,Agartala,Data Breach,Low,Personal,2610231,9812,CERT-In,Investigating
CR06138,22-12-2025,Maharashtra,Pune,Ransomware,Medium,Banking,4297878,18385,News,Investigating
CR06139,08-12-2025,West Bengal,Siliguri,Malware,High,Personal,3523821,25218,News,Resolved
CR06140,11-10-2025,Lakshadweep,Kavaratti,Ransomware,Critical,Banking,1317231,26665,News,Resolved
CR06141,13-06-2026,Haryana,Gurugram,Identity Theft,Medium,Banking,3418850,5503,News,Investigating
CR06142,12-02-2025,Jharkhand,Ranchi,Phishing,Low,Personal,1745325,9643,CERT-In,Open
CR06143,18-01-2026,Rajasthan,Jodhpur,Online Fraud,Critical,Education,2490596,2679,Organization,Resolved
CR06144,14-12-2025,West Bengal,Kolkata,Online Fraud,Medium,Personal,3287433,37098,User Report,Investigating
CR06145,14-09-2024,Delhi,New Delhi,Data Breach,Low,Corporate,4535091,35270,CERT-In,Investigating
CR06146,26-11-2024,Maharashtra,Pune,Ransomware,Critical,Corporate,3916271,25356,News,Investigating
CR06147,11-03-2024,Tripura,Agartala,Phishing,Medium,IT,1742399,30129,Organization,Open
CR06148,19-01-2024,Odisha,Cuttack,Ransomware,High,Healthcare,1510522,17822,CERT-In,Investigating
CR06149,09-07-2025,Ladakh,Leh,Malware,Critical,Education,4810160,14948,Organization,Resolved
CR06150,05-01-2025,Odisha,Bhubaneswar,Phishing,Low,Personal,3358175,422,User Report,Investigating
CR06151,02-03-2025,Uttar Pradesh,Kanpur,Identity Theft,Medium,Personal,254438,38782,User Report,Investigating
CR06152,17-02-2024,Bihar,Patna,Malware,Low,E-commerce,4403458,1361,User Report,Open
CR06153,24-09-2024,Sikkim,Gangtok,Malware,High,Corporate,2795671,36396,CERT-In,Resolved
CR06154,11-08-2024,Assam,Silchar,DDoS,Low,Personal,378392,47146,Organization,Open
CR06155,24-01-2024,Gujarat,Rajkot,Phishing,Medium,Personal,3565611,33462,News,Investigating
CR06156,10-06-2024,Jharkhand,Ranchi,Online Fraud,High,Personal,2920967,24186,User Report,Resolved
CR06157,16-06-2024,Telangana,Hyderabad,Malware,Low,Healthcare,152326,43439,News,Investigating
CR06158,02-05-2024,Mizoram,Aizawl,Malware,Low,Healthcare,1390397,47993,News,Open
CR06159,13-08-2025,Jharkhand,Ranchi,Identity Theft,Low,Banking,2543580,29687,CERT-In,Resolved
CR06160,13-01-2024,Haryana,Panipat,Online Fraud,Critical,Personal,1417871,29102,Organization,Open
CR06161,15-01-2024,Chhattisgarh,Bilaspur,Ransomware,Low,Corporate,1627130,5651,CERT-In,Open
CR06162,08-04-2026,Tripura,Agartala,DDoS,High,Healthcare,3103059,23909,CERT-In,Investigating
CR06163,23-06-2025,Nagaland,Kohima,Ransomware,Critical,Healthcare,1230427,40529,Organization,Open
CR06164,01-01-2024,Mizoram,Aizawl,Malware,Low,Government,4609052,18167,CERT-In,Resolved
CR06165,13-07-2025,Telangana,Warangal,Ransomware,High,IT,1651932,3065,News,Open
CR06166,11-04-2025,Tripura,Agartala,Ransomware,Low,Healthcare,4648229,28242,News,Open
CR06167,08-05-2024,Assam,Guwahati,Malware,Critical,Corporate,1643858,12182,User Report,Resolved
CR06168,17-05-2024,Himachal Pradesh,Shimla,Ransomware,Low,Corporate,2455968,4113,CERT-In,Resolved
CR06169,20-05-2024,Chhattisgarh,Bilaspur,Data Breach,Critical,Education,917038,22255,User Report,Investigating
CR06170,17-05-2026,Nagaland,Kohima,Phishing,High,Banking,3116789,8789,Organization,Open
CR06171,06-01-2026,West Bengal,Siliguri,Identity Theft,Medium,Personal,4785354,45222,CERT-In,Open
CR06172,03-02-2026,Delhi,New Delhi,Data Breach,Medium,Education,3457805,44876,CERT-In,Resolved
CR06173,14-03-2026,Chhattisgarh,Bilaspur,Data Breach,Low,Personal,306893,23479,CERT-In,Resolved
CR06174,09-01-2026,Andaman and Nicobar Islands,Port Blair,Ransomware,Medium,Banking,4126021,35378,News,Investigating
CR06175,22-09-2024,Arunachal Pradesh,Itanagar,Data Breach,Critical,Government,2056323,32072,User Report,Resolved
CR06176,16-06-2025,Jharkhand,Ranchi,Malware,Medium,Education,3066899,16679,Organization,Resolved
CR06177,15-04-2024,Dadra and Nagar Haveli and Daman and Diu,Daman,Ransomware,Critical,Education,4239698,34386,News,Resolved
CR06178,03-04-2024,Punjab,Ludhiana,Data Breach,Critical,Government,3234969,34066,News,Open
CR06179,27-04-2025,Gujarat,Ahmedabad,Data Breach,Low,Banking,3381610,37503,News,Open
CR06180,25-11-2024,Kerala,Kochi,Ransomware,High,IT,1632633,22823,CERT-In,Investigating
CR06181,11-10-2025,Lakshadweep,Kavaratti,Malware,High,IT,884291,25008,User Report,Resolved
CR06182,19-12-2025,Karnataka,Mangaluru,Malware,High,Banking,3882287,41882,Organization,Open
CR06183,31-08-2025,Maharashtra,Pune,Phishing,Low,Education,2522423,14302,News,Resolved
CR06184,06-04-2026,Ladakh,Leh,Phishing,Medium,E-commerce,2811336,39987,CERT-In,Open
CR06185,07-04-2025,Kerala,Kozhikode,Identity Theft,Low,Healthcare,209769,40380,CERT-In,Open
CR06186,16-05-2026,Chhattisgarh,Raipur,DDoS,Low,Education,1422605,36626,News,Investigating
CR06187,11-09-2025,Chandigarh,Chandigarh,Online Fraud,Critical,Personal,2376308,19343,News,Investigating
CR06188,22-03-2025,Tamil Nadu,Madurai,Data Breach,High,IT,704155,12002,Organization,Investigating
CR06189,26-10-2025,Uttar Pradesh,Lucknow,Malware,Medium,Education,2222095,20310,User Report,Investigating
CR06190,05-04-2025,Tamil Nadu,Chennai,Identity Theft,Medium,Corporate,4941316,34713,User Report,Investigating
CR06191,03-01-2024,Madhya Pradesh,Gwalior,Data Breach,Low,Banking,1053635,3384,News,Open
CR06192,12-07-2025,Manipur,Imphal,Online Fraud,Low,Corporate,2676689,32849,News,Resolved
CR06193,24-07-2024,Gujarat,Ahmedabad,DDoS,High,IT,1075384,5546,User Report,Open
CR06194,18-01-2025,Lakshadweep,Kavaratti,DDoS,Critical,IT,1480482,17510,CERT-In,Investigating
CR06195,08-12-2025,Goa,Margao,Identity Theft,Medium,Personal,3789291,15006,Organization,Open
CR06196,03-08-2025,Dadra and Nagar Haveli and Daman and Diu,Daman,Phishing,Low,Corporate,3589712,18069,Organization,Resolved
CR06197,05-05-2026,Uttar Pradesh,Varanasi,Phishing,Critical,Personal,1224739,17373,News,Open
CR06198,28-09-2024,Jammu and Kashmir,Jammu,Ransomware,Medium,Government,2915202,28875,User Report,Resolved
CR06199,02-10-2024,Nagaland,Dimapur,Data Breach,High,Healthcare,2157099,28953,User Report,Investigating
CR06200,04-10-2025,Arunachal Pradesh,Itanagar,Phishing,High,E-commerce,4109885,35272,User Report,Resolved
CR06201,14-03-2026,Rajasthan,Jaipur,Identity Theft,Low,Government,4348002,30419,News,Investigating
CR06202,25-07-2025,Madhya Pradesh,Gwalior,Data Breach,High,E-commerce,2939210,38291,CERT-In,Resolved
CR06203,13-04-2025,Uttar Pradesh,Kanpur,Identity Theft,Medium,Personal,3770787,1442,User Report,Open
CR06204,06-12-2024,Jammu and Kashmir,Srinagar,Online Fraud,High,Healthcare,713094,29445,News,Open
CR06205,25-02-2025,Arunachal Pradesh,Naharlagun,Malware,Medium,Banking,432076,14298,CERT-In,Resolved
CR06206,28-11-2024,Maharashtra,Mumbai,Identity Theft,Low,Government,3955938,36255,CERT-In,Open
CR06207,21-03-2026,Arunachal Pradesh,Itanagar,Data Breach,Critical,Personal,4197936,28649,CERT-In,Open
CR06208,30-05-2026,Andhra Pradesh,Visakhapatnam,Ransomware,High,Banking,3562613,42324,CERT-In,Open
CR06209,27-06-2025,Ladakh,Leh,DDoS,Critical,Healthcare,1328418,10826,Organization,Open
CR06210,31-10-2024,Jharkhand,Jamshedpur,Data Breach,Low,IT,4307322,36723,User Report,Investigating
CR06211,18-04-2026,Bihar,Gaya,Online Fraud,High,Banking,1460786,2316,News,Investigating
CR06212,18-05-2026,West Bengal,Durgapur,Ransomware,Medium,Corporate,717179,14267,CERT-In,Investigating
CR06213,06-10-2025,Sikkim,Gangtok,Online Fraud,Low,Personal,4778550,11604,User Report,Investigating
CR06214,25-01-2024,Chhattisgarh,Raipur,Data Breach,Critical,Healthcare,1965637,5329,News,Open
CR06215,28-04-2024,Madhya Pradesh,Indore,Phishing,Low,Corporate,4638273,46115,Organization,Investigating
CR06216,25-06-2024,Goa,Margao,Ransomware,Critical,Government,334388,10910,User Report,Resolved
CR06217,07-05-2026,Maharashtra,Nashik,Malware,Low,Banking,4773718,7444,User Report,Resolved
CR06218,28-11-2025,Tripura,Agartala,Malware,Medium,Healthcare,1201546,23080,News,Open
CR06219,15-05-2024,Telangana,Warangal,Ransomware,Low,Healthcare,3209775,26943,User Report,Open
CR06220,15-05-2026,Uttar Pradesh,Kanpur,Online Fraud,Critical,Personal,378700,1379,News,Investigating
CR06221,30-01-2025,Odisha,Cuttack,Online Fraud,High,Education,3292896,14724,CERT-In,Open
CR06222,18-05-2026,Jharkhand,Jamshedpur,Data Breach,Medium,IT,2403495,19766,Organization,Open
CR06223,31-07-2024,Bihar,Patna,DDoS,Critical,Personal,1878671,2270,CERT-In,Open
CR06224,12-04-2025,Madhya Pradesh,Gwalior,Ransomware,Medium,Education,725492,18228,Organization,Open
CR06225,13-11-2024,Chhattisgarh,Bilaspur,Data Breach,Low,IT,3785122,30683,News,Investigating
CR06226,30-01-2026,Tamil Nadu,Chennai,Online Fraud,Critical,Corporate,1722927,22534,User Report,Investigating
CR06227,15-03-2025,Mizoram,Aizawl,Phishing,Critical,E-commerce,613490,6004,Organization,Resolved
CR06228,11-10-2024,Dadra and Nagar Haveli and Daman and Diu,Silvassa,Identity Theft,Medium,IT,4751101,48136,User Report,Resolved
CR06229,19-12-2025,Kerala,Thiruvananthapuram,Identity Theft,Medium,Personal,4615566,12582,News,Investigating
CR06230,09-09-2024,Ladakh,Leh,Ransomware,Critical,Education,1766034,10724,CERT-In,Resolved
CR06231,24-12-2025,Sikkim,Gangtok,Phishing,Critical,Corporate,791762,46066,CERT-In,Resolved
CR06232,12-05-2025,Telangana,Warangal,Identity Theft,Low,Education,1445457,45540,Organization,Open
CR06233,06-10-2024,Odisha,Cuttack,Malware,High,IT,1954038,35347,Organization,Resolved
CR06234,29-03-2026,Jharkhand,Ranchi,Online Fraud,Critical,Healthcare,3066346,26973,User Report,Open
CR06235,23-11-2024,Tripura,Agartala,DDoS,Medium,Banking,2758138,43074,Organization,Open
CR06236,09-12-2024,Delhi,New Delhi,DDoS,Medium,Government,768825,18238,CERT-In,Open
CR06237,23-02-2025,West Bengal,Kolkata,Identity Theft,Critical,Government,1960387,23013,News,Open
CR06238,03-12-2025,West Bengal,Kolkata,Data Breach,Medium,Banking,3596776,3634,User Report,Resolved
CR06239,25-10-2024,Gujarat,Ahmedabad,Ransomware,Low,IT,1548833,15590,Organization,Resolved
CR06240,13-04-2024,Karnataka,Bengaluru,Ransomware,Low,Personal,1014386,47830,User Report,Investigating
CR06241,14-06-2026,Chhattisgarh,Raipur,Malware,Medium,E-commerce,3324546,38242,News,Open
CR06242,09-01-2025,Bihar,Patna,DDoS,Critical,Education,1275693,28256,CERT-In,Open
CR06243,20-11-2024,Jammu and Kashmir,Srinagar,Phishing,High,Healthcare,301866,13973,News,Open
CR06244,08-02-2026,Chhattisgarh,Bilaspur,Phishing,Low,Government,1167533,25917,Organization,Open
CR06245,05-01-2026,Assam,Silchar,Ransomware,Medium,IT,2456644,38583,CERT-In,Investigating
CR06246,03-12-2024,Rajasthan,Jodhpur,Online Fraud,Medium,Banking,2359385,9756,News,Investigating
CR06247,16-12-2024,Tripura,Agartala,Identity Theft,Low,Education,2497347,36315,Organization,Investigating
CR06248,19-07-2026,Uttar Pradesh,Noida,DDoS,Medium,Healthcare,1461257,46511,CERT-In,Resolved
CR06249,09-10-2024,Nagaland,Kohima,Data Breach,Low,E-commerce,4565725,15340,News,Resolved
CR06250,28-06-2024,Rajasthan,Jaipur,Ransomware,Low,IT,4285110,11032,CERT-In,Open
CR06251,26-01-2024,Puducherry,Puducherry,DDoS,Medium,IT,3109544,45428,Organization,Investigating
CR06252,16-09-2025,Chhattisgarh,Raipur,Data Breach,Critical,Corporate,479748,32579,User Report,Open
CR06253,15-06-2025,Uttar Pradesh,Noida,DDoS,Medium,Banking,1543445,14728,Organization,Investigating
CR06254,05-04-2025,Dadra and Nagar Haveli and Daman and Diu,Silvassa,Data Breach,Low,Corporate,3926106,38266,Organization,Investigating
CR06255,10-09-2024,Jharkhand,Jamshedpur,Data Breach,Medium,Education,4541715,26067,Organization,Open
CR06256,20-02-2025,Goa,Margao,Identity Theft,Critical,Banking,2881897,15732,Organization,Open
CR06257,24-09-2025,Kerala,Kozhikode,Phishing,Low,Personal,2433113,1287,CERT-In,Investigating
CR06258,02-05-2025,Madhya Pradesh,Indore,DDoS,Medium,Healthcare,4074090,18279,News,Resolved
CR06259,31-07-2026,Andaman and Nicobar Islands,Port Blair,Data Breach,Low,Education,2538142,5373,News,Investigating
CR06260,11-02-2026,Himachal Pradesh,Shimla,Malware,Low,Personal,3237239,20257,CERT-In,Investigating
CR06261,22-07-2025,Bihar,Patna,Ransomware,Critical,Corporate,1320648,900,User Report,Open
CR06262,30-06-2025,Rajasthan,Jaipur,Online Fraud,Medium,Personal,540218,37478,User Report,Open
CR06263,27-04-2026,Delhi,New Delhi,Ransomware,Critical,Personal,258865,25495,News,Investigating
CR06264,05-01-2025,Puducherry,Puducherry,Phishing,Critical,Corporate,778086,31991,CERT-In,Resolved
CR06265,25-04-2024,Telangana,Hyderabad,Online Fraud,Medium,Government,4211848,20781,Organization,Investigating
CR06266,22-08-2025,Jharkhand,Jamshedpur,Phishing,Medium,Banking,4648207,9042,CERT-In,Open
CR06267,26-03-2026,Assam,Silchar,Data Breach,Low,Government,3700406,18535,User Report,Resolved
CR06268,10-02-2024,Andaman and Nicobar Islands,Port Blair,Ransomware,Critical,E-commerce,3530977,32520,User Report,Open
CR06269,28-08-2025,Goa,Panaji,Ransomware,High,Personal,3980021,44071,Organization,Open
CR06270,17-07-2024,Haryana,Faridabad,Phishing,Medium,Personal,3623792,1018,CERT-In,Investigating
CR06271,18-05-2026,Odisha,Cuttack,Ransomware,Medium,Corporate,4021485,44457,User Report,Open
CR06272,19-12-2024,Punjab,Amritsar,Malware,High,Education,4435332,39393,News,Open
CR06273,19-02-2025,Himachal Pradesh,Dharamshala,Data Breach,Critical,E-commerce,4138337,48492,Organization,Investigating
CR06274,13-05-2026,Mizoram,Aizawl,DDoS,Medium,Education,3851827,8531,News,Investigating
CR06275,10-12-2024,Rajasthan,Jodhpur,Ransomware,Critical,Healthcare,2217716,45390,User Report,Open
CR06276,29-06-2025,Andhra Pradesh,Guntur,DDoS,Critical,E-commerce,1859894,11898,CERT-In,Investigating
CR06277,17-02-2026,Ladakh,Leh,Data Breach,Medium,Education,2093596,13181,Organization,Resolved
CR06278,10-04-2024,Telangana,Warangal,DDoS,Low,IT,4674333,15338,News,Resolved
CR06279,29-06-2024,Meghalaya,Shillong,Malware,Medium,Government,254339,28872,News,Investigating
CR06280,24-10-2025,Ladakh,Leh,Ransomware,Low,Healthcare,4659247,7381,User Report,Resolved
CR06281,31-01-2025,Chhattisgarh,Bilaspur,Malware,Critical,Education,1977169,45191,News,Open
CR06282,27-12-2024,Karnataka,Mangaluru,Data Breach,High,Banking,2618004,10251,User Report,Open
CR06283,14-03-2025,Telangana,Hyderabad,Identity Theft,Medium,Corporate,4331182,16926,News,Investigating
CR06284,27-07-2026,Goa,Panaji,Online Fraud,High,Banking,3372816,49366,CERT-In,Resolved
CR06285,28-04-2026,Arunachal Pradesh,Naharlagun,Phishing,Low,Personal,2522339,4894,News,Investigating
CR06286,16-09-2024,Uttar Pradesh,Noida,Data Breach,Medium,Healthcare,4230498,34837,News,Open
CR06287,25-03-2024,Haryana,Panipat,Data Breach,Low,Healthcare,214067,17160,CERT-In,Investigating
CR06288,11-12-2024,Uttar Pradesh,Varanasi,Identity Theft,Critical,Government,3083324,37227,Organization,Open
CR06289,19-02-2025,Rajasthan,Jodhpur,Phishing,Medium,E-commerce,1580079,32264,User Report,Resolved
CR06290,02-10-2025,West Bengal,Siliguri,Ransomware,Critical,Personal,3660976,1461,Organization,Resolved
CR06291,09-05-2025,Goa,Margao,Identity Theft,Low,IT,2033250,21902,User Report,Open
CR06292,23-03-2026,Jammu and Kashmir,Srinagar,Data Breach,High,Banking,3411881,42276,News,Resolved
CR06293,02-01-2026,Tripura,Agartala,Ransomware,Critical,Personal,33730,10273,CERT-In,Open
CR06294,29-09-2025,Meghalaya,Shillong,DDoS,Medium,Healthcare,537293,14276,CERT-In,Resolved
CR06295,22-07-2024,Assam,Silchar,Data Breach,High,Personal,3768228,1883,Organization,Investigating
CR06296,28-04-2025,Gujarat,Rajkot,Identity Theft,High,IT,4329680,40547,CERT-In,Open
CR06297,04-07-2024,Ladakh,Leh,Malware,High,Banking,2039680,46694,CERT-In,Resolved
CR06298,27-06-2026,Nagaland,Dimapur,Online Fraud,Low,Corporate,906030,16967,CERT-In,Resolved
CR06299,05-11-2024,Manipur,Imphal,Identity Theft,High,Banking,2887430,46416,News,Investigating
CR06300,07-02-2024,Uttarakhand,Haridwar,Ransomware,Medium,Personal,1992035,651,Organization,Investigating
CR06301,29-12-2024,West Bengal,Kolkata,Data Breach,Medium,Healthcare,1125844,17379,CERT-In,Open
CR06302,18-11-2025,West Bengal,Kolkata,Data Breach,Medium,Government,4378564,34675,Organization,Investigating
CR06303,15-08-2025,Bihar,Patna,Ransomware,Low,Banking,66877,24313,CERT-In,Resolved
CR06304,16-02-2026,Rajasthan,Jodhpur,DDoS,High,Corporate,1885649,42104,CERT-In,Open
CR06305,05-06-2026,Maharashtra,Nashik,DDoS,Medium,Education,1484425,39454,CERT-In,Open
CR06306,09-01-2026,Andhra Pradesh,Visakhapatnam,Ransomware,Low,Healthcare,358320,38256,User Report,Open
CR06307,09-12-2024,Himachal Pradesh,Dharamshala,DDoS,Critical,E-commerce,3059983,15283,News,Open
CR06308,28-10-2025,Uttar Pradesh,Noida,Phishing,Low,Government,1264759,22860,User Report,Investigating
CR06309,30-10-2025,Tripura,Agartala,DDoS,Low,IT,4375862,16098,User Report,Open
CR06310,10-07-2026,Gujarat,Surat,Online Fraud,Medium,Education,158582,24178,News,Resolved
CR06311,11-03-2025,Haryana,Gurugram,Malware,Medium,Banking,220464,49087,News,Investigating
CR06312,01-05-2024,Punjab,Chandigarh,Phishing,Medium,Education,1537112,8205,User Report,Open
CR06313,18-05-2024,Manipur,Imphal,Phishing,High,IT,4372675,17639,CERT-In,Resolved
CR06314,17-06-2024,Chhattisgarh,Raipur,Malware,Low,Government,1902770,42129,News,Resolved
CR06315,01-12-2024,Manipur,Imphal,DDoS,High,E-commerce,3481463,42168,News,Investigating
CR06316,30-01-2026,Lakshadweep,Kavaratti,Data Breach,Medium,Personal,4080649,28349,Organization,Resolved
CR06317,26-03-2026,Madhya Pradesh,Bhopal,DDoS,Medium,IT,4841670,4259,Organization,Investigating
CR06318,22-05-2024,Andaman and Nicobar Islands,Port Blair,Phishing,Low,Healthcare,1103954,36480,Organization,Investigating
CR06319,06-07-2024,Meghalaya,Shillong,Phishing,Critical,IT,4293835,43789,CERT-In,Open
CR06320,25-06-2026,Andhra Pradesh,Guntur,Online Fraud,Low,Healthcare,572905,3661,User Report,Open
CR06321,27-08-2024,Andhra Pradesh,Visakhapatnam,Data Breach,High,E-commerce,3450586,25452,User Report,Investigating
CR06322,10-07-2025,Meghalaya,Shillong,Identity Theft,High,Banking,660871,32280,Organization,Investigating
CR06323,11-08-2025,Jharkhand,Jamshedpur,Data Breach,Medium,Corporate,402423,33676,News,Investigating
CR06324,19-11-2024,Goa,Margao,Data Breach,Medium,Corporate,4150635,38700,News,Investigating
CR06325,23-06-2025,Chandigarh,Chandigarh,Phishing,Medium,Government,1090790,29049,Organization,Open
CR06326,20-04-2026,Delhi,New Delhi,Ransomware,Medium,IT,3457755,1494,Organization,Investigating
CR06327,29-07-2025,West Bengal,Kolkata,DDoS,Medium,Banking,3023878,43406,CERT-In,Resolved
CR06328,05-06-2026,Ladakh,Leh,Phishing,High,Personal,1381357,11347,Organization,Investigating
CR06329,31-05-2025,Himachal Pradesh,Dharamshala,Ransomware,Medium,Banking,773826,42923,CERT-In,Resolved
CR06330,01-06-2024,Uttarakhand,Dehradun,Ransomware,High,Education,32279,21617,Organization,Open
CR06331,29-05-2025,Madhya Pradesh,Bhopal,Data Breach,Critical,Corporate,3483521,29612,News,Resolved
CR06332,20-10-2024,Bihar,Gaya,Malware,Medium,Corporate,1883636,32060,Organization,Open
CR06333,05-03-2024,Meghalaya,Shillong,Malware,Low,E-commerce,4233528,8842,News,Open
CR06334,11-02-2025,Kerala,Kochi,Phishing,High,Banking,2271809,2951,User Report,Open
CR06335,13-06-2026,Punjab,Amritsar,Identity Theft,Medium,Government,4537279,25385,News,Resolved
CR06336,26-12-2024,West Bengal,Durgapur,Data Breach,Low,Corporate,284923,9882,CERT-In,Open
CR06337,27-04-2026,Andhra Pradesh,Guntur,Phishing,Low,Banking,4471570,28604,User Report,Resolved
CR06338,23-12-2024,Andaman and Nicobar Islands,Port Blair,Ransomware,High,E-commerce,4293271,15185,CERT-In,Investigating
CR06339,30-01-2024,Bihar,Patna,Phishing,Medium,IT,2233142,29514,News,Resolved
CR06340,02-05-2026,Jammu and Kashmir,Srinagar,Phishing,Low,Banking,4648966,20468,User Report,Resolved
CR06341,21-04-2024,Kerala,Kozhikode,Ransomware,High,Education,4509904,4521,CERT-In,Resolved
CR06342,25-02-2026,Puducherry,Puducherry,Phishing,High,E-commerce,2999183,18492,CERT-In,Open
CR06343,10-05-2025,Maharashtra,Mumbai,Phishing,High,Government,2170519,9373,CERT-In,Resolved
CR06344,03-05-2025,Assam,Silchar,Ransomware,High,Corporate,4175120,20096,CERT-In,Resolved
CR06345,27-04-2024,Uttar Pradesh,Lucknow,Ransomware,Low,Corporate,1265013,42194,Organization,Investigating
CR06346,16-02-2024,Andhra Pradesh,Vijayawada,Identity Theft,Low,IT,787222,44267,News,Open
CR06347,30-06-2025,Mizoram,Aizawl,Data Breach,Low,IT,688059,29799,News,Resolved
CR06348,03-07-2026,Chandigarh,Chandigarh,DDoS,High,E-commerce,964892,43292,News,Open
CR06349,16-04-2024,Goa,Margao,Data Breach,Medium,Corporate,1906371,12628,News,Open
CR06350,05-05-2024,Odisha,Cuttack,Phishing,Low,E-commerce,604564,47681,Organization,Resolved
CR06351,13-02-2025,Punjab,Chandigarh,Online Fraud,Critical,Personal,868121,4095,News,Investigating
CR06352,24-06-2025,Punjab,Ludhiana,DDoS,Low,Personal,3940162,28698,User Report,Investigating
CR06353,19-08-2024,Meghalaya,Shillong,Data Breach,Low,Corporate,1693437,11444,News,Investigating
CR06354,15-07-2026,Haryana,Gurugram,Data Breach,Critical,Corporate,408312,29912,News,Open
CR06355,28-05-2026,Chandigarh,Chandigarh,Online Fraud,High,Government,2630309,2155,User Report,Resolved
CR06356,09-02-2025,Goa,Margao,Phishing,Low,IT,486777,31762,User Report,Investigating
CR06357,30-09-2025,Chandigarh,Chandigarh,Phishing,High,Corporate,3377135,5506,CERT-In,Resolved
CR06358,05-07-2026,Puducherry,Puducherry,Data Breach,Low,Corporate,4981415,19771,Organization,Resolved
CR06359,23-02-2026,Tamil Nadu,Coimbatore,Malware,Critical,Personal,471776,27539,User Report,Open
CR06360,30-05-2026,Ladakh,Leh,Data Breach,Low,Healthcare,2140492,2395,CERT-In,Resolved
CR06361,25-02-2025,Nagaland,Kohima,Malware,High,Education,1768196,4222,CERT-In,Resolved
CR06362,15-04-2025,Jammu and Kashmir,Jammu,Malware,Critical,Education,2779552,42394,CERT-In,Open
CR06363,05-09-2025,Gujarat,Surat,Identity Theft,High,Personal,1619965,6514,Organization,Open
CR06364,16-03-2024,Andaman and Nicobar Islands,Port Blair,Online Fraud,Medium,IT,4198193,22892,News,Investigating
CR06365,29-07-2024,Manipur,Imphal,Online Fraud,Low,Personal,462128,21700,Organization,Investigating
CR06366,02-10-2024,Jammu and Kashmir,Jammu,DDoS,Medium,Healthcare,633995,37832,CERT-In,Resolved
CR06367,30-01-2025,Rajasthan,Jodhpur,Online Fraud,Medium,Government,4552791,12664,Organization,Investigating
CR06368,01-04-2024,Odisha,Bhubaneswar,DDoS,Medium,Education,3897617,42080,User Report,Resolved
CR06369,08-06-2025,Chandigarh,Chandigarh,Online Fraud,Low,Corporate,1738532,43436,Organization,Investigating
CR06370,07-12-2024,Nagaland,Dimapur,Ransomware,High,E-commerce,2878970,22996,News,Open
CR06371,02-01-2024,Dadra and Nagar Haveli and Daman and Diu,Silvassa,Malware,Medium,Government,2153378,4093,CERT-In,Open
CR06372,21-10-2025,West Bengal,Kolkata,Ransomware,Low,E-commerce,54619,25866,News,Investigating
CR06373,17-05-2026,Bihar,Gaya,Malware,High,E-commerce,213361,29560,Organization,Investigating
CR06374,16-07-2025,Arunachal Pradesh,Naharlagun,Data Breach,Low,E-commerce,956867,6986,CERT-In,Resolved
CR06375,07-04-2026,Chhattisgarh,Raipur,Identity Theft,Low,Government,2327442,12684,News,Investigating
CR06376,16-12-2025,Kerala,Kozhikode,DDoS,Medium,Government,2907073,676,News,Resolved
CR06377,22-01-2025,West Bengal,Kolkata,Ransomware,High,Education,2647322,22056,Organization,Resolved
CR06378,03-05-2026,Arunachal Pradesh,Naharlagun,DDoS,High,Banking,143156,48009,User Report,Investigating
CR06379,29-05-2026,Madhya Pradesh,Bhopal,Identity Theft,Low,Healthcare,3306721,9371,User Report,Resolved
CR06380,20-08-2025,Gujarat,Surat,Data Breach,Low,Government,4561100,47242,Organization,Open
CR06381,04-04-2025,Andaman and Nicobar Islands,Port Blair,Phishing,High,Healthcare,869596,43091,User Report,Investigating
CR06382,21-08-2024,Punjab,Amritsar,Online Fraud,Medium,Corporate,488107,36286,User Report,Resolved
CR06383,28-04-2025,Puducherry,Puducherry,Online Fraud,Low,Banking,1587311,9142,User Report,Investigating
CR06384,03-04-2026,Madhya Pradesh,Gwalior,DDoS,Critical,Corporate,9217,35831,User Report,Resolved
CR06385,23-04-2025,Assam,Guwahati,Identity Theft,Critical,Banking,2109883,46934,CERT-In,Investigating
CR06386,08-10-2024,Arunachal Pradesh,Itanagar,DDoS,Low,Personal,3469859,33253,CERT-In,Resolved
CR06387,03-01-2026,Nagaland,Kohima,Ransomware,High,Banking,926146,39362,Organization,Open
CR06388,14-06-2024,Haryana,Gurugram,Ransomware,Low,E-commerce,482881,612,CERT-In,Open
CR06389,04-03-2026,West Bengal,Durgapur,DDoS,Critical,IT,1203502,4436,User Report,Resolved
CR06390,04-04-2025,Tripura,Agartala,Online Fraud,High,Corporate,2579072,15132,CERT-In,Open
CR06391,19-04-2025,Manipur,Imphal,DDoS,High,Healthcare,3478468,40673,CERT-In,Investigating
CR06392,21-12-2024,Haryana,Panipat,Identity Theft,High,E-commerce,1225877,22972,News,Open
CR06393,22-02-2025,Jammu and Kashmir,Srinagar,Identity Theft,Critical,Corporate,24642,9610,CERT-In,Investigating
CR06394,04-01-2025,Dadra and Nagar Haveli and Daman and Diu,Silvassa,Online Fraud,High,Personal,3205527,42125,User Report,Open
CR06395,06-05-2024,Dadra and Nagar Haveli and Daman and Diu,Silvassa,Online Fraud,Critical,Banking,2016455,47760,Organization,Investigating
CR06396,15-06-2026,Jammu and Kashmir,Jammu,DDoS,High,IT,3248348,40653,Organization,Investigating
CR06397,22-02-2024,Rajasthan,Jodhpur,Online Fraud,Critical,Healthcare,2032197,9605,CERT-In,Investigating
CR06398,28-08-2025,Bihar,Muzaffarpur,Ransomware,Medium,Education,4286585,47334,News,Resolved
CR06399,03-07-2024,Maharashtra,Nashik,Data Breach,High,Banking,462715,8584,CERT-In,Open
CR06400,17-01-2025,Punjab,Ludhiana,Online Fraud,High,Government,2547397,2977,CERT-In,Resolved
CR06401,28-01-2025,Arunachal Pradesh,Naharlagun,Online Fraud,Critical,Banking,4536000,11597,CERT-In,Resolved
CR06402,05-09-2024,Kerala,Thiruvananthapuram,Identity Theft,Low,Healthcare,4925971,38338,User Report,Open
CR06403,13-02-2024,Puducherry,Puducherry,Identity Theft,Critical,Banking,442780,43801,CERT-In,Investigating
CR06404,01-06-2025,Gujarat,Vadodara,Identity Theft,Low,E-commerce,2033565,48668,User Report,Investigating
CR06405,23-08-2024,Kerala,Kochi,Data Breach,Medium,IT,2774405,4848,CERT-In,Investigating
CR06406,05-06-2025,Kerala,Thiruvananthapuram,Data Breach,Medium,E-commerce,3704713,27077,Organization,Open
CR06407,16-02-2026,Uttarakhand,Haridwar,Data Breach,Critical,Education,267713,27053,News,Resolved
CR06408,31-08-2024,Goa,Margao,Ransomware,Low,Banking,3512161,15009,Organization,Open
CR06409,24-06-2026,Goa,Panaji,Malware,Critical,Corporate,856864,25835,User Report,Investigating
CR06410,15-06-2024,Manipur,Imphal,Data Breach,High,Government,1564953,44639,News,Resolved
CR06411,08-07-2025,Nagaland,Kohima,Data Breach,Medium,Banking,4943494,37502,News,Investigating
CR06412,08-06-2024,Sikkim,Gangtok,Identity Theft,High,IT,1452937,28820,News,Resolved
CR06413,27-05-2025,Manipur,Imphal,Online Fraud,Critical,Banking,4320645,38546,Organization,Resolved
CR06414,18-01-2025,Karnataka,Bengaluru,Malware,Critical,Healthcare,4018016,16417,Organization,Open
CR06415,09-04-2025,Uttarakhand,Dehradun,Malware,Low,Healthcare,2572277,46367,User Report,Investigating
CR06416,14-07-2026,Dadra and Nagar Haveli and Daman and Diu,Daman,Online Fraud,High,E-commerce,96361,29503,Organization,Open
CR06417,09-03-2026,Meghalaya,Shillong,Ransomware,Low,Personal,915654,5899,Organization,Resolved
CR06418,14-01-2025,Karnataka,Bengaluru,Data Breach,Low,E-commerce,2376580,15574,News,Investigating
CR06419,15-01-2025,Uttarakhand,Dehradun,Phishing,Critical,IT,32181,48571,User Report,Investigating
CR06420,16-04-2026,Nagaland,Kohima,Phishing,Critical,Education,2387586,48654,User Report,Open
CR06421,08-03-2024,Chhattisgarh,Bilaspur,Online Fraud,Medium,Banking,1255530,1065,User Report,Open
CR06422,01-01-2024,Andhra Pradesh,Vijayawada,Data Breach,Low,Government,2286295,28631,User Report,Open
CR06423,19-04-2026,Goa,Panaji,Ransomware,High,E-commerce,995384,36471,News,Open
CR06424,04-12-2024,Meghalaya,Shillong,Identity Theft,Low,Corporate,1905254,7051,User Report,Open
CR06425,04-07-2024,Himachal Pradesh,Shimla,Ransomware,Medium,Corporate,4159047,21482,User Report,Resolved
CR06426,23-11-2024,Madhya Pradesh,Bhopal,Online Fraud,High,Education,2785574,32364,Organization,Investigating
CR06427,02-04-2024,Dadra and Nagar Haveli and Daman and Diu,Daman,Online Fraud,High,Banking,268999,32613,CERT-In,Resolved
CR06428,16-12-2025,Assam,Dibrugarh,Malware,Low,Banking,3157278,32472,CERT-In,Investigating
CR06429,18-02-2024,Andaman and Nicobar Islands,Port Blair,Identity Theft,Critical,Healthcare,137830,45673,Organization,Resolved
CR06430,19-03-2024,Dadra and Nagar Haveli and Daman and Diu,Silvassa,Ransomware,Medium,Personal,4415702,26740,CERT-In,Investigating
CR06431,18-07-2025,Puducherry,Puducherry,Online Fraud,Low,IT,653246,21089,Organization,Open
CR06432,19-12-2025,Punjab,Ludhiana,Ransomware,High,E-commerce,2083474,34052,CERT-In,Resolved
CR06433,17-09-2025,Chhattisgarh,Bilaspur,Identity Theft,High,Corporate,1746726,33755,User Report,Open
CR06434,07-05-2024,Tripura,Agartala,Phishing,Critical,Education,3688254,10654,CERT-In,Resolved
CR06435,07-11-2024,Uttarakhand,Dehradun,Phishing,Medium,Healthcare,1882185,14802,CERT-In,Investigating
CR06436,07-08-2025,Arunachal Pradesh,Itanagar,Identity Theft,Critical,Personal,1591367,6756,News,Investigating
CR06437,03-12-2024,Maharashtra,Pune,Ransomware,High,IT,708482,42074,User Report,Investigating
CR06438,16-11-2025,Punjab,Amritsar,Identity Theft,Medium,Healthcare,2086409,10028,User Report,Investigating
CR06439,11-01-2024,Lakshadweep,Kavaratti,Data Breach,Low,Corporate,889581,15506,News,Resolved
CR06440,24-10-2025,Delhi,New Delhi,DDoS,Medium,E-commerce,4109872,47730,News,Investigating
CR06441,11-10-2025,Gujarat,Rajkot,Ransomware,Critical,Personal,4262707,4282,CERT-In,Investigating
CR06442,26-01-2024,Manipur,Imphal,Ransomware,Medium,Corporate,3515827,37012,CERT-In,Open
CR06443,06-03-2025,Goa,Panaji,Data Breach,Critical,Corporate,4124490,44348,Organization,Resolved
CR06444,18-06-2025,Telangana,Hyderabad,Online Fraud,Medium,Corporate,1697960,30237,User Report,Investigating
CR06445,06-12-2025,Goa,Panaji,DDoS,High,Government,4533787,22017,Organization,Resolved
CR06446,29-06-2024,Haryana,Faridabad,Online Fraud,Medium,Education,4975145,2941,Organization,Open
CR06447,24-01-2026,Telangana,Warangal,Phishing,Critical,E-commerce,4088607,28750,Organization,Investigating
CR06448,23-07-2025,Punjab,Chandigarh,DDoS,Low,Banking,2977049,7844,News,Open
CR06449,31-07-2026,Maharashtra,Nagpur,Malware,Medium,Personal,1824336,42354,User Report,Investigating
CR06450,05-07-2025,Ladakh,Leh,Identity Theft,Medium,E-commerce,4475431,44336,CERT-In,Investigating
CR06451,24-09-2025,Karnataka,Mysuru,Malware,Medium,E-commerce,1394698,20699,News,Investigating
CR06452,16-12-2025,Uttar Pradesh,Lucknow,DDoS,High,Banking,3517591,16112,News,Investigating
CR06453,04-12-2024,Nagaland,Kohima,Malware,Medium,Banking,439971,21564,News,Open
CR06454,15-08-2025,Telangana,Hyderabad,Online Fraud,Critical,Corporate,17106,6060,CERT-In,Resolved
CR06455,02-12-2024,Gujarat,Vadodara,Phishing,High,Corporate,4975986,16201,Organization,Investigating
CR06456,07-02-2026,Chhattisgarh,Bilaspur,Data Breach,Critical,Corporate,2822550,3846,User Report,Open
CR06457,15-12-2025,Haryana,Faridabad,Online Fraud,Medium,Education,1367312,1419,CERT-In,Open
CR06458,04-01-2025,Odisha,Cuttack,Online Fraud,Medium,Healthcare,145118,18991,User Report,Resolved
CR06459,09-11-2024,Arunachal Pradesh,Itanagar,Data Breach,Medium,IT,1388091,45835,CERT-In,Resolved
CR06460,29-06-2024,Sikkim,Gangtok,Identity Theft,Medium,Government,2241331,43241,User Report,Investigating
CR06461,16-01-2025,Andaman and Nicobar Islands,Port Blair,Ransomware,High,IT,3480550,36944,Organization,Investigating
CR06462,17-07-2024,Manipur,Imphal,Phishing,Low,Corporate,2921079,9654,Organization,Open
CR06463,18-03-2024,Rajasthan,Udaipur,Phishing,High,Government,4795460,18234,CERT-In,Resolved
CR06464,04-01-2025,Chhattisgarh,Bilaspur,Online Fraud,Critical,Banking,2999893,23703,News,Resolved
CR06465,06-08-2025,Jammu and Kashmir,Jammu,Identity Theft,Low,Personal,1364499,38791,CERT-In,Open
CR06466,07-03-2026,Odisha,Cuttack,Phishing,Low,E-commerce,2341641,34784,News,Investigating
CR06467,12-09-2025,Himachal Pradesh,Dharamshala,Ransomware,High,Education,4881546,19819,News,Resolved
CR06468,04-04-2026,Karnataka,Mysuru,Ransomware,Medium,Healthcare,953036,42728,CERT-In,Resolved
CR06469,23-01-2026,Tamil Nadu,Madurai,DDoS,Critical,IT,2677771,49677,News,Open
CR06470,20-02-2025,Telangana,Warangal,Phishing,High,E-commerce,1214459,64,User Report,Investigating
CR06471,15-02-2024,Meghalaya,Shillong,Malware,Critical,IT,3119845,31982,CERT-In,Open
CR06472,25-07-2026,Assam,Dibrugarh,Identity Theft,Medium,IT,2868346,34837,User Report,Resolved
CR06473,19-05-2024,Mizoram,Aizawl,Online Fraud,Medium,Banking,4409957,26540,Organization,Investigating
CR06474,30-09-2025,Lakshadweep,Kavaratti,Online Fraud,High,Personal,3041009,44131,News,Open
CR06475,21-06-2026,Andaman and Nicobar Islands,Port Blair,Identity Theft,Medium,Corporate,112773,11943,Organization,Resolved
CR06476,08-10-2025,Karnataka,Mysuru,Online Fraud,Critical,Education,1622884,3853,Organization,Resolved
CR06477,03-04-2026,Assam,Silchar,Data Breach,Critical,IT,3218550,34492,News,Investigating
CR06478,05-10-2025,Arunachal Pradesh,Itanagar,Identity Theft,Low,E-commerce,2761598,27112,User Report,Resolved
CR06479,07-06-2024,Manipur,Imphal,Online Fraud,Low,Education,7791,3066,User Report,Resolved
CR06480,14-06-2024,Bihar,Patna,Phishing,Low,E-commerce,458208,11858,Organization,Investigating
CR06481,18-06-2024,Karnataka,Bengaluru,Identity Theft,Low,IT,4045283,33686,Organization,Open
CR06482,07-04-2026,Odisha,Bhubaneswar,DDoS,Medium,Corporate,3989354,39456,CERT-In,Resolved
CR06483,23-06-2026,Dadra and Nagar Haveli and Daman and Diu,Daman,DDoS,Critical,Banking,4049627,1791,User Report,Open
CR06484,23-02-2024,Haryana,Gurugram,Identity Theft,Low,Healthcare,1801931,11331,Organization,Investigating
CR06485,17-08-2024,Rajasthan,Jodhpur,Data Breach,Low,Personal,4161803,24443,News,Open
CR06486,07-10-2024,Odisha,Cuttack,Malware,Critical,Education,4528295,48341,CERT-In,Investigating
CR06487,27-07-2025,Karnataka,Mangaluru,Online Fraud,Medium,Corporate,1180805,42238,CERT-In,Investigating
CR06488,04-07-2026,Delhi,New Delhi,Online Fraud,Low,Corporate,1566373,18709,Organization,Investigating
CR06489,20-06-2025,Sikkim,Gangtok,Malware,Medium,Personal,1407249,3772,User Report,Investigating
CR06490,12-01-2024,Chhattisgarh,Bilaspur,Ransomware,Critical,Corporate,2207190,17710,CERT-In,Resolved
CR06491,09-12-2024,Ladakh,Leh,Data Breach,High,E-commerce,4454580,27803,User Report,Resolved
CR06492,25-05-2026,Dadra and Nagar Haveli and Daman and Diu,Silvassa,Data Breach,Critical,Corporate,4523371,7266,Organization,Investigating
CR06493,26-09-2025,Maharashtra,Nashik,Identity Theft,Critical,Healthcare,3026482,8633,User Report,Resolved
CR06494,13-02-2024,Delhi,New Delhi,Malware,Medium,E-commerce,3079941,42847,Organization,Resolved
CR06495,25-05-2024,Sikkim,Gangtok,Identity Theft,Low,Banking,3296540,38419,CERT-In,Open
CR06496,17-01-2024,West Bengal,Kolkata,Data Breach,Medium,Banking,1640664,23551,User Report,Resolved
CR06497,08-05-2026,Gujarat,Vadodara,Online Fraud,Medium,Personal,2223954,39320,News,Open
CR06498,06-10-2024,Uttar Pradesh,Kanpur,Data Breach,Low,E-commerce,4979011,24678,News,Open
CR06499,18-02-2026,Karnataka,Mangaluru,Phishing,High,Corporate,1082252,49114,News,Open
CR06500,27-07-2024,Mizoram,Aizawl,Malware,High,Healthcare,455952,41335,News,Investigating
CR06501,04-05-2025,Maharashtra,Nagpur,Ransomware,Medium,Government,456838,36965,User Report,Investigating
CR06502,27-05-2026,Dadra and Nagar Haveli and Daman and Diu,Daman,Online Fraud,Critical,Healthcare,4171176,8539,News,Resolved
CR06503,29-11-2025,Lakshadweep,Kavaratti,Ransomware,Low,Education,938771,7147,CERT-In,Resolved
CR06504,20-06-2024,Puducherry,Puducherry,DDoS,Medium,IT,320611,43827,CERT-In,Resolved
CR06505,23-10-2024,Uttarakhand,Dehradun,DDoS,Low,Banking,2554347,38333,News,Investigating
CR06506,27-01-2024,Andhra Pradesh,Guntur,Data Breach,Critical,Education,2655133,27038,Organization,Investigating
CR06507,12-06-2025,Tamil Nadu,Madurai,Identity Theft,Low,IT,1892080,34229,News,Investigating
CR06508,29-08-2024,Madhya Pradesh,Indore,Malware,Critical,Personal,3511437,8280,CERT-In,Investigating
CR06509,30-11-2024,Nagaland,Dimapur,Online Fraud,Medium,Healthcare,1044170,48918,User Report,Resolved
CR06510,13-12-2024,Nagaland,Dimapur,Malware,High,Personal,3424077,46836,CERT-In,Investigating
CR06511,29-06-2024,Gujarat,Rajkot,Online Fraud,Critical,Government,969536,47179,CERT-In,Resolved
CR06512,23-07-2026,Sikkim,Gangtok,Phishing,High,E-commerce,306208,2463,Organization,Resolved
CR06513,25-05-2025,Andhra Pradesh,Visakhapatnam,Identity Theft,High,Healthcare,4821985,42468,Organization,Resolved
CR06514,15-10-2024,West Bengal,Durgapur,Ransomware,Low,Personal,952609,23225,CERT-In,Open
CR06515,15-06-2026,Assam,Dibrugarh,Online Fraud,High,Education,4877865,6255,User Report,Resolved
CR06516,18-04-2026,Arunachal Pradesh,Naharlagun,Malware,Medium,E-commerce,3397437,37713,Organization,Investigating
CR06517,26-06-2026,Telangana,Warangal,Online Fraud,High,Education,1698184,16870,News,Resolved
CR06518,28-01-2024,Chandigarh,Chandigarh,Data Breach,Low,E-commerce,461973,17922,CERT-In,Resolved
CR06519,06-04-2024,Karnataka,Mangaluru,DDoS,Critical,IT,2416590,45956,CERT-In,Open
CR06520,07-10-2024,Madhya Pradesh,Gwalior,Online Fraud,Low,Corporate,1118903,1782,CERT-In,Investigating
CR06521,31-03-2024,Punjab,Amritsar,DDoS,Low,IT,2279141,48788,News,Resolved
CR06522,03-03-2026,Manipur,Imphal,DDoS,Medium,IT,1403990,37260,User Report,Open
CR06523,27-09-2024,Jharkhand,Jamshedpur,DDoS,High,E-commerce,2804785,23692,User Report,Investigating
CR06524,06-08-2025,Chhattisgarh,Raipur,Online Fraud,Critical,Education,258678,39944,User Report,Open
CR06525,01-06-2024,Tripura,Agartala,Phishing,Medium,Corporate,1855126,30513,News,Resolved
CR06526,10-07-2024,Lakshadweep,Kavaratti,Online Fraud,Low,IT,3453241,3250,User Report,Resolved
CR06527,13-10-2024,Bihar,Gaya,Online Fraud,Critical,E-commerce,4566521,16858,Organization,Open
CR06528,23-09-2024,Tripura,Agartala,Identity Theft,Low,Personal,1324373,4283,CERT-In,Investigating
CR06529,21-05-2026,Telangana,Warangal,Online Fraud,Medium,Corporate,2473806,6314,News,Investigating
CR06530,20-09-2024,Maharashtra,Nagpur,Ransomware,Low,Banking,609747,6491,CERT-In,Resolved
CR06531,25-03-2024,Chandigarh,Chandigarh,Malware,Medium,E-commerce,3329391,47234,CERT-In,Open
CR06532,10-03-2024,Andhra Pradesh,Vijayawada,Phishing,High,Corporate,542961,29303,News,Resolved
CR06533,22-01-2025,Ladakh,Leh,Malware,High,Corporate,2525616,40760,User Report,Resolved
CR06534,17-04-2024,Himachal Pradesh,Dharamshala,Data Breach,Medium,Corporate,4521704,25365,User Report,Investigating
CR06535,24-10-2025,Telangana,Hyderabad,Identity Theft,Medium,Healthcare,3033044,49672,User Report,Open
CR06536,21-03-2025,Goa,Panaji,Ransomware,Critical,Personal,864244,26966,Organization,Resolved
CR06537,26-05-2025,Andaman and Nicobar Islands,Port Blair,Ransomware,High,Government,2560182,46121,CERT-In,Resolved
CR06538,02-04-2026,Rajasthan,Udaipur,Malware,Low,Healthcare,663459,49751,User Report,Resolved
CR06539,01-08-2024,Dadra and Nagar Haveli and Daman and Diu,Daman,Identity Theft,High,Personal,3881890,26520,Organization,Resolved
CR06540,26-11-2024,Goa,Panaji,Malware,Critical,Personal,3803029,1391,News,Open
CR06541,19-11-2024,Tamil Nadu,Chennai,DDoS,High,Banking,338202,8369,News,Resolved
CR06542,06-08-2024,Tamil Nadu,Chennai,Phishing,High,Healthcare,2475379,9644,News,Investigating
CR06543,15-12-2024,Gujarat,Vadodara,DDoS,Low,Government,2342213,45883,User Report,Open
CR06544,17-02-2024,Dadra and Nagar Haveli and Daman and Diu,Daman,Ransomware,Medium,E-commerce,193538,42737,Organization,Resolved
CR06545,20-11-2025,Manipur,Imphal,Online Fraud,High,Corporate,3351342,36709,Organization,Open
CR06546,08-04-2026,Meghalaya,Shillong,DDoS,Low,Banking,1321038,329,Organization,Resolved
CR06547,02-01-2025,Telangana,Warangal,Data Breach,Critical,E-commerce,209880,40403,Organization,Open
CR06548,20-08-2024,Andaman and Nicobar Islands,Port Blair,Malware,Medium,E-commerce,2707744,24455,Organization,Resolved
CR06549,17-07-2024,Tamil Nadu,Coimbatore,Ransomware,Low,IT,712150,16212,CERT-In,Investigating
CR06550,06-10-2025,Delhi,New Delhi,Online Fraud,Critical,Healthcare,922469,40064,News,Investigating
CR06551,27-10-2025,Rajasthan,Jaipur,Identity Theft,High,Corporate,2871937,38600,News,Resolved
CR06552,27-10-2025,Uttar Pradesh,Kanpur,Data Breach,Low,Banking,211285,45692,CERT-In,Investigating
CR06553,14-02-2024,Rajasthan,Jaipur,Online Fraud,Critical,E-commerce,2720269,18896,User Report,Resolved
CR06554,09-05-2024,Chandigarh,Chandigarh,Phishing,Critical,Education,3419238,21315,News,Open
CR06555,31-08-2024,Uttar Pradesh,Kanpur,Identity Theft,Low,Government,824000,29864,User Report,Resolved
CR06556,17-02-2025,Haryana,Panipat,Data Breach,Critical,Government,2740330,18967,CERT-In,Resolved
CR06557,02-04-2024,Mizoram,Aizawl,DDoS,Medium,Banking,885497,17132,News,Resolved
CR06558,11-02-2026,Chhattisgarh,Bilaspur,Malware,Medium,IT,1687296,37567,Organization,Open
CR06559,18-05-2025,Chandigarh,Chandigarh,Phishing,Critical,Personal,4243333,162,Organization,Open
CR06560,25-01-2025,Haryana,Faridabad,Phishing,Medium,Government,4740026,38087,News,Investigating
CR06561,13-10-2025,Chandigarh,Chandigarh,Malware,Critical,Banking,2521443,8341,Organization,Resolved
CR06562,22-06-2025,Rajasthan,Jodhpur,DDoS,Low,E-commerce,4720784,17273,News,Open
CR06563,15-06-2024,West Bengal,Siliguri,DDoS,Medium,Education,1749718,43265,News,Resolved
CR06564,03-09-2025,Madhya Pradesh,Bhopal,Phishing,High,Corporate,4634164,42510,News,Resolved
CR06565,28-03-2025,Jammu and Kashmir,Srinagar,DDoS,Low,Education,2349443,45875,Organization,Open
CR06566,29-03-2026,Andhra Pradesh,Vijayawada,Online Fraud,Medium,Banking,3574583,35626,Organization,Resolved
CR06567,30-05-2026,Goa,Panaji,Malware,Medium,Healthcare,1595041,9584,CERT-In,Resolved
CR06568,04-08-2025,Madhya Pradesh,Bhopal,Malware,Medium,IT,3172599,5493,News,Investigating
CR06569,21-09-2024,Jammu and Kashmir,Jammu,Phishing,High,Corporate,993170,23774,News,Resolved
CR06570,25-10-2024,Madhya Pradesh,Gwalior,Phishing,High,IT,1508787,41840,User Report,Resolved
CR06571,23-07-2026,Telangana,Hyderabad,Ransomware,Low,E-commerce,4650319,8751,CERT-In,Investigating
CR06572,22-09-2025,Sikkim,Gangtok,Online Fraud,Low,Government,1310767,28275,Organization,Resolved
CR06573,02-04-2025,Tamil Nadu,Madurai,DDoS,High,Personal,3817437,6090,News,Resolved
CR06574,24-09-2025,Arunachal Pradesh,Naharlagun,Ransomware,Critical,Corporate,2193620,37643,CERT-In,Investigating
CR06575,20-06-2024,Punjab,Chandigarh,Data Breach,High,E-commerce,2359213,35258,User Report,Open
CR06576,21-10-2025,Jharkhand,Ranchi,Malware,Medium,Personal,3879145,19045,User Report,Open
CR06577,17-07-2026,Chandigarh,Chandigarh,DDoS,Medium,IT,2999112,21837,CERT-In,Open
CR06578,12-09-2025,Lakshadweep,Kavaratti,Data Breach,Medium,Education,3214537,36878,Organization,Investigating
CR06579,08-02-2025,Dadra and Nagar Haveli and Daman and Diu,Silvassa,Phishing,Medium,Banking,4399872,49456,CERT-In,Resolved
CR06580,21-02-2024,Himachal Pradesh,Dharamshala,Ransomware,Medium,Corporate,36762,43464,News,Open
CR06581,06-04-2025,Assam,Dibrugarh,Malware,Low,Banking,1763321,24788,CERT-In,Investigating
CR06582,27-03-2026,Kerala,Kozhikode,Online Fraud,Medium,E-commerce,4358532,27377,News,Investigating
CR06583,24-09-2025,Maharashtra,Nashik,Malware,Low,Banking,64030,28790,User Report,Resolved
CR06584,24-11-2025,Jharkhand,Ranchi,Data Breach,Medium,IT,4318543,14164,CERT-In,Open
CR06585,05-07-2024,Puducherry,Puducherry,Ransomware,Medium,Healthcare,4359346,21705,News,Investigating
CR06586,18-10-2024,Puducherry,Puducherry,Phishing,High,IT,4481288,34583,Organization,Resolved
CR06587,21-04-2025,Puducherry,Puducherry,Ransomware,High,Corporate,415426,6732,News,Open
CR06588,13-03-2025,Arunachal Pradesh,Naharlagun,Identity Theft,High,Government,778121,23949,Organization,Resolved
CR06589,16-11-2024,Andaman and Nicobar Islands,Port Blair,Data Breach,Critical,Corporate,674460,49192,Organization,Open
CR06590,03-10-2025,Rajasthan,Jodhpur,Online Fraud,Critical,Healthcare,4203942,46428,User Report,Open
CR06591,11-06-2024,Tamil Nadu,Chennai,Identity Theft,Medium,Healthcare,3059502,9326,CERT-In,Open
CR06592,31-03-2026,Himachal Pradesh,Shimla,Malware,Low,IT,1167715,28092,Organization,Open
CR06593,01-01-2026,Punjab,Chandigarh,Identity Theft,High,Corporate,155817,19743,User Report,Resolved
CR06594,23-07-2025,Tripura,Agartala,Ransomware,Medium,E-commerce,3247883,40540,Organization,Investigating
CR06595,30-01-2024,Telangana,Warangal,Identity Theft,Medium,IT,4583585,25750,Organization,Open
CR06596,21-11-2024,Jharkhand,Ranchi,Phishing,Critical,Government,64101,8796,Organization,Open
CR06597,21-08-2025,Andhra Pradesh,Vijayawada,Data Breach,Low,E-commerce,3480396,6214,News,Open
CR06598,13-06-2025,Andhra Pradesh,Guntur,Phishing,Medium,Banking,726804,3211,CERT-In,Open
CR06599,12-01-2024,Uttarakhand,Haridwar,Online Fraud,High,E-commerce,1145002,34522,User Report,Resolved
CR06600,21-04-2025,Haryana,Gurugram,Ransomware,Low,Personal,966031,2127,CERT-In,Investigating
CR06601,05-10-2025,Madhya Pradesh,Gwalior,Identity Theft,Low,IT,2403140,39626,CERT-In,Investigating
CR06602,24-02-2025,Chandigarh,Chandigarh,Phishing,High,Corporate,4517116,21016,News,Resolved
CR06603,13-06-2024,Lakshadweep,Kavaratti,Data Breach,Critical,Government,4409157,2624,Organization,Investigating
CR06604,24-10-2024,Chandigarh,Chandigarh,Identity Theft,Low,Corporate,2542648,23262,CERT-In,Resolved
CR06605,24-09-2025,Uttar Pradesh,Kanpur,Ransomware,Critical,IT,4071312,22092,Organization,Investigating
CR06606,12-03-2024,Lakshadweep,Kavaratti,Phishing,Medium,Healthcare,4184633,13634,News,Open
CR06607,18-01-2024,Andaman and Nicobar Islands,Port Blair,Online Fraud,Low,E-commerce,2787697,33737,CERT-In,Open
CR06608,22-09-2025,Meghalaya,Shillong,Phishing,Critical,Education,4293072,16605,News,Investigating
CR06609,21-11-2024,Ladakh,Leh,Malware,High,Healthcare,1654749,10617,CERT-In,Resolved
CR06610,14-11-2025,Rajasthan,Jaipur,Online Fraud,High,E-commerce,3640667,45155,CERT-In,Investigating
CR06611,24-07-2026,Tamil Nadu,Coimbatore,Data Breach,Critical,Banking,3065801,46908,CERT-In,Resolved
CR06612,01-02-2026,Rajasthan,Udaipur,Malware,High,IT,3721098,47958,News,Resolved
CR06613,25-05-2025,Karnataka,Bengaluru,Phishing,Critical,Education,3880659,35192,CERT-In,Resolved
CR06614,24-07-2024,Himachal Pradesh,Shimla,DDoS,Low,Banking,4946190,44723,News,Investigating
CR06615,03-10-2024,Ladakh,Leh,Phishing,Medium,Healthcare,458640,11561,CERT-In,Investigating
CR06616,26-06-2025,Punjab,Ludhiana,Malware,Low,Healthcare,1732526,16394,Organization,Open
CR06617,06-01-2026,Jharkhand,Jamshedpur,Identity Theft,High,Government,292408,36343,News,Open
CR06618,17-03-2026,Punjab,Chandigarh,Identity Theft,High,Education,1876366,30330,User Report,Open
CR06619,08-08-2024,Uttar Pradesh,Varanasi,Phishing,Low,Healthcare,3644043,16463,Organization,Investigating
CR06620,21-08-2025,Chandigarh,Chandigarh,Identity Theft,Critical,E-commerce,4426497,29485,News,Investigating
CR06621,17-06-2026,Ladakh,Leh,Identity Theft,Critical,Healthcare,4616070,27677,Organization,Investigating
CR06622,19-06-2024,Meghalaya,Shillong,Online Fraud,Low,Government,1574784,8470,CERT-In,Open
CR06623,09-01-2025,Manipur,Imphal,Malware,Critical,Healthcare,4954738,47284,User Report,Resolved
CR06624,02-04-2025,Dadra and Nagar Haveli and Daman and Diu,Silvassa,Malware,Critical,Banking,2415924,12420,Organization,Investigating
CR06625,11-07-2024,Chhattisgarh,Bilaspur,Ransomware,High,E-commerce,2643557,7217,News,Resolved
CR06626,01-09-2024,Punjab,Ludhiana,Malware,Low,Healthcare,3437846,8310,News,Investigating
CR06627,19-04-2026,Delhi,New Delhi,Phishing,High,Government,4133183,17700,User Report,Investigating
CR06628,05-12-2024,Kerala,Kozhikode,Ransomware,Critical,E-commerce,54017,41193,User Report,Resolved
CR06629,27-04-2026,Manipur,Imphal,Online Fraud,Critical,Government,4207874,27015,News,Open
CR06630,09-09-2025,West Bengal,Kolkata,Phishing,Low,Banking,1018437,12982,News,Investigating
CR06631,05-02-2024,Jammu and Kashmir,Jammu,Malware,Medium,Government,3558099,31315,User Report,Open
CR06632,30-09-2024,Manipur,Imphal,DDoS,Low,Government,4492837,38424,CERT-In,Investigating
CR06633,16-04-2025,Himachal Pradesh,Shimla,Phishing,Critical,Personal,309899,46756,User Report,Investigating
CR06634,06-11-2025,Jammu and Kashmir,Jammu,Identity Theft,High,Education,2646689,44054,News,Investigating
CR06635,26-08-2025,Assam,Silchar,Phishing,Low,Banking,4994142,20608,CERT-In,Resolved
CR06636,21-10-2024,Uttarakhand,Dehradun,Data Breach,Medium,IT,858840,35909,User Report,Investigating
CR06637,09-04-2025,Meghalaya,Shillong,Identity Theft,High,Education,4965445,37356,News,Open
CR06638,04-04-2026,Tripura,Agartala,Phishing,High,E-commerce,3712596,48743,CERT-In,Investigating
CR06639,25-10-2025,Uttarakhand,Dehradun,Phishing,Critical,Education,2497843,34476,User Report,Investigating
CR06640,22-06-2025,Tripura,Agartala,Ransomware,Critical,Government,4960436,807,CERT-In,Investigating
CR06641,27-05-2025,Goa,Margao,Ransomware,Medium,IT,1872010,33370,News,Resolved
CR06642,04-08-2025,West Bengal,Siliguri,Identity Theft,High,Corporate,1861869,47276,Organization,Investigating
CR06643,26-04-2024,Jammu and Kashmir,Jammu,Ransomware,High,Banking,274703,16896,CERT-In,Open
CR06644,29-04-2026,Puducherry,Puducherry,Identity Theft,Critical,Banking,2604638,7181,User Report,Resolved
CR06645,17-12-2024,Haryana,Panipat,Identity Theft,Medium,Healthcare,939094,28306,News,Investigating
CR06646,19-04-2024,Tripura,Agartala,Phishing,High,Healthcare,365484,12791,User Report,Open
CR06647,26-02-2026,Uttar Pradesh,Kanpur,Ransomware,Critical,Personal,1470269,40143,User Report,Resolved
CR06648,06-06-2025,Madhya Pradesh,Gwalior,Identity Theft,Medium,Healthcare,745860,19540,News,Investigating
CR06649,27-10-2025,Puducherry,Puducherry,Phishing,Low,Education,2875551,11092,CERT-In,Open
CR06650,23-11-2024,Uttarakhand,Haridwar,Phishing,Critical,Personal,4933204,2138,Organization,Investigating
CR06651,31-10-2024,Karnataka,Bengaluru,Phishing,Critical,Corporate,2652561,37839,Organization,Investigating
CR06652,17-06-2025,Assam,Guwahati,Identity Theft,Medium,Banking,1042616,2950,CERT-In,Investigating
CR06653,26-09-2025,Goa,Panaji,DDoS,Critical,E-commerce,2029018,29282,CERT-In,Open
CR06654,22-02-2026,Himachal Pradesh,Dharamshala,Online Fraud,Low,Corporate,3582571,5877,News,Resolved
CR06655,07-09-2025,Chandigarh,Chandigarh,Data Breach,High,Education,3167751,24264,Organization,Investigating
CR06656,20-10-2024,Andaman and Nicobar Islands,Port Blair,Identity Theft,Medium,Banking,3901373,32392,News,Open
CR06657,05-12-2025,Rajasthan,Jaipur,Identity Theft,Critical,Banking,1875371,9820,Organization,Investigating
CR06658,08-01-2026,Ladakh,Leh,DDoS,Low,Education,3049899,31905,CERT-In,Open
CR06659,02-08-2024,Meghalaya,Shillong,Online Fraud,Medium,IT,1871054,31465,CERT-In,Resolved
CR06660,25-06-2024,Gujarat,Rajkot,Ransomware,Low,Corporate,2425050,29596,Organization,Resolved
CR06661,02-03-2024,Tripura,Agartala,Online Fraud,Low,Corporate,3810469,22707,CERT-In,Open
CR06662,01-05-2025,Andhra Pradesh,Guntur,Identity Theft,Low,Education,3615482,40017,Organization,Open
CR06663,17-03-2026,Andaman and Nicobar Islands,Port Blair,DDoS,High,E-commerce,1580367,640,Organization,Open
CR06664,21-07-2024,Karnataka,Mysuru,Phishing,Critical,Healthcare,2367792,23233,CERT-In,Investigating
CR06665,29-10-2024,Tamil Nadu,Coimbatore,Data Breach,Critical,Personal,4388640,38141,User Report,Open
CR06666,31-05-2026,Mizoram,Aizawl,Identity Theft,Low,Healthcare,2579253,27681,News,Resolved
CR06667,10-06-2026,Karnataka,Bengaluru,Ransomware,Critical,Banking,2012101,42437,CERT-In,Investigating
CR06668,28-01-2026,Andhra Pradesh,Vijayawada,Identity Theft,Critical,IT,3599686,32691,Organization,Resolved
CR06669,18-02-2025,Madhya Pradesh,Bhopal,DDoS,Critical,IT,231311,19587,User Report,Open
CR06670,26-11-2024,Mizoram,Aizawl,Identity Theft,Medium,IT,4084330,24831,News,Open
CR06671,18-04-2024,Bihar,Muzaffarpur,Data Breach,Low,Personal,995728,42284,User Report,Open
CR06672,08-08-2024,Delhi,New Delhi,Data Breach,Low,Government,4616224,32350,CERT-In,Resolved
CR06673,30-10-2024,Punjab,Amritsar,Ransomware,High,Education,328559,37442,User Report,Resolved
CR06674,23-02-2025,Sikkim,Gangtok,Online Fraud,Low,IT,1145875,6704,User Report,Open
CR06675,12-01-2025,Arunachal Pradesh,Itanagar,Online Fraud,High,IT,1759038,24648,User Report,Open
CR06676,21-04-2025,Gujarat,Vadodara,DDoS,Critical,E-commerce,4060510,14612,News,Open
CR06677,06-01-2024,Meghalaya,Shillong,Phishing,Medium,Government,2887085,18096,News,Resolved
CR06678,21-02-2024,Sikkim,Gangtok,DDoS,Critical,Government,3163464,45523,CERT-In,Open
CR06679,14-01-2025,Jharkhand,Jamshedpur,Ransomware,Critical,E-commerce,120780,1930,Organization,Resolved
CR06680,01-10-2025,Haryana,Panipat,Online Fraud,Medium,Banking,958050,20994,Organization,Open
CR06681,05-06-2024,Manipur,Imphal,Data Breach,Critical,Government,3645445,4871,User Report,Investigating
CR06682,07-11-2025,Delhi,New Delhi,Data Breach,Low,IT,195101,3406,Organization,Resolved
CR06683,03-06-2025,Assam,Silchar,DDoS,Medium,Personal,2145562,18906,User Report,Investigating
CR06684,02-07-2024,Arunachal Pradesh,Naharlagun,Ransomware,High,Personal,873398,13677,User Report,Investigating
CR06685,16-11-2024,Telangana,Warangal,Ransomware,Medium,Corporate,4152849,1737,CERT-In,Investigating
CR06686,26-05-2025,Mizoram,Aizawl,Phishing,Medium,Banking,4336497,16854,User Report,Investigating
CR06687,10-01-2026,Madhya Pradesh,Bhopal,Data Breach,High,Corporate,972208,7948,CERT-In,Open
CR06688,20-11-2025,Goa,Margao,Phishing,Critical,Personal,2011000,29514,News,Investigating
CR06689,23-04-2025,Andhra Pradesh,Vijayawada,Malware,Medium,Corporate,1127555,48597,CERT-In,Investigating
CR06690,17-05-2025,Punjab,Amritsar,Data Breach,Critical,Government,399343,45553,News,Investigating
CR06691,07-03-2026,Manipur,Imphal,DDoS,Medium,E-commerce,4251896,28056,CERT-In,Open
CR06692,19-03-2026,Nagaland,Kohima,Online Fraud,Low,Banking,4475750,33784,CERT-In,Resolved
CR06693,26-01-2024,Andhra Pradesh,Visakhapatnam,DDoS,High,E-commerce,873153,32841,User Report,Resolved
CR06694,17-06-2024,Chhattisgarh,Bilaspur,Malware,Low,IT,2926812,43416,Organization,Open
CR06695,08-12-2025,Jharkhand,Ranchi,Data Breach,Critical,Corporate,2540255,10487,Organization,Open
CR06696,19-06-2025,Assam,Silchar,Malware,Medium,Corporate,909144,4711,User Report,Resolved
CR06697,21-07-2024,Jammu and Kashmir,Jammu,Phishing,Critical,E-commerce,2276126,24255,User Report,Resolved
CR06698,18-02-2025,Haryana,Panipat,DDoS,Critical,Education,4934308,32584,User Report,Open
CR06699,18-06-2025,Nagaland,Kohima,Ransomware,Critical,E-commerce,2047455,13963,Organization,Open
CR06700,19-06-2026,Karnataka,Bengaluru,DDoS,Medium,Government,484715,34573,News,Resolved
CR06701,15-07-2025,Punjab,Chandigarh,Phishing,Critical,IT,3066821,48396,Organization,Investigating
CR06702,03-01-2026,Goa,Margao,Malware,Medium,Government,1955587,34124,User Report,Investigating
CR06703,24-12-2024,Karnataka,Bengaluru,Identity Theft,Medium,E-commerce,3180304,12775,User Report,Investigating
CR06704,06-02-2024,Telangana,Warangal,Phishing,High,Personal,1868332,14968,CERT-In,Investigating
CR06705,08-04-2026,Bihar,Gaya,Identity Theft,Medium,IT,1661644,46094,News,Resolved
CR06706,10-09-2024,Andhra Pradesh,Guntur,Identity Theft,Low,Government,4550143,913,User Report,Resolved
CR06707,17-05-2025,Odisha,Bhubaneswar,Online Fraud,Low,Banking,1501362,7361,Organization,Open
CR06708,12-08-2024,Chhattisgarh,Raipur,DDoS,Critical,Corporate,2644572,16584,News,Open
CR06709,20-09-2024,Odisha,Cuttack,Malware,Low,IT,867348,38432,User Report,Resolved
CR06710,14-05-2026,Odisha,Bhubaneswar,Malware,Low,Healthcare,943950,7775,CERT-In,Investigating
CR06711,16-05-2024,Odisha,Bhubaneswar,DDoS,Medium,Personal,4715271,26996,CERT-In,Open
CR06712,31-01-2025,Punjab,Ludhiana,DDoS,Medium,Education,646763,10525,CERT-In,Resolved
CR06713,07-02-2024,Kerala,Kochi,Data Breach,Critical,Government,913807,37237,Organization,Open
CR06714,29-02-2024,Telangana,Hyderabad,Data Breach,Low,E-commerce,3275382,22073,User Report,Resolved
CR06715,16-12-2024,Manipur,Imphal,Online Fraud,Critical,Government,2852482,21083,Organization,Resolved
CR06716,25-11-2025,Chandigarh,Chandigarh,Phishing,Critical,Personal,2039646,40631,CERT-In,Investigating
CR06717,28-07-2026,Uttarakhand,Dehradun,Data Breach,Low,Personal,65185,29268,Organization,Open
CR06718,22-02-2025,Sikkim,Gangtok,Ransomware,Medium,Banking,537952,47012,News,Investigating
CR06719,20-07-2025,Tamil Nadu,Coimbatore,Ransomware,Low,Personal,2137143,30459,CERT-In,Investigating
CR06720,29-09-2024,Andaman and Nicobar Islands,Port Blair,Malware,High,Healthcare,896019,10343,User Report,Resolved
CR06721,07-08-2025,Mizoram,Aizawl,Phishing,Medium,Government,3791962,24667,News,Open
CR06722,22-04-2026,Nagaland,Dimapur,Identity Theft,Critical,Banking,1306352,19347,News,Investigating
CR06723,18-09-2024,Punjab,Amritsar,Ransomware,Critical,Education,1001137,44483,User Report,Open
CR06724,31-05-2026,Punjab,Ludhiana,Online Fraud,Low,Education,4322226,9376,Organization,Open
CR06725,30-03-2024,Dadra and Nagar Haveli and Daman and Diu,Silvassa,Phishing,High,Personal,3593081,46948,Organization,Open
CR06726,30-03-2026,Bihar,Muzaffarpur,Online Fraud,Low,Corporate,4685242,48178,User Report,Open
CR06727,08-06-2024,Uttarakhand,Haridwar,Ransomware,Critical,Education,314247,11966,Organization,Resolved
CR06728,04-01-2025,Jammu and Kashmir,Srinagar,Malware,Medium,Healthcare,208743,38293,CERT-In,Resolved
CR06729,11-01-2026,Andaman and Nicobar Islands,Port Blair,Ransomware,Medium,Banking,1834722,38626,Organization,Resolved
CR06730,19-01-2025,Arunachal Pradesh,Naharlagun,Data Breach,Medium,E-commerce,3265096,12257,User Report,Investigating
CR06731,15-03-2024,Chandigarh,Chandigarh,Malware,High,E-commerce,4102114,44286,CERT-In,Open
CR06732,15-07-2024,Madhya Pradesh,Gwalior,Phishing,High,IT,3163757,38643,CERT-In,Investigating
CR06733,08-04-2025,Jammu and Kashmir,Srinagar,Identity Theft,Critical,Government,652081,14079,CERT-In,Open
CR06734,06-06-2024,Goa,Margao,Malware,High,Education,3145386,49671,CERT-In,Investigating
CR06735,29-11-2025,Bihar,Muzaffarpur,Malware,High,E-commerce,2918774,43144,News,Resolved
CR06736,25-02-2024,Andaman and Nicobar Islands,Port Blair,DDoS,High,Healthcare,4179907,42915,News,Investigating
CR06737,15-04-2024,Arunachal Pradesh,Naharlagun,Data Breach,Medium,Healthcare,2813646,10834,User Report,Investigating
CR06738,07-06-2025,Goa,Panaji,Identity Theft,Critical,Government,3400344,30360,CERT-In,Investigating
CR06739,30-10-2024,Meghalaya,Shillong,Malware,Critical,Healthcare,1395274,21249,User Report,Resolved
CR06740,31-03-2024,Lakshadweep,Kavaratti,Ransomware,Low,Government,125256,12384,User Report,Investigating
CR06741,11-03-2024,Mizoram,Aizawl,Data Breach,High,E-commerce,4635309,4433,CERT-In,Resolved
CR06742,22-08-2024,Jammu and Kashmir,Jammu,Identity Theft,Low,Banking,4766039,49288,News,Investigating
CR06743,25-01-2024,Andhra Pradesh,Guntur,Phishing,High,Government,775047,6333,User Report,Resolved
CR06744,01-09-2025,Bihar,Muzaffarpur,Ransomware,Critical,E-commerce,1615822,8468,News,Investigating
CR06745,30-03-2025,Arunachal Pradesh,Itanagar,Phishing,Low,IT,3222538,32702,Organization,Open
CR06746,05-07-2026,Himachal Pradesh,Shimla,Malware,Medium,Personal,2047243,36659,Organization,Resolved
CR06747,23-06-2025,Ladakh,Leh,Malware,Critical,Education,1506771,35940,CERT-In,Open
CR06748,08-04-2026,Kerala,Kozhikode,Identity Theft,High,Personal,4018480,10445,Organization,Resolved
CR06749,03-09-2024,Sikkim,Gangtok,Data Breach,Medium,Education,2770365,8013,CERT-In,Resolved
CR06750,12-04-2026,Sikkim,Gangtok,Online Fraud,Medium,Banking,2479087,14491,CERT-In,Investigating
CR06751,30-01-2025,Chandigarh,Chandigarh,Online Fraud,Low,Banking,1397459,5442,CERT-In,Open
CR06752,16-03-2026,Tripura,Agartala,DDoS,High,Banking,3049823,10124,User Report,Investigating
CR06753,06-08-2025,Tripura,Agartala,Identity Theft,High,Corporate,4946504,14852,News,Resolved
CR06754,29-12-2024,West Bengal,Durgapur,Data Breach,Medium,Healthcare,1377256,1676,News,Resolved
CR06755,21-09-2025,Goa,Margao,Malware,Low,Corporate,4827932,24229,Organization,Open
CR06756,06-08-2025,Bihar,Muzaffarpur,Malware,Critical,Personal,3463771,49468,CERT-In,Resolved
CR06757,21-05-2025,Sikkim,Gangtok,Identity Theft,Critical,Corporate,3231229,40487,CERT-In,Investigating
CR06758,27-05-2024,Haryana,Panipat,Identity Theft,High,Banking,2922743,15299,User Report,Resolved
CR06759,01-10-2025,Chandigarh,Chandigarh,DDoS,Low,Corporate,103653,34361,Organization,Investigating
CR06760,27-04-2025,Manipur,Imphal,Data Breach,Medium,Education,1082816,39058,Organization,Resolved
CR06761,10-05-2025,Maharashtra,Mumbai,Malware,High,Personal,2796416,11336,CERT-In,Investigating
CR06762,23-07-2026,Mizoram,Aizawl,Data Breach,High,E-commerce,1959334,20083,User Report,Investigating
CR06763,12-06-2025,Manipur,Imphal,Phishing,Critical,Banking,3690871,20376,User Report,Open
CR06764,25-12-2025,Odisha,Bhubaneswar,Ransomware,Medium,Healthcare,1181248,37171,User Report,Investigating
CR06765,04-05-2024,Arunachal Pradesh,Naharlagun,Online Fraud,Medium,Banking,3777968,3117,Organization,Open
CR06766,21-12-2025,Andaman and Nicobar Islands,Port Blair,Malware,High,IT,1439946,16234,Organization,Investigating
CR06767,04-12-2025,Andhra Pradesh,Guntur,Malware,Medium,Personal,4004662,8349,News,Resolved
CR06768,06-05-2024,Arunachal Pradesh,Itanagar,Data Breach,Medium,Personal,4504147,45200,CERT-In,Open
CR06769,25-06-2024,Lakshadweep,Kavaratti,Data Breach,Critical,Banking,4690262,31293,CERT-In,Open
CR06770,05-02-2024,Punjab,Chandigarh,Online Fraud,High,IT,1315896,45454,News,Investigating
CR06771,08-08-2024,Sikkim,Gangtok,Malware,Medium,Banking,4353505,23616,User Report,Open
CR06772,23-02-2026,Tamil Nadu,Chennai,Identity Theft,High,IT,3214497,49044,CERT-In,Open
CR06773,17-03-2024,Andaman and Nicobar Islands,Port Blair,Online Fraud,Critical,Education,4030941,30383,News,Resolved
CR06774,21-06-2024,Bihar,Gaya,Ransomware,Medium,IT,1579455,34541,Organization,Open
CR06775,09-10-2025,Dadra and Nagar Haveli and Daman and Diu,Silvassa,Phishing,High,Government,3000218,17685,CERT-In,Resolved
CR06776,22-09-2024,Bihar,Gaya,Phishing,Critical,Banking,1623152,28273,Organization,Investigating
CR06777,26-01-2025,Kerala,Kozhikode,Phishing,High,Corporate,4197328,17346,Organization,Open
CR06778,13-02-2025,Telangana,Warangal,DDoS,High,Banking,4858313,49654,CERT-In,Open
CR06779,28-11-2024,Sikkim,Gangtok,Identity Theft,Medium,Education,3574831,22699,News,Resolved
CR06780,04-07-2026,Nagaland,Kohima,Phishing,Medium,IT,673660,33067,News,Open
CR06781,31-03-2025,Delhi,New Delhi,Online Fraud,Medium,Personal,3308296,23660,CERT-In,Resolved
CR06782,17-07-2024,Nagaland,Dimapur,Online Fraud,Critical,E-commerce,157917,2774,User Report,Investigating
CR06783,12-01-2025,Ladakh,Leh,Data Breach,Low,E-commerce,2764342,27335,CERT-In,Open
CR06784,18-07-2024,Andaman and Nicobar Islands,Port Blair,DDoS,Critical,Corporate,4712227,18013,User Report,Investigating
CR06785,20-12-2024,Karnataka,Bengaluru,Online Fraud,Critical,Personal,4279321,23514,News,Investigating
CR06786,18-03-2025,Haryana,Panipat,Online Fraud,Critical,Government,754190,47902,News,Resolved
CR06787,15-07-2025,Nagaland,Kohima,Ransomware,Critical,IT,3196739,25506,News,Investigating
CR06788,30-04-2024,Meghalaya,Shillong,DDoS,Critical,Education,730330,45145,CERT-In,Resolved
CR06789,18-03-2026,Nagaland,Kohima,Malware,Critical,Healthcare,4327385,4814,CERT-In,Resolved
CR06790,19-06-2026,West Bengal,Kolkata,Online Fraud,Critical,Corporate,834017,572,Organization,Open
CR06791,28-12-2025,Jammu and Kashmir,Srinagar,Online Fraud,High,IT,1441547,17776,News,Investigating
CR06792,14-04-2026,Maharashtra,Nagpur,Malware,Critical,Education,986648,17890,News,Resolved
CR06793,31-12-2024,Maharashtra,Mumbai,Identity Theft,High,Banking,4401083,16443,Organization,Investigating
CR06794,30-09-2025,Meghalaya,Shillong,Online Fraud,Critical,Personal,2310462,1888,CERT-In,Open
CR06795,30-01-2026,Haryana,Faridabad,Phishing,High,Healthcare,4161485,3882,News,Investigating
CR06796,15-03-2024,Andhra Pradesh,Visakhapatnam,Phishing,Low,IT,2221851,28210,News,Open
CR06797,29-04-2026,Himachal Pradesh,Dharamshala,Ransomware,Critical,IT,2354260,16766,Organization,Open
CR06798,11-11-2025,Uttarakhand,Dehradun,DDoS,Medium,Personal,2366309,29224,CERT-In,Open
CR06799,30-10-2024,Jharkhand,Ranchi,Data Breach,Critical,E-commerce,4092359,26774,CERT-In,Investigating
CR06800,02-03-2026,Tripura,Agartala,Malware,Critical,Government,4020544,3480,News,Open
CR06801,03-06-2026,Assam,Dibrugarh,Ransomware,Critical,Personal,3493622,20553,CERT-In,Resolved
CR06802,13-07-2026,Dadra and Nagar Haveli and Daman and Diu,Silvassa,Identity Theft,Critical,Personal,2205556,29001,News,Resolved
CR06803,20-01-2025,Madhya Pradesh,Indore,Ransomware,Low,Government,4221377,34044,Organization,Open
CR06804,10-04-2024,Nagaland,Kohima,DDoS,Low,Corporate,556258,33953,News,Resolved
CR06805,09-04-2025,Nagaland,Dimapur,Identity Theft,Critical,Personal,3388688,8210,CERT-In,Resolved
CR06806,26-02-2025,Mizoram,Aizawl,Ransomware,High,Banking,2453107,7606,User Report,Resolved
CR06807,11-06-2025,Bihar,Patna,DDoS,Medium,Education,1572761,35805,Organization,Investigating
CR06808,05-02-2024,Tamil Nadu,Chennai,Identity Theft,Low,Corporate,3645125,4974,CERT-In,Investigating
CR06809,14-09-2025,Karnataka,Mangaluru,DDoS,High,Healthcare,2223792,33153,News,Open
CR06810,22-01-2025,Jharkhand,Ranchi,Identity Theft,Critical,IT,667401,3161,User Report,Open
CR06811,26-07-2026,Delhi,New Delhi,Identity Theft,Medium,Personal,3162247,21084,News,Resolved
CR06812,15-12-2025,Maharashtra,Nagpur,Malware,High,Government,3467739,4391,Organization,Resolved
CR06813,12-05-2025,Bihar,Muzaffarpur,Malware,Low,Government,3427304,32530,Organization,Open
CR06814,12-11-2025,Mizoram,Aizawl,Phishing,High,Education,2241991,24117,Organization,Open
CR06815,15-06-2025,Uttar Pradesh,Varanasi,Data Breach,Medium,Banking,771508,37130,CERT-In,Resolved
CR06816,16-01-2026,Meghalaya,Shillong,Online Fraud,Critical,E-commerce,753742,8932,CERT-In,Open
CR06817,18-01-2026,Telangana,Warangal,Online Fraud,Medium,Education,3691247,124,User Report,Resolved
CR06818,08-01-2024,Mizoram,Aizawl,Malware,Critical,Personal,4773706,39348,Organization,Open
CR06819,12-06-2024,Uttarakhand,Dehradun,DDoS,Low,Education,531954,42004,Organization,Resolved
CR06820,19-05-2026,Uttar Pradesh,Kanpur,Identity Theft,Low,Personal,4330105,19082,User Report,Investigating
CR06821,29-12-2025,Kerala,Kozhikode,Data Breach,High,Banking,3168582,35213,Organization,Investigating
CR06822,08-05-2025,Maharashtra,Mumbai,Identity Theft,Low,Banking,4824353,4186,User Report,Investigating
CR06823,14-08-2024,Haryana,Gurugram,Malware,Low,Personal,441193,19184,Organization,Open
CR06824,26-05-2026,Andhra Pradesh,Vijayawada,Ransomware,Low,E-commerce,4110982,18363,User Report,Investigating
CR06825,18-11-2024,Nagaland,Dimapur,Malware,High,E-commerce,1256416,5220,User Report,Resolved
CR06826,04-11-2024,Arunachal Pradesh,Naharlagun,Ransomware,Medium,Education,1983761,10895,CERT-In,Investigating
CR06827,16-01-2025,Jharkhand,Ranchi,Data Breach,Critical,Government,1354069,33114,News,Resolved
CR06828,07-10-2025,Puducherry,Puducherry,Ransomware,Low,Personal,2411605,19112,Organization,Open
CR06829,26-11-2024,Andhra Pradesh,Vijayawada,Phishing,High,E-commerce,1732529,28846,News,Investigating
CR06830,14-02-2026,Dadra and Nagar Haveli and Daman and Diu,Daman,Identity Theft,Low,Banking,3944556,15042,User Report,Investigating
CR06831,30-01-2026,Tripura,Agartala,Ransomware,Critical,Banking,1206757,39434,User Report,Resolved
CR06832,07-04-2024,Telangana,Hyderabad,Phishing,Medium,IT,4367421,6935,News,Open
CR06833,04-07-2024,Chandigarh,Chandigarh,Identity Theft,Medium,Healthcare,3245017,20864,User Report,Investigating
CR06834,09-11-2024,Karnataka,Bengaluru,DDoS,Critical,E-commerce,1091087,15624,CERT-In,Resolved
CR06835,03-04-2024,Tamil Nadu,Chennai,Phishing,Critical,Government,4725849,42308,CERT-In,Investigating
CR06836,19-03-2024,Manipur,Imphal,Malware,Low,IT,4073559,6977,Organization,Resolved
CR06837,28-03-2025,Telangana,Hyderabad,Ransomware,High,Personal,2291159,41575,CERT-In,Resolved
CR06838,24-08-2024,Telangana,Warangal,DDoS,Critical,Corporate,1431594,14245,News,Resolved
CR06839,09-06-2024,Madhya Pradesh,Bhopal,Online Fraud,High,Banking,3987494,41418,CERT-In,Open
CR06840,16-04-2026,Himachal Pradesh,Dharamshala,Ransomware,Low,Healthcare,742409,9020,User Report,Investigating
CR06841,06-02-2025,Maharashtra,Pune,Online Fraud,High,Government,1529447,17428,News,Resolved
CR06842,03-06-2024,Gujarat,Rajkot,DDoS,Critical,Government,339392,40253,News,Open
CR06843,17-05-2025,Jharkhand,Jamshedpur,Malware,Low,Education,1569618,5623,News,Resolved
CR06844,27-10-2024,Sikkim,Gangtok,Data Breach,Medium,Healthcare,3896626,21942,CERT-In,Open
CR06845,24-10-2025,Tamil Nadu,Madurai,Phishing,High,Healthcare,294159,13091,Organization,Investigating
CR06846,12-11-2025,Jharkhand,Ranchi,Phishing,High,IT,3769623,20809,User Report,Investigating
CR06847,24-04-2024,Karnataka,Bengaluru,Data Breach,Critical,IT,1155640,27008,News,Open
CR06848,20-02-2026,Odisha,Cuttack,Malware,Low,Banking,2866885,1183,Organization,Open
CR06849,06-02-2025,Nagaland,Dimapur,Data Breach,Critical,Education,4654268,35977,News,Investigating
CR06850,27-02-2024,Madhya Pradesh,Gwalior,DDoS,Low,Healthcare,4255871,32060,CERT-In,Resolved
CR06851,01-03-2026,Lakshadweep,Kavaratti,Online Fraud,High,E-commerce,2545735,32520,CERT-In,Open
CR06852,31-05-2025,Tamil Nadu,Madurai,DDoS,Low,Banking,4690824,45719,CERT-In,Open
CR06853,15-06-2026,Telangana,Hyderabad,DDoS,Medium,Corporate,695466,18711,News,Resolved
CR06854,25-09-2024,Jammu and Kashmir,Srinagar,Ransomware,High,Healthcare,1436777,46107,CERT-In,Investigating
CR06855,24-05-2025,Arunachal Pradesh,Naharlagun,Identity Theft,Critical,Corporate,669885,33144,News,Open
CR06856,11-12-2025,Ladakh,Leh,Malware,Medium,Personal,3113432,45495,Organization,Resolved
CR06857,20-12-2024,Chandigarh,Chandigarh,Phishing,Medium,IT,3706409,28243,News,Resolved
CR06858,23-05-2025,Punjab,Chandigarh,Malware,Low,E-commerce,276442,11694,News,Investigating
CR06859,23-11-2025,Lakshadweep,Kavaratti,Online Fraud,Critical,Healthcare,2614145,27260,Organization,Open
CR06860,20-07-2025,Manipur,Imphal,Online Fraud,Low,E-commerce,3467853,11288,CERT-In,Open
CR06861,07-06-2026,Andaman and Nicobar Islands,Port Blair,Phishing,Low,Government,1841272,9304,CERT-In,Investigating
CR06862,15-02-2026,Haryana,Faridabad,Identity Theft,High,Healthcare,2894708,45154,Organization,Investigating
CR06863,11-02-2025,Kerala,Kochi,Identity Theft,Critical,Personal,4732948,10928,Organization,Resolved
CR06864,02-11-2024,Goa,Panaji,Malware,High,Banking,1308107,33673,News,Resolved
CR06865,14-12-2025,Tamil Nadu,Chennai,Data Breach,Critical,Personal,4485158,1153,Organization,Open
CR06866,28-05-2024,Telangana,Warangal,DDoS,Medium,Personal,4895005,35858,Organization,Investigating
CR06867,22-03-2024,Jharkhand,Ranchi,Phishing,Critical,Education,141167,1165,News,Resolved
CR06868,28-02-2024,Dadra and Nagar Haveli and Daman and Diu,Silvassa,Malware,Low,Personal,886016,4757,CERT-In,Open
CR06869,13-04-2024,Odisha,Bhubaneswar,Online Fraud,Medium,IT,2105014,38118,News,Resolved
CR06870,26-08-2024,Puducherry,Puducherry,Ransomware,Low,Government,3737039,33660,User Report,Investigating
CR06871,02-05-2024,Mizoram,Aizawl,Online Fraud,Critical,Healthcare,1189047,2135,CERT-In,Resolved
CR06872,24-04-2024,Karnataka,Bengaluru,Ransomware,Medium,Education,411417,4498,CERT-In,Investigating
CR06873,08-04-2025,Jharkhand,Ranchi,Online Fraud,High,IT,673749,42068,News,Investigating
CR06874,12-03-2024,Kerala,Kozhikode,Online Fraud,Critical,IT,1280749,30741,News,Investigating
CR06875,11-07-2025,Gujarat,Vadodara,Ransomware,Low,Banking,703829,19651,Organization,Investigating
CR06876,22-01-2024,Delhi,New Delhi,Online Fraud,High,E-commerce,1024851,1634,Organization,Open
CR06877,01-05-2024,Bihar,Muzaffarpur,Ransomware,Medium,E-commerce,4864392,13321,User Report,Investigating
CR06878,14-02-2025,Kerala,Kochi,Phishing,Low,Banking,2152904,6274,News,Open
CR06879,15-05-2024,Uttar Pradesh,Noida,Online Fraud,Low,Healthcare,2980672,43416,Organization,Resolved
CR06880,16-01-2024,Andaman and Nicobar Islands,Port Blair,Phishing,Critical,E-commerce,2913679,1076,CERT-In,Open
CR06881,24-09-2024,Manipur,Imphal,DDoS,Medium,Government,1034150,30799,User Report,Resolved
CR06882,10-06-2024,Andhra Pradesh,Vijayawada,Online Fraud,Medium,Healthcare,1174242,14998,News,Resolved
CR06883,09-05-2026,Andhra Pradesh,Visakhapatnam,Online Fraud,Low,Education,4138870,32750,Organization,Resolved
CR06884,28-08-2024,Tamil Nadu,Chennai,Online Fraud,Low,IT,3031343,21180,Organization,Resolved
CR06885,29-10-2025,Manipur,Imphal,Online Fraud,High,E-commerce,2910562,45907,User Report,Open
CR06886,19-01-2026,Dadra and Nagar Haveli and Daman and Diu,Daman,Identity Theft,Critical,Education,3610257,3333,News,Open
CR06887,21-07-2025,Lakshadweep,Kavaratti,Identity Theft,Low,Personal,1325667,3485,Organization,Open
CR06888,07-09-2024,Karnataka,Mysuru,DDoS,High,Government,4395041,49975,CERT-In,Resolved
CR06889,16-07-2026,Haryana,Panipat,Online Fraud,High,Healthcare,4870691,1406,CERT-In,Investigating
CR06890,12-01-2025,Manipur,Imphal,Malware,Medium,E-commerce,257800,38818,News,Open
CR06891,18-01-2024,Sikkim,Gangtok,DDoS,Medium,Healthcare,1676555,30112,Organization,Resolved
CR06892,26-07-2024,Nagaland,Dimapur,Online Fraud,Critical,Corporate,190869,8814,CERT-In,Investigating
CR06893,28-03-2025,Uttar Pradesh,Kanpur,Identity Theft,Low,Education,1011898,998,CERT-In,Investigating
CR06894,27-07-2026,Uttarakhand,Dehradun,DDoS,High,E-commerce,3217741,4522,CERT-In,Investigating
CR06895,07-01-2024,Maharashtra,Mumbai,Malware,Low,Government,1530926,28917,News,Open
CR06896,21-02-2024,Sikkim,Gangtok,Data Breach,Critical,Banking,1762813,33646,User Report,Investigating
CR06897,09-06-2024,Meghalaya,Shillong,Malware,Medium,Healthcare,758678,32491,User Report,Resolved
CR06898,29-07-2026,Punjab,Chandigarh,Identity Theft,Medium,Education,3112298,26545,News,Open
CR06899,07-12-2024,Bihar,Gaya,Online Fraud,Low,Healthcare,3106315,16631,User Report,Open
CR06900,23-01-2025,Meghalaya,Shillong,Phishing,Medium,Education,356225,49314,Organization,Investigating
CR06901,19-07-2026,Delhi,New Delhi,Phishing,Medium,Government,2190922,25128,News,Investigating
CR06902,21-10-2024,Himachal Pradesh,Shimla,Data Breach,Critical,Banking,3913790,29877,User Report,Open
CR06903,15-10-2024,Telangana,Hyderabad,Phishing,Low,Banking,2177989,2157,Organization,Investigating
CR06904,21-01-2025,Manipur,Imphal,Online Fraud,Medium,Government,1750093,18028,Organization,Resolved
CR06905,03-09-2025,Andhra Pradesh,Guntur,Ransomware,Low,Banking,3136041,31405,Organization,Resolved
CR06906,05-05-2026,Sikkim,Gangtok,Ransomware,Critical,Education,2789623,2871,Organization,Resolved
CR06907,19-05-2024,Tripura,Agartala,Identity Theft,High,IT,2771537,21124,User Report,Investigating
CR06908,20-02-2026,Assam,Dibrugarh,Online Fraud,Critical,Corporate,2040038,4188,CERT-In,Open
CR06909,30-11-2025,Jammu and Kashmir,Srinagar,Online Fraud,Medium,Education,4285108,44257,User Report,Open
CR06910,19-05-2024,Manipur,Imphal,Identity Theft,Low,Healthcare,3944983,8231,CERT-In,Resolved
CR06911,27-06-2025,Karnataka,Mangaluru,DDoS,Low,Banking,423448,47782,Organization,Open
CR06912,10-04-2026,Andhra Pradesh,Vijayawada,Malware,High,IT,209932,43141,User Report,Resolved
CR06913,25-03-2024,Punjab,Ludhiana,Phishing,Critical,IT,528796,7279,Organization,Open
CR06914,03-07-2026,Odisha,Cuttack,Identity Theft,Medium,E-commerce,4573267,25781,News,Open
CR06915,25-06-2025,Manipur,Imphal,DDoS,High,Banking,1007180,16572,News,Resolved
CR06916,30-05-2024,Chhattisgarh,Bilaspur,Data Breach,Low,Banking,1868101,42112,News,Open
CR06917,13-01-2026,Sikkim,Gangtok,Malware,High,IT,297148,333,User Report,Open
CR06918,04-02-2025,Mizoram,Aizawl,Phishing,High,Government,991360,14193,Organization,Open
CR06919,12-05-2025,Gujarat,Surat,Identity Theft,High,Personal,749597,24351,Organization,Resolved
CR06920,12-02-2024,Rajasthan,Udaipur,Data Breach,Low,Education,4751254,42032,CERT-In,Investigating
CR06921,15-11-2024,Chandigarh,Chandigarh,Data Breach,Critical,Corporate,2086592,7072,User Report,Investigating
CR06922,06-01-2024,Andaman and Nicobar Islands,Port Blair,Ransomware,Critical,IT,1189494,22420,User Report,Resolved
CR06923,22-05-2026,Telangana,Hyderabad,Malware,Low,IT,4836294,47102,CERT-In,Resolved
CR06924,14-05-2026,Karnataka,Mangaluru,Data Breach,Critical,Healthcare,4745662,43832,CERT-In,Resolved
CR06925,26-11-2024,Nagaland,Kohima,Ransomware,Critical,Banking,1773890,47546,News,Resolved
CR06926,31-08-2024,Puducherry,Puducherry,Malware,Critical,IT,2087629,1866,News,Resolved
CR06927,13-12-2025,Puducherry,Puducherry,Identity Theft,Medium,Corporate,3269219,23666,News,Resolved
CR06928,18-08-2025,Meghalaya,Shillong,Online Fraud,Critical,Personal,1932431,32114,Organization,Open
CR06929,24-12-2025,Telangana,Warangal,Ransomware,Low,Healthcare,3453396,7613,News,Investigating
CR06930,31-08-2024,Rajasthan,Jodhpur,Phishing,High,Healthcare,4076552,25991,CERT-In,Investigating
CR06931,02-09-2024,Jammu and Kashmir,Jammu,Data Breach,Critical,Banking,198625,26806,Organization,Open
CR06932,28-06-2024,Lakshadweep,Kavaratti,Online Fraud,Medium,Government,3438583,46416,News,Open
CR06933,28-03-2024,Chhattisgarh,Bilaspur,Malware,Low,Corporate,4805965,29226,News,Investigating
CR06934,10-01-2026,Assam,Silchar,DDoS,Low,Government,3751181,49158,News,Investigating
CR06935,09-02-2025,Assam,Silchar,Online Fraud,Critical,Corporate,4244733,2201,Organization,Resolved
CR06936,12-01-2025,Chhattisgarh,Bilaspur,Malware,High,E-commerce,4788945,44617,Organization,Resolved
CR06937,08-01-2024,Kerala,Thiruvananthapuram,Online Fraud,Medium,Education,2163799,23948,User Report,Resolved
CR06938,14-02-2024,Puducherry,Puducherry,Malware,Medium,Government,4455506,10578,Organization,Resolved
CR06939,01-05-2025,Kerala,Kochi,DDoS,Critical,Personal,4304598,42691,Organization,Resolved
CR06940,27-03-2025,Chandigarh,Chandigarh,Identity Theft,High,Government,4154576,46680,Organization,Open
CR06941,11-05-2025,Jammu and Kashmir,Srinagar,Malware,Critical,IT,2531931,40038,CERT-In,Open
CR06942,17-03-2025,Uttar Pradesh,Varanasi,Data Breach,Critical,Personal,2427214,7716,User Report,Investigating
CR06943,13-09-2025,Jammu and Kashmir,Jammu,Online Fraud,High,Banking,567925,48762,Organization,Resolved
CR06944,19-09-2025,Uttarakhand,Dehradun,DDoS,High,Government,2851575,39144,CERT-In,Investigating
CR06945,04-04-2026,Telangana,Hyderabad,Data Breach,Medium,Personal,2924015,31839,User Report,Open
CR06946,30-04-2026,Mizoram,Aizawl,Ransomware,High,Government,975735,44766,News,Resolved
CR06947,25-04-2026,Madhya Pradesh,Gwalior,Online Fraud,Critical,Banking,3678212,16871,Organization,Open
CR06948,18-03-2024,Manipur,Imphal,Malware,High,Government,375565,48249,User Report,Resolved
CR06949,10-09-2024,Madhya Pradesh,Indore,Identity Theft,Critical,Healthcare,732045,42936,Organization,Investigating
CR06950,29-06-2024,Manipur,Imphal,Malware,Low,Government,1318043,38448,News,Open
CR06951,09-07-2026,West Bengal,Siliguri,Online Fraud,Low,Government,861352,13683,News,Resolved
CR06952,21-02-2025,Uttarakhand,Haridwar,Online Fraud,High,Banking,1708544,41893,CERT-In,Investigating
CR06953,15-07-2026,Chhattisgarh,Bilaspur,Identity Theft,High,Banking,2697551,25377,CERT-In,Resolved
CR06954,11-09-2025,Mizoram,Aizawl,Malware,High,Corporate,149136,43791,Organization,Resolved
CR06955,04-05-2025,Jammu and Kashmir,Jammu,Identity Theft,Critical,Education,1066765,49985,News,Resolved
CR06956,23-08-2025,Lakshadweep,Kavaratti,DDoS,High,E-commerce,4042569,3090,Organization,Resolved
CR06957,09-08-2025,Telangana,Warangal,Identity Theft,Critical,E-commerce,4003394,23607,News,Open
CR06958,08-06-2024,Assam,Dibrugarh,Phishing,High,Personal,1139819,44230,News,Resolved
CR06959,30-08-2025,Nagaland,Kohima,DDoS,Critical,Education,4541319,23322,Organization,Investigating
CR06960,02-06-2024,Gujarat,Rajkot,Identity Theft,Medium,IT,1620349,32972,User Report,Open
CR06961,16-11-2024,Ladakh,Leh,Identity Theft,High,E-commerce,2857961,31339,News,Investigating
CR06962,25-10-2024,Rajasthan,Jodhpur,Online Fraud,Critical,Personal,4084982,10450,User Report,Resolved
CR06963,23-04-2025,Telangana,Warangal,Data Breach,Medium,Personal,3975127,32363,User Report,Resolved
CR06964,08-05-2026,Kerala,Kozhikode,Malware,High,Corporate,4594023,33327,User Report,Open
CR06965,04-05-2026,Kerala,Thiruvananthapuram,Data Breach,Medium,Banking,4048399,23810,CERT-In,Resolved
CR06966,03-03-2025,West Bengal,Siliguri,Phishing,Medium,E-commerce,550893,19386,Organization,Investigating
CR06967,19-08-2025,Uttar Pradesh,Lucknow,Malware,Critical,Personal,3844469,27777,User Report,Open
CR06968,30-06-2024,Jammu and Kashmir,Srinagar,Malware,Critical,Education,1613141,12155,User Report,Investigating
CR06969,24-10-2024,Punjab,Ludhiana,Malware,Critical,Healthcare,1918296,23054,Organization,Investigating
CR06970,07-07-2025,Uttarakhand,Haridwar,Malware,Medium,E-commerce,4528123,10622,User Report,Open
CR06971,26-02-2024,Puducherry,Puducherry,Data Breach,Critical,E-commerce,288536,38276,User Report,Resolved
CR06972,14-07-2025,Madhya Pradesh,Indore,Online Fraud,High,Corporate,3894015,22691,User Report,Resolved
CR06973,03-09-2024,Karnataka,Mysuru,Phishing,Medium,Corporate,3295223,21058,CERT-In,Resolved
CR06974,30-07-2024,Rajasthan,Udaipur,Online Fraud,Medium,IT,1858122,3262,Organization,Open
CR06975,05-02-2026,Meghalaya,Shillong,Data Breach,Medium,Healthcare,4385157,27501,Organization,Resolved
CR06976,16-06-2025,Uttarakhand,Dehradun,Malware,Medium,Healthcare,4464207,11626,User Report,Open
CR06977,25-01-2026,Madhya Pradesh,Bhopal,DDoS,Critical,Education,4916014,42917,Organization,Investigating
CR06978,12-10-2024,Tripura,Agartala,Phishing,Critical,Corporate,3717972,15152,User Report,Resolved
CR06979,09-10-2025,Telangana,Hyderabad,Data Breach,Critical,Corporate,1747935,31692,CERT-In,Resolved
CR06980,13-07-2026,Rajasthan,Jaipur,Ransomware,Medium,Government,4986249,215,News,Resolved
CR06981,10-08-2025,Tripura,Agartala,Identity Theft,Critical,Healthcare,2074646,28314,Organization,Investigating
CR06982,18-05-2026,Nagaland,Dimapur,Online Fraud,Medium,Personal,2082226,41189,User Report,Open
CR06983,09-09-2025,Odisha,Bhubaneswar,Online Fraud,Medium,Corporate,1505138,33173,News,Open
CR06984,02-11-2024,Madhya Pradesh,Gwalior,Phishing,High,Banking,4608551,28316,News,Investigating
CR06985,05-05-2026,Andhra Pradesh,Vijayawada,Online Fraud,Critical,E-commerce,2532220,22217,User Report,Resolved
CR06986,31-08-2024,Nagaland,Kohima,Identity Theft,Critical,E-commerce,4043385,4278,User Report,Investigating
CR06987,26-04-2026,Meghalaya,Shillong,DDoS,Low,Corporate,4334764,3459,User Report,Resolved
CR06988,09-04-2025,West Bengal,Durgapur,Online Fraud,Critical,Healthcare,4122208,34203,User Report,Resolved
CR06989,10-06-2025,Gujarat,Vadodara,Ransomware,High,Healthcare,3296751,29564,News,Open
CR06990,01-05-2026,Arunachal Pradesh,Itanagar,Data Breach,Critical,Healthcare,3101472,24873,User Report,Resolved
CR06991,18-10-2025,Nagaland,Kohima,Online Fraud,Medium,Healthcare,2026991,37753,User Report,Investigating
CR06992,25-02-2026,Andhra Pradesh,Vijayawada,Online Fraud,High,Education,374483,28440,News,Investigating
CR06993,26-05-2026,Arunachal Pradesh,Itanagar,Malware,Critical,Personal,4687853,16282,CERT-In,Investigating
CR06994,06-05-2025,Tamil Nadu,Chennai,Online Fraud,Critical,Healthcare,2912242,34191,User Report,Open
CR06995,19-02-2026,Gujarat,Surat,Malware,Critical,Corporate,2323151,19785,Organization,Open
CR06996,04-12-2024,Nagaland,Dimapur,Phishing,Critical,Education,3014337,1178,CERT-In,Investigating
CR06997,19-01-2024,Jammu and Kashmir,Jammu,DDoS,Low,Education,2311590,38546,News,Open
CR06998,03-06-2025,Sikkim,Gangtok,DDoS,Low,Personal,1731694,30686,CERT-In,Investigating
CR06999,22-07-2025,Ladakh,Leh,Ransomware,Low,IT,2748671,18281,News,Investigating
CR07000,04-06-2025,Punjab,Amritsar,Malware,Low,Government,987897,28054,Organization,Open
CR07001,18-05-2026,Nagaland,Dimapur,Phishing,Low,E-commerce,1919817,23151,CERT-In,Open
CR07002,22-04-2025,Goa,Margao,Identity Theft,Low,Education,4056003,42636,CERT-In,Resolved
CR07003,08-04-2026,Sikkim,Gangtok,Online Fraud,High,Banking,971466,8999,News,Resolved
CR07004,27-12-2025,Madhya Pradesh,Indore,Data Breach,High,Personal,742921,48817,User Report,Open
CR07005,05-06-2024,Tamil Nadu,Madurai,Phishing,High,Healthcare,3399313,21340,CERT-In,Resolved
CR07006,27-02-2025,Odisha,Bhubaneswar,Phishing,Low,Corporate,3363031,21685,News,Investigating
CR07007,23-01-2024,Lakshadweep,Kavaratti,Online Fraud,Medium,IT,2503131,30932,CERT-In,Resolved
CR07008,13-03-2025,Telangana,Hyderabad,DDoS,Medium,Corporate,130008,47354,News,Open
CR07009,23-02-2024,West Bengal,Kolkata,Online Fraud,High,Education,4192573,233,Organization,Resolved
CR07010,12-10-2025,Dadra and Nagar Haveli and Daman and Diu,Silvassa,Phishing,Medium,Healthcare,4630813,37641,Organization,Investigating
CR07011,15-04-2025,Nagaland,Kohima,DDoS,High,Education,2835762,21610,CERT-In,Resolved
CR07012,10-06-2024,Odisha,Cuttack,Phishing,Critical,Banking,3874464,17054,User Report,Investigating
CR07013,16-02-2024,Meghalaya,Shillong,Ransomware,Low,Personal,4980109,35956,Organization,Open
CR07014,21-06-2026,Andaman and Nicobar Islands,Port Blair,Data Breach,Critical,Government,1634176,31292,News,Investigating
CR07015,05-03-2026,Chandigarh,Chandigarh,DDoS,High,Banking,3401897,35879,CERT-In,Investigating
CR07016,26-05-2026,Goa,Panaji,Identity Theft,Critical,Banking,4421146,39458,CERT-In,Open
CR07017,25-03-2024,Ladakh,Leh,Data Breach,Low,IT,2099452,11922,News,Investigating
CR07018,16-12-2024,Jharkhand,Jamshedpur,Ransomware,Medium,Government,3693053,10468,News,Investigating
CR07019,25-02-2024,Ladakh,Leh,Malware,High,Personal,858453,49929,News,Open
CR07020,30-04-2025,Sikkim,Gangtok,Phishing,Medium,Banking,4916709,26010,Organization,Open
CR07021,16-04-2025,Bihar,Muzaffarpur,Ransomware,Medium,Banking,1274830,5187,News,Investigating
CR07022,09-12-2024,Dadra and Nagar Haveli and Daman and Diu,Daman,Malware,High,Banking,4035388,27211,User Report,Investigating
CR07023,24-05-2024,Meghalaya,Shillong,Malware,Low,Government,3931348,40188,CERT-In,Resolved
CR07024,26-11-2025,Gujarat,Surat,Phishing,Low,Government,2256521,24537,CERT-In,Open
CR07025,17-09-2024,Rajasthan,Jaipur,Ransomware,High,Government,4343816,29309,CERT-In,Resolved
CR07026,16-07-2024,Jammu and Kashmir,Jammu,Phishing,Low,Corporate,1480489,15595,Organization,Open
CR07027,30-01-2026,Dadra and Nagar Haveli and Daman and Diu,Daman,Data Breach,Medium,Healthcare,3015881,39234,News,Resolved
CR07028,03-08-2024,Jharkhand,Ranchi,Identity Theft,Critical,Education,565648,18657,User Report,Open
CR07029,05-09-2025,Manipur,Imphal,Phishing,Low,Education,4415134,45981,Organization,Investigating
CR07030,24-12-2024,Himachal Pradesh,Dharamshala,DDoS,Critical,Government,757223,42760,News,Resolved
CR07031,30-01-2024,Tripura,Agartala,Malware,Critical,E-commerce,1062730,6524,News,Resolved
CR07032,05-02-2024,Nagaland,Kohima,Malware,Low,Government,3076801,23836,CERT-In,Open
CR07033,13-01-2025,Telangana,Warangal,Identity Theft,Medium,Government,1155275,64,News,Open
CR07034,31-01-2024,Karnataka,Bengaluru,Online Fraud,Critical,Healthcare,1090182,40441,News,Open
CR07035,27-04-2025,Nagaland,Dimapur,Data Breach,High,Healthcare,680840,36471,CERT-In,Resolved
CR07036,03-07-2026,Jammu and Kashmir,Srinagar,Data Breach,Medium,Healthcare,3873183,44736,News,Resolved
CR07037,14-10-2024,Assam,Dibrugarh,Online Fraud,High,Corporate,2357251,31944,Organization,Open
CR07038,26-07-2025,Andhra Pradesh,Guntur,Online Fraud,Critical,Banking,2965423,13814,Organization,Open
CR07039,17-04-2024,Assam,Silchar,Phishing,Medium,Education,3995333,28687,Organization,Resolved
CR07040,18-10-2025,Jharkhand,Jamshedpur,Data Breach,High,IT,579520,2416,News,Open
CR07041,30-05-2026,Uttarakhand,Dehradun,Online Fraud,Critical,Government,99295,35483,News,Open
CR07042,03-01-2024,Himachal Pradesh,Shimla,Identity Theft,High,IT,1525803,7158,News,Resolved
CR07043,05-03-2025,Haryana,Panipat,Ransomware,Medium,Personal,2752190,40392,User Report,Investigating
CR07044,18-08-2025,Nagaland,Dimapur,Ransomware,High,Education,2566856,3557,User Report,Open
CR07045,10-10-2024,Mizoram,Aizawl,Data Breach,Critical,Personal,2806775,25305,CERT-In,Open
CR07046,06-06-2024,Uttarakhand,Dehradun,Phishing,Medium,Corporate,4997914,21967,CERT-In,Open
CR07047,18-11-2024,Ladakh,Leh,Identity Theft,Medium,IT,3653617,24229,Organization,Resolved
CR07048,28-12-2024,Himachal Pradesh,Shimla,DDoS,High,Government,977265,5944,News,Resolved
CR07049,20-08-2025,Kerala,Kochi,Malware,High,Banking,4991349,28580,News,Investigating
CR07050,28-10-2024,West Bengal,Kolkata,Online Fraud,Low,Personal,4138851,35961,News,Investigating
CR07051,14-07-2024,Jharkhand,Ranchi,Data Breach,Low,Corporate,2912777,9276,Organization,Open
CR07052,30-06-2024,Himachal Pradesh,Shimla,Phishing,High,Healthcare,4403473,37298,Organization,Resolved
CR07053,19-01-2026,Lakshadweep,Kavaratti,DDoS,Low,Education,4804286,26431,User Report,Investigating
CR07054,01-09-2025,Tripura,Agartala,Online Fraud,Medium,Government,1623784,21310,News,Resolved
CR07055,25-07-2026,Dadra and Nagar Haveli and Daman and Diu,Silvassa,Online Fraud,Low,Healthcare,4201512,23429,User Report,Open
CR07056,07-01-2024,Rajasthan,Jodhpur,Malware,High,E-commerce,379546,8141,News,Open
CR07057,30-06-2025,Telangana,Warangal,Data Breach,Medium,E-commerce,1299429,12666,User Report,Investigating
CR07058,01-02-2025,Mizoram,Aizawl,DDoS,High,Government,1160693,35797,User Report,Resolved
CR07059,27-06-2026,Sikkim,Gangtok,Data Breach,High,Healthcare,3207793,14681,Organization,Resolved
CR07060,24-12-2024,Chandigarh,Chandigarh,DDoS,Low,IT,2987249,24550,Organization,Resolved
CR07061,30-06-2024,Sikkim,Gangtok,Phishing,Low,IT,3602474,26531,News,Investigating
CR07062,26-01-2024,Tamil Nadu,Chennai,Ransomware,Critical,Education,3306306,5780,CERT-In,Open
CR07063,22-04-2026,Goa,Margao,Malware,High,Healthcare,2389247,48858,Organization,Resolved
CR07064,23-07-2026,Uttarakhand,Dehradun,Malware,High,Personal,3089053,20413,News,Resolved
CR07065,25-08-2025,Nagaland,Kohima,Ransomware,Low,Corporate,608559,3113,CERT-In,Investigating
CR07066,18-05-2024,Uttarakhand,Dehradun,Ransomware,High,Government,4244484,45033,News,Open
CR07067,02-01-2026,Arunachal Pradesh,Naharlagun,Data Breach,Low,Education,1053086,47398,CERT-In,Investigating
CR07068,12-07-2025,Chandigarh,Chandigarh,Phishing,Critical,IT,2855473,26422,CERT-In,Open
CR07069,13-03-2025,Jammu and Kashmir,Srinagar,Online Fraud,Low,IT,4867228,18695,Organization,Open
CR07070,05-12-2024,Andhra Pradesh,Guntur,Malware,Medium,Government,1634030,24223,User Report,Investigating
CR07071,09-05-2025,Telangana,Warangal,DDoS,Medium,Banking,13120,17973,Organization,Investigating
CR07072,16-02-2026,Ladakh,Leh,Identity Theft,High,Personal,1388619,41473,Organization,Resolved
CR07073,09-07-2025,Kerala,Kochi,Identity Theft,High,E-commerce,1707475,20231,User Report,Open
CR07074,13-04-2024,Sikkim,Gangtok,Online Fraud,Critical,E-commerce,1756612,42408,News,Resolved
CR07075,12-07-2025,Uttar Pradesh,Lucknow,Ransomware,High,Education,4399356,13667,News,Resolved
CR07076,03-06-2026,Chhattisgarh,Raipur,Phishing,Low,Education,1798754,5234,User Report,Investigating
CR07077,20-10-2025,Assam,Dibrugarh,Identity Theft,High,Corporate,225567,2259,Organization,Open
CR07078,07-10-2024,Jammu and Kashmir,Srinagar,Online Fraud,Medium,Corporate,196053,8196,Organization,Investigating
CR07079,19-02-2024,Odisha,Cuttack,DDoS,High,Education,916477,19117,News,Investigating
CR07080,19-05-2026,Madhya Pradesh,Gwalior,Phishing,Low,Personal,2855045,25754,News,Investigating
CR07081,09-11-2024,Tamil Nadu,Madurai,Malware,Medium,Government,2196360,2064,User Report,Investigating
CR07082,12-05-2025,Himachal Pradesh,Shimla,Online Fraud,High,IT,2563571,41309,User Report,Open
CR07083,29-12-2024,Chandigarh,Chandigarh,DDoS,Medium,Banking,2918714,12143,CERT-In,Open
CR07084,25-08-2025,Mizoram,Aizawl,Data Breach,Medium,Banking,4052842,35476,Organization,Open
CR07085,17-05-2024,Himachal Pradesh,Dharamshala,Online Fraud,Medium,Banking,511407,30884,User Report,Open
CR07086,14-03-2024,Jharkhand,Jamshedpur,Malware,High,Personal,3498410,22782,CERT-In,Investigating
CR07087,26-03-2025,Dadra and Nagar Haveli and Daman and Diu,Silvassa,Data Breach,Critical,Corporate,3451473,35388,User Report,Open
CR07088,26-12-2025,Haryana,Gurugram,Online Fraud,Medium,E-commerce,1704163,10586,News,Resolved
CR07089,11-04-2026,Dadra and Nagar Haveli and Daman and Diu,Daman,Ransomware,Critical,Banking,959078,49639,User Report,Investigating
CR07090,02-01-2024,Tripura,Agartala,Data Breach,High,Healthcare,2429789,24394,CERT-In,Open
CR07091,16-11-2025,Jammu and Kashmir,Srinagar,Ransomware,Critical,Government,3757046,45010,CERT-In,Open
CR07092,17-06-2025,Delhi,New Delhi,Online Fraud,Medium,Government,714481,5590,News,Resolved
CR07093,21-02-2024,Nagaland,Kohima,Phishing,Low,IT,2246270,16471,User Report,Resolved
CR07094,24-08-2024,Ladakh,Leh,Malware,High,Corporate,3525649,8671,CERT-In,Investigating
CR07095,01-10-2025,Mizoram,Aizawl,Malware,Medium,IT,3102531,15117,CERT-In,Investigating
CR07096,17-04-2024,Assam,Guwahati,Phishing,Medium,Corporate,4326281,10448,User Report,Investigating
CR07097,13-07-2024,Meghalaya,Shillong,DDoS,Medium,Education,3274414,44065,CERT-In,Resolved
CR07098,19-01-2026,Uttar Pradesh,Kanpur,DDoS,High,Education,4837543,29080,News,Open
CR07099,14-05-2024,Punjab,Amritsar,Data Breach,Medium,Personal,3817698,30019,Organization,Open
CR07100,22-02-2024,Ladakh,Leh,Online Fraud,Critical,Education,1528446,15975,Organization,Resolved
CR07101,04-08-2025,Punjab,Ludhiana,Online Fraud,Low,Banking,4779543,29000,News,Investigating
CR07102,23-03-2026,Delhi,New Delhi,Identity Theft,Low,Education,1066383,47259,User Report,Open
CR07103,27-02-2025,Assam,Silchar,Ransomware,Critical,Healthcare,3281799,13869,News,Resolved
CR07104,02-10-2025,Arunachal Pradesh,Naharlagun,Ransomware,Low,IT,53362,30787,CERT-In,Investigating
CR07105,12-01-2025,Tamil Nadu,Coimbatore,DDoS,Medium,E-commerce,785707,37656,News,Open
CR07106,29-02-2024,Meghalaya,Shillong,Ransomware,Medium,E-commerce,898608,28386,News,Resolved
CR07107,02-10-2024,Jharkhand,Jamshedpur,Data Breach,Critical,Healthcare,2868868,23304,User Report,Investigating
CR07108,29-07-2024,Uttar Pradesh,Varanasi,Malware,Low,Personal,134640,46459,CERT-In,Investigating
CR07109,09-06-2024,Chhattisgarh,Raipur,DDoS,High,IT,3909139,28956,News,Open
CR07110,18-03-2026,Chandigarh,Chandigarh,Ransomware,Medium,E-commerce,3034547,17599,User Report,Resolved
CR07111,06-05-2025,Jharkhand,Ranchi,Online Fraud,Low,E-commerce,4822533,25823,CERT-In,Open
CR07112,24-04-2024,Gujarat,Ahmedabad,Identity Theft,High,E-commerce,3308088,24478,News,Open
CR07113,03-07-2024,Assam,Guwahati,Phishing,Medium,Personal,3105066,40344,User Report,Open
CR07114,09-12-2024,Himachal Pradesh,Dharamshala,Data Breach,Critical,Banking,1099095,37146,CERT-In,Open
CR07115,03-05-2025,Andhra Pradesh,Visakhapatnam,Malware,High,Government,4073123,26806,CERT-In,Investigating
CR07116,26-12-2024,Andhra Pradesh,Visakhapatnam,Data Breach,High,Government,1174786,10283,User Report,Resolved
CR07117,05-07-2024,Lakshadweep,Kavaratti,Data Breach,Critical,E-commerce,3471661,9276,CERT-In,Open
CR07118,11-05-2024,Andaman and Nicobar Islands,Port Blair,Data Breach,High,Personal,4791946,35964,News,Open
CR07119,15-02-2025,Tamil Nadu,Madurai,Identity Theft,High,IT,1474910,28690,News,Investigating
CR07120,18-10-2024,West Bengal,Kolkata,Malware,High,IT,3943427,25377,User Report,Open
CR07121,07-05-2026,Delhi,New Delhi,DDoS,Low,Healthcare,3847836,11627,News,Open
CR07122,05-01-2026,Himachal Pradesh,Dharamshala,Phishing,Low,Education,2449646,48953,User Report,Open
CR07123,28-04-2024,Chandigarh,Chandigarh,Identity Theft,Medium,IT,3703518,35731,User Report,Resolved
CR07124,05-11-2024,Gujarat,Surat,Identity Theft,High,Banking,3007796,4407,Organization,Resolved
CR07125,20-04-2024,Jharkhand,Jamshedpur,Identity Theft,Medium,Personal,688905,1903,User Report,Resolved
CR07126,24-04-2024,Telangana,Warangal,Online Fraud,Low,Education,2027294,22182,Organization,Investigating
CR07127,08-07-2024,Madhya Pradesh,Bhopal,Identity Theft,Low,Corporate,3192666,35555,CERT-In,Open
CR07128,20-08-2025,Punjab,Amritsar,Online Fraud,Medium,E-commerce,1473633,21584,CERT-In,Investigating
CR07129,25-06-2026,Uttar Pradesh,Kanpur,Online Fraud,Medium,E-commerce,988843,43352,CERT-In,Investigating
CR07130,27-09-2025,Mizoram,Aizawl,Identity Theft,Critical,Corporate,1418186,8705,User Report,Open
CR07131,27-01-2024,Jammu and Kashmir,Srinagar,Data Breach,Critical,Personal,4470099,12977,Organization,Investigating
CR07132,07-05-2024,Lakshadweep,Kavaratti,Identity Theft,Medium,Education,4016635,5391,News,Open
CR07133,15-02-2025,Meghalaya,Shillong,Malware,Medium,Education,303528,26346,Organization,Investigating
CR07134,11-03-2026,Himachal Pradesh,Dharamshala,Online Fraud,Medium,IT,1413647,5899,Organization,Investigating
CR07135,06-03-2026,Sikkim,Gangtok,Identity Theft,Low,IT,2356691,29358,Organization,Resolved
CR07136,25-06-2024,Uttarakhand,Dehradun,DDoS,Critical,Government,4811461,31779,User Report,Investigating
CR07137,05-09-2025,Kerala,Thiruvananthapuram,Online Fraud,Medium,Healthcare,3198787,23751,User Report,Open
CR07138,10-07-2024,Sikkim,Gangtok,Ransomware,High,Education,309790,33103,CERT-In,Open
CR07139,10-03-2026,Karnataka,Bengaluru,Phishing,Low,Banking,1137794,28525,CERT-In,Investigating
CR07140,02-08-2025,West Bengal,Kolkata,Ransomware,High,Education,2455088,1527,CERT-In,Investigating
CR07141,15-09-2024,Tamil Nadu,Chennai,Ransomware,Low,Government,3649464,31385,Organization,Investigating
CR07142,10-06-2025,Meghalaya,Shillong,Malware,Low,Banking,3848204,33809,News,Open
CR07143,30-04-2024,Goa,Panaji,Ransomware,High,Banking,3830320,4583,User Report,Investigating
CR07144,13-06-2026,Lakshadweep,Kavaratti,Data Breach,High,IT,391989,10302,User Report,Investigating
CR07145,30-06-2025,Uttar Pradesh,Varanasi,Data Breach,High,Banking,2495229,47650,Organization,Resolved
CR07146,11-04-2024,Tripura,Agartala,Data Breach,Critical,Personal,1149110,22650,User Report,Open
CR07147,12-01-2025,Bihar,Patna,Online Fraud,Medium,IT,692499,6438,CERT-In,Resolved
CR07148,17-06-2025,Delhi,New Delhi,Online Fraud,High,Corporate,2604947,30832,News,Resolved
CR07149,27-04-2025,Assam,Silchar,DDoS,Medium,Personal,2358848,36443,User Report,Investigating
CR07150,23-01-2026,Lakshadweep,Kavaratti,Data Breach,High,IT,4645921,3463,News,Resolved
CR07151,04-05-2026,Lakshadweep,Kavaratti,DDoS,Low,Personal,4340691,48575,Organization,Investigating
CR07152,10-01-2025,Haryana,Gurugram,Online Fraud,Critical,Education,1118362,22309,CERT-In,Open
CR07153,04-04-2025,Dadra and Nagar Haveli and Daman and Diu,Silvassa,Ransomware,Critical,Education,4068125,33343,CERT-In,Investigating
CR07154,26-02-2025,Odisha,Bhubaneswar,Malware,Low,Personal,4611360,23618,User Report,Open
CR07155,07-04-2026,Punjab,Ludhiana,Online Fraud,Critical,Government,3359734,33295,CERT-In,Open
CR07156,17-05-2025,Tripura,Agartala,DDoS,Critical,Corporate,3671988,6618,User Report,Investigating
CR07157,12-09-2025,Goa,Margao,Online Fraud,Medium,IT,2710684,33662,User Report,Investigating
CR07158,30-04-2024,Chhattisgarh,Raipur,Data Breach,High,Education,1979553,11232,Organization,Open
CR07159,30-03-2024,Telangana,Hyderabad,Malware,Low,Banking,544420,48056,News,Open
CR07160,26-04-2026,Goa,Panaji,Ransomware,Medium,Corporate,4681996,33102,News,Resolved
CR07161,15-03-2024,Himachal Pradesh,Dharamshala,Online Fraud,Medium,Personal,1801919,43021,User Report,Resolved
CR07162,08-03-2024,Jharkhand,Ranchi,Online Fraud,Critical,Government,1982564,28823,User Report,Resolved
CR07163,20-10-2024,Tamil Nadu,Coimbatore,Phishing,Critical,Government,138115,22179,User Report,Open
CR07164,23-09-2024,Puducherry,Puducherry,Phishing,High,Banking,848007,16018,CERT-In,Resolved
CR07165,28-09-2025,Manipur,Imphal,Online Fraud,High,Healthcare,2454506,47328,User Report,Resolved
CR07166,21-10-2025,Chhattisgarh,Raipur,Online Fraud,High,Government,2432118,43046,Organization,Resolved
CR07167,07-01-2026,Assam,Silchar,Malware,High,Corporate,4586331,24339,Organization,Open
CR07168,02-09-2024,Lakshadweep,Kavaratti,Malware,High,Corporate,1767478,259,CERT-In,Investigating
CR07169,25-06-2026,Puducherry,Puducherry,Ransomware,Critical,Education,2538845,21724,Organization,Open
CR07170,05-01-2025,Andaman and Nicobar Islands,Port Blair,Online Fraud,Low,Corporate,561776,32312,Organization,Investigating
CR07171,18-06-2026,Mizoram,Aizawl,Ransomware,High,E-commerce,3808398,43656,News,Open
CR07172,31-12-2024,Arunachal Pradesh,Naharlagun,Data Breach,Low,Personal,4939768,40484,User Report,Open
CR07173,30-04-2025,Chandigarh,Chandigarh,Phishing,Low,Education,2552116,43778,User Report,Investigating
CR07174,26-03-2024,Kerala,Kochi,Data Breach,High,Healthcare,1164027,34956,User Report,Resolved
CR07175,16-02-2026,Karnataka,Mysuru,Phishing,Low,Government,4901662,3961,Organization,Resolved
CR07176,06-11-2024,Himachal Pradesh,Dharamshala,Malware,Critical,Government,386554,29367,CERT-In,Open
CR07177,02-04-2024,Meghalaya,Shillong,Ransomware,Critical,Personal,825224,10058,Organization,Resolved
CR07178,07-01-2025,Uttar Pradesh,Varanasi,Phishing,High,Personal,3390476,11981,CERT-In,Resolved
CR07179,11-08-2025,Odisha,Cuttack,Malware,Low,Education,620498,22697,CERT-In,Investigating
CR07180,21-06-2025,Tamil Nadu,Madurai,Phishing,Medium,Government,620495,28091,User Report,Investigating
CR07181,23-07-2026,Puducherry,Puducherry,Online Fraud,Critical,Personal,2084477,18360,News,Resolved
CR07182,28-02-2026,Uttar Pradesh,Lucknow,Phishing,High,Education,3035701,19693,News,Investigating
CR07183,24-10-2025,Maharashtra,Pune,DDoS,Low,IT,2343227,18818,News,Resolved
CR07184,04-06-2024,Tripura,Agartala,Malware,Low,Education,4563229,43954,CERT-In,Resolved
CR07185,01-07-2025,Rajasthan,Jodhpur,Malware,Critical,Education,3791752,20036,Organization,Resolved
CR07186,17-01-2024,Himachal Pradesh,Shimla,Malware,Critical,Government,3748677,1698,User Report,Open
CR07187,09-06-2026,Gujarat,Surat,Ransomware,Low,Banking,3816798,39585,User Report,Open
CR07188,02-04-2025,Bihar,Muzaffarpur,Identity Theft,High,IT,1184678,10294,CERT-In,Investigating
CR07189,24-02-2025,Bihar,Muzaffarpur,Ransomware,Low,Healthcare,1373649,29952,News,Investigating
CR07190,02-05-2026,Tamil Nadu,Chennai,Online Fraud,High,Banking,831825,33153,User Report,Open
CR07191,15-05-2024,Kerala,Thiruvananthapuram,Data Breach,Medium,Corporate,4796938,14739,News,Investigating
CR07192,26-02-2025,Arunachal Pradesh,Naharlagun,Ransomware,Critical,Personal,2498254,4318,News,Investigating
CR07193,30-06-2025,Puducherry,Puducherry,Malware,Low,Corporate,4889709,29179,User Report,Open
CR07194,22-08-2024,Maharashtra,Nagpur,DDoS,Low,Corporate,1282019,34244,News,Resolved
CR07195,20-09-2024,Punjab,Chandigarh,Ransomware,High,Education,3388112,41803,Organization,Investigating
CR07196,07-11-2024,Andhra Pradesh,Visakhapatnam,Online Fraud,High,IT,2901744,19225,CERT-In,Resolved
CR07197,11-03-2025,Haryana,Panipat,Online Fraud,Critical,Education,613814,49446,Organization,Resolved
CR07198,07-10-2025,Punjab,Ludhiana,Ransomware,Low,Corporate,1898574,39574,CERT-In,Investigating
CR07199,30-04-2024,Punjab,Chandigarh,DDoS,Medium,IT,662813,35616,CERT-In,Investigating
CR07200,01-10-2025,Nagaland,Dimapur,Malware,Medium,Education,1128842,22319,News,Open
CR07201,17-06-2024,Himachal Pradesh,Shimla,DDoS,Medium,Banking,2136517,18993,Organization,Open
CR07202,02-01-2025,Telangana,Hyderabad,Online Fraud,Critical,IT,3452950,15040,User Report,Resolved
CR07203,27-07-2026,Chandigarh,Chandigarh,Online Fraud,Critical,Government,740228,46377,News,Open
CR07204,18-09-2024,Andhra Pradesh,Visakhapatnam,Phishing,Medium,Healthcare,3959183,41169,User Report,Open
CR07205,26-02-2025,Arunachal Pradesh,Naharlagun,Online Fraud,Medium,Banking,1292096,7585,User Report,Investigating
CR07206,09-08-2025,Manipur,Imphal,Ransomware,Medium,Banking,3353361,32508,News,Resolved
CR07207,16-01-2025,Andhra Pradesh,Guntur,DDoS,Low,E-commerce,4443174,28448,Organization,Investigating
CR07208,14-11-2025,Himachal Pradesh,Shimla,Malware,High,Banking,2855542,11175,News,Investigating
CR07209,27-02-2025,Sikkim,Gangtok,Ransomware,High,Education,597492,40806,User Report,Resolved
CR07210,31-07-2024,Puducherry,Puducherry,Phishing,High,Corporate,3510313,27113,User Report,Open
CR07211,20-07-2025,Andaman and Nicobar Islands,Port Blair,Ransomware,Critical,Healthcare,86700,7230,News,Resolved
CR07212,14-05-2026,Maharashtra,Nagpur,Phishing,Critical,Personal,4960677,5200,User Report,Open
CR07213,09-08-2025,Tripura,Agartala,Identity Theft,Medium,Banking,2879033,19504,Organization,Investigating
CR07214,07-05-2025,Sikkim,Gangtok,Ransomware,High,Government,2629051,6859,User Report,Investigating
CR07215,26-04-2025,Odisha,Cuttack,Phishing,Low,E-commerce,1963189,41953,News,Open
CR07216,15-01-2026,Dadra and Nagar Haveli and Daman and Diu,Silvassa,Data Breach,Medium,Education,57231,36261,News,Investigating
CR07217,17-10-2025,Manipur,Imphal,Malware,High,IT,4060937,2615,CERT-In,Open
CR07218,10-03-2026,Madhya Pradesh,Bhopal,Phishing,Critical,Personal,2088615,28526,User Report,Investigating
CR07219,10-10-2025,Madhya Pradesh,Gwalior,Ransomware,Critical,Corporate,4760302,48302,CERT-In,Investigating
CR07220,19-01-2025,Rajasthan,Jaipur,Malware,Critical,Personal,1854413,8790,Organization,Resolved
CR07221,10-04-2026,Karnataka,Bengaluru,Identity Theft,High,IT,3695457,40165,CERT-In,Investigating
CR07222,16-03-2026,Rajasthan,Jodhpur,Malware,Medium,Government,3353506,39308,Organization,Open
CR07223,09-04-2026,Puducherry,Puducherry,DDoS,Medium,Banking,2982703,42725,CERT-In,Investigating
CR07224,20-09-2024,Punjab,Chandigarh,Phishing,High,Personal,3862096,6750,Organization,Resolved
CR07225,05-02-2026,Puducherry,Puducherry,Malware,High,Healthcare,815120,41861,CERT-In,Open
CR07226,13-02-2025,Chandigarh,Chandigarh,Malware,Medium,IT,3933347,25925,News,Open
CR07227,19-04-2026,Arunachal Pradesh,Itanagar,Malware,Medium,Banking,4626855,40709,Organization,Open
CR07228,18-06-2026,Andhra Pradesh,Vijayawada,Phishing,Medium,Healthcare,299548,11019,News,Open
CR07229,25-04-2025,West Bengal,Siliguri,DDoS,Critical,Education,1543194,26510,CERT-In,Resolved
CR07230,23-03-2025,Odisha,Bhubaneswar,Online Fraud,Critical,IT,2116285,15703,User Report,Open
CR07231,10-05-2024,Tripura,Agartala,Ransomware,Critical,Corporate,1852075,3576,CERT-In,Open
CR07232,10-01-2026,Dadra and Nagar Haveli and Daman and Diu,Daman,Ransomware,High,Personal,1519048,8737,News,Investigating
CR07233,10-05-2025,Karnataka,Mangaluru,DDoS,High,Government,3841647,18965,News,Investigating
CR07234,31-08-2024,Telangana,Hyderabad,Data Breach,Medium,Government,1961100,42237,Organization,Resolved
CR07235,24-05-2025,Haryana,Panipat,Online Fraud,Medium,Education,1206340,23538,News,Open
CR07236,17-11-2024,Nagaland,Kohima,Data Breach,High,Healthcare,348228,29578,CERT-In,Open
CR07237,20-04-2024,Jammu and Kashmir,Srinagar,DDoS,Medium,Education,1973386,31816,Organization,Open
CR07238,10-03-2026,Ladakh,Leh,DDoS,High,Personal,4964638,10607,Organization,Investigating
CR07239,08-04-2024,Nagaland,Dimapur,Phishing,Critical,Personal,2408077,4375,Organization,Investigating
CR07240,16-09-2025,Ladakh,Leh,Identity Theft,High,E-commerce,2038207,34137,Organization,Open
CR07241,13-06-2026,Gujarat,Vadodara,DDoS,Critical,Healthcare,43434,21950,Organization,Investigating
CR07242,10-05-2025,Chandigarh,Chandigarh,Online Fraud,High,E-commerce,4177491,47361,News,Open
CR07243,11-07-2026,Dadra and Nagar Haveli and Daman and Diu,Silvassa,Identity Theft,Medium,Banking,3485070,15520,CERT-In,Resolved
CR07244,30-12-2024,Uttar Pradesh,Kanpur,DDoS,Critical,E-commerce,274888,21952,News,Open
CR07245,27-07-2026,Madhya Pradesh,Indore,Malware,Critical,Government,4912393,10070,User Report,Resolved
CR07246,27-04-2024,Sikkim,Gangtok,Malware,Critical,E-commerce,3029215,36441,User Report,Open
CR07247,16-04-2024,Jharkhand,Ranchi,Online Fraud,Medium,Corporate,924298,8696,News,Investigating
CR07248,17-04-2024,Goa,Panaji,DDoS,Low,Corporate,4316081,39959,News,Open
CR07249,16-10-2024,Jharkhand,Ranchi,DDoS,High,E-commerce,3063304,18907,CERT-In,Open
CR07250,05-09-2024,Bihar,Gaya,Phishing,High,E-commerce,1774391,27700,CERT-In,Resolved
CR07251,01-05-2025,Punjab,Ludhiana,Ransomware,High,Corporate,4924601,27645,Organization,Open
CR07252,17-12-2024,Himachal Pradesh,Dharamshala,Online Fraud,High,Healthcare,2587558,35396,Organization,Open
CR07253,28-05-2024,Telangana,Warangal,Ransomware,Medium,Healthcare,257745,9623,CERT-In,Resolved
CR07254,21-12-2025,Maharashtra,Pune,Malware,Low,Corporate,705628,21199,News,Resolved
CR07255,18-06-2025,Uttar Pradesh,Kanpur,Identity Theft,Critical,Banking,2094664,9308,User Report,Investigating
CR07256,20-02-2026,Assam,Silchar,Ransomware,Critical,IT,3033357,25309,News,Resolved
CR07257,16-01-2024,Telangana,Hyderabad,DDoS,High,Personal,3147879,9760,CERT-In,Investigating
CR07258,25-04-2025,Goa,Panaji,Online Fraud,Medium,Personal,1362700,13365,User Report,Resolved
CR07259,11-05-2024,Himachal Pradesh,Shimla,Identity Theft,Medium,Personal,4880467,11607,User Report,Resolved
CR07260,05-12-2024,Karnataka,Mangaluru,Data Breach,Low,Banking,2493339,13913,News,Open
CR07261,30-12-2025,Chhattisgarh,Bilaspur,Online Fraud,Low,Education,2992291,47156,Organization,Investigating
CR07262,07-06-2025,Nagaland,Kohima,Online Fraud,High,IT,2676664,7722,Organization,Investigating
CR07263,22-08-2025,Jammu and Kashmir,Jammu,Malware,High,Banking,3452259,32474,Organization,Resolved
CR07264,16-07-2024,Puducherry,Puducherry,Identity Theft,Low,Healthcare,2508331,34121,News,Investigating
CR07265,05-11-2025,Tamil Nadu,Madurai,Phishing,Critical,IT,3504742,21942,News,Resolved
CR07266,03-11-2024,Karnataka,Bengaluru,Online Fraud,High,Corporate,2377909,6719,User Report,Investigating
CR07267,01-05-2024,Bihar,Muzaffarpur,Phishing,High,Corporate,2291303,27718,Organization,Resolved
CR07268,06-02-2026,Delhi,New Delhi,DDoS,Low,E-commerce,3281822,1956,CERT-In,Open
CR07269,25-05-2024,Tripura,Agartala,Malware,Medium,Corporate,3582242,16021,Organization,Investigating
CR07270,03-03-2024,Haryana,Gurugram,Malware,Critical,Healthcare,2918532,30837,CERT-In,Open
CR07271,18-04-2025,Rajasthan,Jodhpur,DDoS,High,IT,775203,42814,News,Resolved
CR07272,25-01-2026,Maharashtra,Nashik,Malware,Critical,Education,4644748,37266,Organization,Resolved
CR07273,28-01-2025,Haryana,Faridabad,DDoS,Critical,Personal,241639,46122,User Report,Investigating
CR07274,28-01-2024,Goa,Panaji,DDoS,Critical,Personal,182530,5381,CERT-In,Open
CR07275,24-03-2026,Jammu and Kashmir,Jammu,Identity Theft,Low,Healthcare,4069627,24987,CERT-In,Open
CR07276,23-08-2025,Meghalaya,Shillong,Phishing,Low,Corporate,2570454,42547,Organization,Resolved
CR07277,04-09-2024,Punjab,Amritsar,Online Fraud,Critical,Healthcare,1441245,25513,CERT-In,Open
CR07278,26-02-2024,Maharashtra,Pune,Online Fraud,Critical,Government,3678468,26027,CERT-In,Open
CR07279,28-06-2025,Goa,Margao,Identity Theft,Critical,Education,724354,12173,Organization,Resolved
CR07280,04-04-2024,Tamil Nadu,Madurai,Ransomware,High,E-commerce,4897003,12941,Organization,Investigating
CR07281,04-02-2024,Jammu and Kashmir,Srinagar,Ransomware,Low,IT,2237271,45046,User Report,Investigating
CR07282,27-07-2025,Odisha,Cuttack,Online Fraud,High,IT,1665503,13504,CERT-In,Resolved
CR07283,07-07-2024,Uttar Pradesh,Varanasi,Data Breach,Low,Corporate,519359,20640,CERT-In,Resolved
CR07284,05-11-2024,Maharashtra,Mumbai,Online Fraud,High,IT,1081160,13192,News,Investigating
CR07285,10-02-2025,Bihar,Patna,Ransomware,High,Education,2180050,34487,CERT-In,Open
CR07286,07-06-2025,Andhra Pradesh,Vijayawada,Phishing,Critical,Education,3659757,33455,Organization,Open
CR07287,19-02-2025,Meghalaya,Shillong,Online Fraud,Critical,Corporate,910537,34770,News,Open
CR07288,23-11-2025,Uttarakhand,Haridwar,Online Fraud,High,Government,1269089,18178,News,Investigating
CR07289,14-06-2026,Mizoram,Aizawl,Online Fraud,Medium,Corporate,4929119,35865,User Report,Resolved
CR07290,30-01-2026,Dadra and Nagar Haveli and Daman and Diu,Daman,Online Fraud,Medium,IT,948752,7532,CERT-In,Open
CR07291,19-02-2026,Goa,Margao,Ransomware,Low,Corporate,3290261,10882,User Report,Investigating
CR07292,29-10-2025,Arunachal Pradesh,Naharlagun,Phishing,High,Corporate,3605916,11676,News,Resolved
CR07293,08-03-2025,Punjab,Amritsar,DDoS,Critical,Banking,4376279,25376,CERT-In,Investigating
CR07294,19-04-2024,Punjab,Chandigarh,Phishing,Medium,Education,4134706,36039,Organization,Investigating
CR07295,12-04-2026,West Bengal,Kolkata,Identity Theft,Critical,Education,2752019,31191,News,Open
CR07296,12-10-2024,Delhi,New Delhi,DDoS,Low,E-commerce,2061060,32417,News,Resolved
CR07297,12-05-2025,Tamil Nadu,Madurai,DDoS,Medium,E-commerce,3018732,38175,CERT-In,Open
CR07298,05-01-2026,Ladakh,Leh,Online Fraud,Medium,Banking,1326398,32211,Organization,Open
CR07299,23-06-2026,Odisha,Bhubaneswar,Data Breach,High,IT,245762,19811,User Report,Open
CR07300,28-11-2024,Rajasthan,Udaipur,Ransomware,High,Personal,4625305,45781,CERT-In,Open
CR07301,06-09-2024,Assam,Dibrugarh,Online Fraud,Medium,IT,1889537,46949,CERT-In,Resolved
CR07302,21-02-2025,Sikkim,Gangtok,Online Fraud,Critical,Banking,4632259,49002,Organization,Resolved
CR07303,21-06-2024,Ladakh,Leh,Phishing,Critical,Corporate,1718904,4043,News,Resolved
CR07304,23-05-2025,Rajasthan,Udaipur,DDoS,High,IT,4714730,16708,CERT-In,Open
CR07305,18-01-2026,Delhi,New Delhi,Data Breach,Critical,Personal,1241760,26586,CERT-In,Open
CR07306,22-12-2025,Assam,Dibrugarh,Data Breach,Medium,Healthcare,374057,46961,News,Open
CR07307,19-08-2025,Rajasthan,Jodhpur,Phishing,Low,Corporate,4010292,15902,News,Open
CR07308,12-03-2024,Goa,Margao,DDoS,High,Education,49713,32823,Organization,Resolved
CR07309,27-11-2024,Lakshadweep,Kavaratti,Phishing,Low,E-commerce,2633545,37357,Organization,Investigating
CR07310,24-12-2025,Himachal Pradesh,Shimla,Online Fraud,Critical,Education,183844,42915,News,Open
CR07311,02-11-2025,Jammu and Kashmir,Jammu,Online Fraud,Critical,Government,3203055,49843,Organization,Investigating
CR07312,02-03-2024,Manipur,Imphal,Data Breach,Medium,IT,645559,36546,User Report,Open
CR07313,13-04-2025,Jammu and Kashmir,Srinagar,Malware,Low,Banking,4518103,9766,Organization,Resolved
CR07314,03-01-2024,Telangana,Hyderabad,Malware,Medium,Government,174512,9682,News,Resolved
CR07315,31-03-2025,Gujarat,Surat,Data Breach,Low,Corporate,1926286,6619,CERT-In,Resolved
CR07316,14-12-2025,Tamil Nadu,Chennai,Malware,Medium,Personal,3238721,45008,News,Open
CR07317,15-01-2026,Assam,Dibrugarh,Malware,Critical,Banking,3754421,42329,Organization,Investigating
CR07318,06-05-2024,Nagaland,Dimapur,Ransomware,High,Education,4101684,47987,News,Resolved
CR07319,13-03-2024,Kerala,Kochi,Phishing,Low,Corporate,3656281,10317,CERT-In,Investigating
CR07320,04-07-2024,Karnataka,Bengaluru,Malware,Medium,Personal,1434570,13691,Organization,Resolved
CR07321,07-06-2026,Madhya Pradesh,Indore,DDoS,Medium,Government,412111,30568,Organization,Resolved
CR07322,06-03-2026,Manipur,Imphal,DDoS,Critical,Healthcare,336770,10723,CERT-In,Investigating
CR07323,09-06-2026,Himachal Pradesh,Shimla,Phishing,Low,Corporate,4062219,8635,CERT-In,Investigating
CR07324,08-07-2025,Mizoram,Aizawl,Ransomware,Critical,Personal,1759861,742,CERT-In,Investigating
CR07325,26-10-2025,Ladakh,Leh,Malware,Critical,IT,2247791,142,News,Investigating
CR07326,16-02-2024,Bihar,Gaya,Online Fraud,Critical,IT,2038511,9342,Organization,Investigating
CR07327,29-05-2024,Rajasthan,Udaipur,DDoS,Medium,Education,3817895,20064,News,Resolved
CR07328,04-10-2024,Bihar,Patna,Online Fraud,Low,IT,2486689,41638,CERT-In,Investigating
CR07329,01-03-2025,Delhi,New Delhi,Online Fraud,Critical,IT,1186066,44996,CERT-In,Resolved
CR07330,12-06-2025,Lakshadweep,Kavaratti,Identity Theft,Critical,Banking,389830,45267,Organization,Resolved
CR07331,23-07-2026,Sikkim,Gangtok,Identity Theft,Critical,IT,1887878,44445,CERT-In,Resolved
CR07332,31-10-2025,Ladakh,Leh,Online Fraud,Low,Education,471579,10955,News,Open
CR07333,17-11-2024,Tamil Nadu,Coimbatore,Identity Theft,Critical,Education,4435688,14612,User Report,Resolved
CR07334,07-10-2024,Chhattisgarh,Bilaspur,Ransomware,Critical,IT,4763768,3821,User Report,Open
CR07335,20-09-2025,Rajasthan,Udaipur,DDoS,High,Banking,212196,44181,Organization,Investigating
CR07336,13-04-2024,Dadra and Nagar Haveli and Daman and Diu,Daman,Identity Theft,Medium,Healthcare,2234138,37658,CERT-In,Investigating
CR07337,19-12-2024,Jharkhand,Jamshedpur,Malware,Critical,Education,3038868,18564,News,Resolved
CR07338,28-01-2024,Maharashtra,Mumbai,Ransomware,Medium,IT,3068977,11114,News,Open
CR07339,16-07-2025,Uttar Pradesh,Noida,DDoS,Low,Education,2286432,48897,CERT-In,Investigating
CR07340,14-11-2024,Jharkhand,Jamshedpur,Malware,Low,Corporate,2587318,27532,User Report,Open
CR07341,27-07-2026,Andaman and Nicobar Islands,Port Blair,Malware,Critical,Government,4923472,37799,Organization,Resolved
CR07342,28-05-2025,Madhya Pradesh,Gwalior,Identity Theft,Medium,Personal,50658,33440,News,Resolved
CR07343,29-06-2026,Punjab,Amritsar,Online Fraud,Critical,Government,1677754,38478,CERT-In,Resolved
CR07344,28-01-2025,Ladakh,Leh,Identity Theft,High,E-commerce,3438434,15608,Organization,Open
CR07345,14-04-2026,Bihar,Muzaffarpur,Online Fraud,Medium,Government,1576286,47361,User Report,Investigating
CR07346,21-01-2024,Uttarakhand,Dehradun,Phishing,High,Healthcare,182136,32384,News,Resolved
CR07347,04-07-2026,Puducherry,Puducherry,DDoS,Medium,IT,2844124,36169,News,Investigating
CR07348,24-12-2025,Uttarakhand,Haridwar,Identity Theft,High,Corporate,3180764,22401,User Report,Resolved
CR07349,13-02-2024,Odisha,Cuttack,DDoS,Medium,E-commerce,960041,37704,User Report,Open
CR07350,17-12-2024,Rajasthan,Udaipur,Phishing,High,Corporate,751109,17945,Organization,Open
CR07351,27-06-2025,Bihar,Muzaffarpur,DDoS,Low,Personal,741592,28710,Organization,Open
CR07352,10-09-2024,Chandigarh,Chandigarh,Identity Theft,Low,Healthcare,2759951,15170,News,Resolved
CR07353,09-11-2024,Maharashtra,Mumbai,Data Breach,Low,Banking,550428,14800,CERT-In,Open
CR07354,10-12-2024,Lakshadweep,Kavaratti,Ransomware,High,Education,69419,17584,User Report,Open
CR07355,13-06-2024,Nagaland,Kohima,DDoS,High,IT,3438721,33711,CERT-In,Open
CR07356,19-04-2024,Lakshadweep,Kavaratti,Phishing,Medium,Education,1978255,22046,User Report,Investigating
CR07357,03-08-2025,Puducherry,Puducherry,Ransomware,Medium,IT,1894062,43580,User Report,Resolved
CR07358,08-07-2026,Jharkhand,Ranchi,Ransomware,Low,Banking,3569086,26039,News,Investigating
CR07359,20-06-2026,Punjab,Amritsar,Online Fraud,High,Corporate,1275992,3273,CERT-In,Open
CR07360,16-04-2024,Goa,Panaji,DDoS,High,E-commerce,2881757,13753,CERT-In,Investigating
CR07361,28-11-2025,Uttarakhand,Haridwar,Phishing,Critical,E-commerce,2679179,9787,CERT-In,Investigating
CR07362,01-05-2026,Odisha,Bhubaneswar,Ransomware,Low,E-commerce,3035578,48724,News,Open
CR07363,13-07-2024,Jharkhand,Ranchi,Phishing,Critical,Education,825020,14862,CERT-In,Investigating
CR07364,05-12-2024,Rajasthan,Jodhpur,DDoS,Low,Healthcare,821794,24722,News,Resolved
CR07365,06-08-2025,Kerala,Kozhikode,Identity Theft,Critical,Healthcare,599308,7713,CERT-In,Resolved
CR07366,09-12-2024,Tripura,Agartala,Phishing,Low,Banking,4427640,18823,CERT-In,Investigating
CR07367,12-09-2024,Arunachal Pradesh,Itanagar,Malware,Critical,IT,3667705,36305,CERT-In,Open
CR07368,03-04-2025,Assam,Silchar,Ransomware,Low,Healthcare,2832339,24522,Organization,Investigating
CR07369,10-10-2024,Nagaland,Kohima,Data Breach,Low,IT,1418107,43981,Organization,Resolved
CR07370,21-10-2024,Manipur,Imphal,Ransomware,High,Healthcare,4296460,9189,Organization,Resolved
CR07371,23-06-2024,Kerala,Kozhikode,Identity Theft,Medium,IT,1411140,8989,News,Resolved
CR07372,20-04-2024,Delhi,New Delhi,Phishing,Critical,Corporate,3112868,40945,News,Investigating
CR07373,30-09-2024,Lakshadweep,Kavaratti,Identity Theft,High,Education,96104,27790,Organization,Open
CR07374,10-09-2024,Chandigarh,Chandigarh,Malware,Critical,Personal,3910083,45331,News,Resolved
CR07375,16-01-2024,Goa,Panaji,DDoS,Medium,E-commerce,2729212,18279,Organization,Open
CR07376,23-06-2025,Uttarakhand,Dehradun,Online Fraud,Critical,Personal,3637836,34494,CERT-In,Open
CR07377,23-04-2025,Haryana,Gurugram,Data Breach,High,Healthcare,1438339,33179,User Report,Investigating
CR07378,26-12-2025,Andaman and Nicobar Islands,Port Blair,Data Breach,Low,Banking,3015016,22610,User Report,Investigating
CR07379,16-08-2024,West Bengal,Siliguri,Malware,Critical,Healthcare,4257286,6813,User Report,Resolved
CR07380,04-06-2024,Kerala,Kozhikode,Data Breach,High,E-commerce,4938572,43001,Organization,Resolved
CR07381,26-01-2024,Tamil Nadu,Coimbatore,Phishing,Low,Banking,633840,17978,News,Resolved
CR07382,04-12-2024,West Bengal,Siliguri,Online Fraud,Low,IT,268629,22989,User Report,Investigating
CR07383,06-07-2024,Mizoram,Aizawl,Identity Theft,High,Healthcare,2166101,22560,User Report,Open
CR07384,09-01-2026,Telangana,Hyderabad,Phishing,Low,Government,915730,16081,User Report,Investigating
CR07385,23-11-2024,Rajasthan,Jodhpur,Malware,High,Personal,1186068,42143,News,Resolved
CR07386,21-03-2025,Himachal Pradesh,Dharamshala,Phishing,Medium,IT,1383071,23012,CERT-In,Resolved
CR07387,09-01-2025,Andhra Pradesh,Visakhapatnam,Phishing,Low,IT,4928541,40366,CERT-In,Open
CR07388,16-04-2024,Odisha,Cuttack,Online Fraud,High,Healthcare,3198840,25320,Organization,Open
CR07389,13-01-2025,Puducherry,Puducherry,Online Fraud,Medium,Corporate,3055701,27600,Organization,Resolved
CR07390,13-08-2024,Chandigarh,Chandigarh,Data Breach,Low,Banking,3638265,5967,News,Investigating
CR07391,25-05-2024,Manipur,Imphal,Malware,Medium,Government,3344616,16474,News,Open
CR07392,16-01-2024,Arunachal Pradesh,Naharlagun,Phishing,High,Healthcare,3973337,12835,CERT-In,Resolved
CR07393,11-11-2024,Uttar Pradesh,Kanpur,Data Breach,Medium,IT,399231,15514,User Report,Investigating
CR07394,24-02-2024,Arunachal Pradesh,Naharlagun,Data Breach,Medium,IT,2588355,7514,News,Open
CR07395,16-07-2024,Madhya Pradesh,Bhopal,Data Breach,Critical,E-commerce,3739161,42458,CERT-In,Investigating
CR07396,12-05-2026,Bihar,Patna,Malware,Critical,Government,4419744,24890,User Report,Resolved
CR07397,24-05-2025,Nagaland,Kohima,DDoS,Low,Healthcare,4262813,38436,CERT-In,Resolved
CR07398,29-07-2024,Mizoram,Aizawl,Phishing,Medium,Corporate,1563840,32669,User Report,Resolved
CR07399,01-03-2025,Sikkim,Gangtok,DDoS,Medium,Personal,1904398,7750,User Report,Open
CR07400,01-02-2025,Chhattisgarh,Bilaspur,Online Fraud,High,Government,2143688,10077,CERT-In,Open
CR07401,12-12-2025,Manipur,Imphal,Ransomware,Medium,Education,3758623,43702,User Report,Resolved
CR07402,14-02-2026,Delhi,New Delhi,DDoS,High,Government,149194,9822,Organization,Resolved
CR07403,24-12-2025,Andhra Pradesh,Vijayawada,Online Fraud,Medium,Banking,4467256,46275,Organization,Investigating
CR07404,04-09-2024,Andhra Pradesh,Vijayawada,Phishing,Low,Government,1664751,26872,Organization,Investigating
CR07405,08-04-2026,Sikkim,Gangtok,Ransomware,Medium,Government,621027,28003,Organization,Investigating
CR07406,12-02-2024,Telangana,Warangal,Data Breach,High,Education,3121268,12152,User Report,Resolved
CR07407,03-06-2024,Manipur,Imphal,Identity Theft,High,Banking,1805189,33084,User Report,Investigating
CR07408,30-11-2024,Arunachal Pradesh,Itanagar,Ransomware,Medium,Government,726502,25737,User Report,Resolved
CR07409,01-06-2025,Punjab,Chandigarh,Phishing,Critical,Banking,1621724,38908,News,Open
CR07410,25-05-2025,West Bengal,Durgapur,Identity Theft,Medium,Personal,4248792,2464,Organization,Resolved
CR07411,18-06-2024,Chhattisgarh,Raipur,Phishing,High,IT,3363772,13376,CERT-In,Resolved
CR07412,12-09-2024,Uttarakhand,Dehradun,Identity Theft,Critical,Corporate,1251983,48374,CERT-In,Open
CR07413,20-06-2025,Jharkhand,Jamshedpur,Online Fraud,Low,Government,3037655,46324,User Report,Investigating
CR07414,17-10-2025,Maharashtra,Pune,Malware,Low,Banking,3364318,4291,User Report,Investigating
CR07415,01-10-2024,Nagaland,Dimapur,Online Fraud,Critical,Personal,2227489,18717,News,Investigating
CR07416,16-04-2024,Delhi,New Delhi,Online Fraud,Critical,E-commerce,2273172,35511,User Report,Investigating
CR07417,30-07-2025,Bihar,Patna,Data Breach,High,E-commerce,4022616,48573,News,Investigating
CR07418,02-02-2024,Punjab,Chandigarh,Ransomware,High,Personal,1421857,49304,Organization,Open
CR07419,13-02-2024,Sikkim,Gangtok,Online Fraud,Medium,Education,949625,30154,Organization,Open
CR07420,03-02-2025,Himachal Pradesh,Shimla,DDoS,Low,Personal,149455,13020,User Report,Investigating
CR07421,07-12-2025,Uttar Pradesh,Varanasi,Malware,High,Education,3785073,49915,Organization,Open
CR07422,30-11-2025,Odisha,Bhubaneswar,Online Fraud,Critical,Corporate,3039004,42659,User Report,Resolved
CR07423,25-07-2024,Arunachal Pradesh,Naharlagun,Phishing,Low,Corporate,1038295,25497,Organization,Resolved
CR07424,19-02-2026,Rajasthan,Jodhpur,Phishing,Medium,E-commerce,2708243,42142,CERT-In,Investigating
CR07425,20-10-2025,Uttar Pradesh,Lucknow,Malware,High,Corporate,297321,3916,News,Investigating
CR07426,09-03-2025,Tripura,Agartala,Malware,Low,Healthcare,881919,47277,Organization,Investigating
CR07427,04-06-2024,Punjab,Ludhiana,DDoS,Low,E-commerce,3745383,12861,Organization,Open
CR07428,08-12-2025,Tripura,Agartala,Malware,Critical,Government,3003321,8125,News,Investigating
CR07429,12-05-2024,Uttar Pradesh,Noida,DDoS,Low,IT,2527573,23774,Organization,Resolved
CR07430,20-11-2024,Delhi,New Delhi,Online Fraud,Critical,Healthcare,720306,49574,Organization,Open
CR07431,08-04-2025,Odisha,Bhubaneswar,DDoS,Low,Personal,4756000,939,News,Resolved
CR07432,30-03-2024,Jammu and Kashmir,Jammu,Phishing,High,Banking,1674382,24146,Organization,Resolved
CR07433,09-03-2024,Arunachal Pradesh,Itanagar,Identity Theft,Medium,E-commerce,3791452,26905,User Report,Resolved
CR07434,12-04-2024,Jammu and Kashmir,Srinagar,Malware,Low,Government,567823,13375,User Report,Open
CR07435,02-09-2024,Arunachal Pradesh,Itanagar,Online Fraud,Medium,IT,1855665,45324,Organization,Open
CR07436,21-03-2026,Manipur,Imphal,Identity Theft,Low,Healthcare,3862271,21396,User Report,Investigating
CR07437,30-04-2026,Lakshadweep,Kavaratti,Online Fraud,Medium,Education,499407,32788,News,Resolved
CR07438,25-09-2025,Uttarakhand,Haridwar,Data Breach,Medium,Corporate,4783826,12452,News,Investigating
CR07439,04-01-2025,Lakshadweep,Kavaratti,Malware,High,Corporate,4058458,13429,Organization,Open
CR07440,23-02-2025,Puducherry,Puducherry,Data Breach,Low,Education,3787717,18186,CERT-In,Investigating
CR07441,22-05-2026,Rajasthan,Udaipur,Phishing,Critical,Personal,2218343,36347,User Report,Resolved
CR07442,14-01-2024,Karnataka,Mangaluru,Identity Theft,High,Personal,497839,33502,User Report,Resolved
CR07443,10-07-2025,Bihar,Gaya,Data Breach,Low,Personal,3690743,30128,User Report,Resolved
CR07444,05-06-2025,Puducherry,Puducherry,Identity Theft,Critical,Healthcare,3397853,2640,User Report,Investigating
CR07445,26-06-2024,Gujarat,Rajkot,Data Breach,Medium,Education,4647934,31656,Organization,Resolved
CR07446,05-05-2026,Tamil Nadu,Coimbatore,Ransomware,Medium,Banking,3869524,35340,CERT-In,Open
CR07447,12-07-2024,Jammu and Kashmir,Srinagar,Phishing,Low,Government,2741283,29707,News,Resolved
CR07448,04-05-2024,Karnataka,Mangaluru,Identity Theft,Medium,Banking,2922415,15663,News,Open
CR07449,07-01-2025,Delhi,New Delhi,Ransomware,Medium,Government,425555,24061,CERT-In,Resolved
CR07450,16-01-2024,Haryana,Panipat,Malware,Medium,Banking,1161886,13403,User Report,Resolved
CR07451,15-01-2024,Tamil Nadu,Madurai,Ransomware,Critical,Healthcare,3842943,14863,Organization,Open
CR07452,13-10-2025,Sikkim,Gangtok,DDoS,Medium,Corporate,2727785,49638,CERT-In,Resolved
CR07453,02-08-2025,Jammu and Kashmir,Jammu,Phishing,Medium,Corporate,843028,21412,User Report,Investigating
CR07454,28-03-2025,Uttar Pradesh,Lucknow,Ransomware,Critical,Corporate,805121,9060,User Report,Open
CR07455,13-10-2024,Puducherry,Puducherry,Online Fraud,Medium,IT,3908335,37375,CERT-In,Open
CR07456,15-04-2026,Haryana,Faridabad,Phishing,High,E-commerce,1545224,20444,User Report,Investigating
CR07457,11-06-2025,Punjab,Ludhiana,Online Fraud,Medium,E-commerce,848170,24829,User Report,Open
CR07458,26-12-2024,Andhra Pradesh,Visakhapatnam,Identity Theft,Medium,Government,4991272,44631,Organization,Investigating
CR07459,02-05-2025,Jharkhand,Jamshedpur,Identity Theft,Medium,IT,159277,9236,User Report,Investigating
CR07460,16-01-2024,Uttarakhand,Dehradun,Online Fraud,Low,Personal,3460821,39541,User Report,Resolved
CR07461,30-01-2024,Puducherry,Puducherry,Malware,Medium,Personal,3113818,8746,News,Open
CR07462,04-03-2025,Dadra and Nagar Haveli and Daman and Diu,Daman,DDoS,Low,Government,4152497,46574,Organization,Investigating
CR07463,27-04-2024,Andhra Pradesh,Vijayawada,Malware,Low,E-commerce,307087,9056,Organization,Investigating
CR07464,22-08-2024,Manipur,Imphal,Ransomware,Critical,Government,2656159,19888,CERT-In,Resolved
CR07465,23-06-2026,Manipur,Imphal,Data Breach,Critical,IT,1725346,6403,User Report,Open
CR07466,05-11-2024,Gujarat,Rajkot,Identity Theft,Medium,Healthcare,557787,33151,CERT-In,Open
CR07467,30-01-2024,Puducherry,Puducherry,Data Breach,Low,Government,1633696,37575,Organization,Resolved
CR07468,12-09-2024,Mizoram,Aizawl,Identity Theft,High,Personal,4911728,26802,News,Investigating
CR07469,12-09-2024,Madhya Pradesh,Gwalior,Data Breach,High,Banking,4988806,17378,Organization,Resolved
CR07470,16-06-2025,Uttar Pradesh,Noida,DDoS,Low,IT,3983944,28755,User Report,Open
CR07471,21-11-2025,Puducherry,Puducherry,Malware,Critical,E-commerce,3574501,6462,News,Open
CR07472,20-12-2024,Andhra Pradesh,Visakhapatnam,Online Fraud,High,Healthcare,4416229,7772,Organization,Investigating
CR07473,15-08-2025,Chhattisgarh,Raipur,Malware,Medium,IT,201177,36619,CERT-In,Investigating
CR07474,22-05-2025,Arunachal Pradesh,Itanagar,Data Breach,High,Banking,1411167,17610,Organization,Investigating
CR07475,12-10-2025,Kerala,Kozhikode,Identity Theft,Low,Education,3986664,34713,News,Open
CR07476,12-07-2024,Bihar,Muzaffarpur,Online Fraud,High,IT,4714844,38591,Organization,Resolved
CR07477,07-12-2024,Jharkhand,Jamshedpur,Identity Theft,Medium,Government,1940003,4148,Organization,Resolved
CR07478,10-07-2026,Uttarakhand,Haridwar,Phishing,Medium,IT,4289123,15496,CERT-In,Open
CR07479,12-01-2024,Andhra Pradesh,Visakhapatnam,Identity Theft,Critical,Banking,1458691,45060,Organization,Investigating
CR07480,10-04-2025,Gujarat,Surat,DDoS,Medium,Education,1575634,2544,CERT-In,Open
CR07481,19-05-2025,Delhi,New Delhi,Malware,Critical,Corporate,685570,45086,News,Resolved
CR07482,25-08-2024,Jharkhand,Ranchi,Phishing,Medium,IT,4263499,44402,User Report,Resolved
CR07483,29-06-2024,Puducherry,Puducherry,DDoS,Low,Healthcare,2548286,45480,User Report,Investigating
CR07484,01-01-2024,Tamil Nadu,Madurai,Identity Theft,High,Education,389166,13285,User Report,Resolved
CR07485,24-07-2024,Uttarakhand,Haridwar,Malware,Medium,Personal,3251003,14435,News,Open
CR07486,21-03-2025,Mizoram,Aizawl,Identity Theft,Medium,Healthcare,4403420,10542,User Report,Investigating
CR07487,02-02-2024,Uttar Pradesh,Varanasi,Ransomware,Low,Personal,2381724,23913,Organization,Resolved
CR07488,21-06-2026,Uttar Pradesh,Noida,Online Fraud,Critical,Healthcare,151261,869,News,Open
CR07489,08-08-2025,Goa,Panaji,DDoS,Critical,E-commerce,3738783,18235,News,Investigating
CR07490,10-10-2024,Manipur,Imphal,Malware,Medium,Corporate,2724369,9379,News,Resolved
CR07491,13-05-2024,Assam,Silchar,Ransomware,Low,Government,3044959,40619,News,Investigating
CR07492,10-09-2025,Lakshadweep,Kavaratti,Identity Theft,High,Government,1436415,1067,User Report,Resolved
CR07493,03-09-2024,Ladakh,Leh,Phishing,Medium,Corporate,4876970,37869,News,Open
CR07494,17-11-2024,Punjab,Ludhiana,Online Fraud,Medium,Corporate,3590194,4555,News,Resolved
CR07495,15-02-2024,Lakshadweep,Kavaratti,Online Fraud,Low,Education,566166,31875,News,Investigating
CR07496,10-08-2025,Uttarakhand,Haridwar,Malware,Low,Government,87782,35421,News,Open
CR07497,30-05-2026,Sikkim,Gangtok,Malware,High,Education,2278801,18165,CERT-In,Resolved
CR07498,28-08-2024,Arunachal Pradesh,Naharlagun,DDoS,Critical,IT,2480916,9328,News,Investigating
CR07499,14-06-2024,Bihar,Patna,DDoS,High,Banking,1949783,1334,CERT-In,Resolved
CR07500,23-01-2025,Bihar,Gaya,Online Fraud,Medium,Corporate,3466647,32455,User Report,Investigating
CR07501,19-04-2024,Kerala,Thiruvananthapuram,Online Fraud,High,IT,326559,39719,News,Investigating
CR07502,21-02-2025,Telangana,Hyderabad,Ransomware,High,E-commerce,1253579,39157,Organization,Open
CR07503,01-09-2025,Kerala,Thiruvananthapuram,Online Fraud,Medium,Personal,4779297,44167,CERT-In,Open
CR07504,10-09-2024,Rajasthan,Jodhpur,Phishing,Low,Corporate,2135365,7346,User Report,Resolved
CR07505,30-06-2026,Rajasthan,Jaipur,Online Fraud,Low,Healthcare,4669638,24562,Organization,Investigating
CR07506,05-03-2026,Madhya Pradesh,Bhopal,Online Fraud,Critical,Education,4104284,1276,CERT-In,Open
CR07507,08-11-2024,Ladakh,Leh,DDoS,High,Corporate,4705845,13889,News,Investigating
CR07508,05-02-2024,Assam,Guwahati,DDoS,High,IT,4733407,23132,User Report,Resolved
CR07509,19-05-2026,Haryana,Gurugram,Phishing,Medium,Personal,1121046,40107,User Report,Resolved
CR07510,20-11-2025,Jharkhand,Ranchi,DDoS,Low,Education,2039179,44930,Organization,Open
CR07511,08-03-2025,Karnataka,Bengaluru,Identity Theft,High,IT,2731230,9749,News,Open
CR07512,09-09-2025,Tamil Nadu,Coimbatore,DDoS,Critical,E-commerce,1567765,21565,News,Investigating
CR07513,18-11-2024,Tripura,Agartala,Phishing,Low,Education,1205968,24070,News,Investigating
CR07514,01-10-2024,Manipur,Imphal,Online Fraud,Low,Education,3556727,8163,User Report,Investigating
CR07515,18-09-2024,Dadra and Nagar Haveli and Daman and Diu,Daman,DDoS,Critical,IT,233991,30546,Organization,Investigating
CR07516,21-05-2026,Maharashtra,Nashik,Malware,Medium,E-commerce,3656910,26938,Organization,Resolved
CR07517,19-12-2024,Ladakh,Leh,Malware,Low,IT,4498204,23016,CERT-In,Investigating
CR07518,22-09-2024,Arunachal Pradesh,Naharlagun,DDoS,Medium,Banking,1279242,19755,CERT-In,Open
CR07519,20-11-2025,Kerala,Kochi,Phishing,Medium,IT,1683840,3661,CERT-In,Open
CR07520,16-05-2026,Punjab,Amritsar,Online Fraud,Critical,Government,4200010,8739,User Report,Investigating
CR07521,05-03-2026,Kerala,Kozhikode,Identity Theft,Critical,Banking,4868682,24663,User Report,Resolved
CR07522,14-10-2024,Ladakh,Leh,Malware,High,Healthcare,3519085,28168,News,Resolved
CR07523,29-04-2026,Madhya Pradesh,Gwalior,Malware,Low,Healthcare,3322186,32738,News,Open
CR07524,01-07-2025,Chandigarh,Chandigarh,Data Breach,Low,Personal,4782338,26580,CERT-In,Open
CR07525,27-11-2025,Maharashtra,Nashik,Malware,Medium,Corporate,1996007,2511,User Report,Investigating
CR07526,15-02-2026,Bihar,Gaya,Ransomware,Low,Government,3811623,46906,Organization,Resolved
CR07527,05-12-2024,Nagaland,Kohima,Ransomware,High,Corporate,4323645,7516,Organization,Open
CR07528,05-07-2024,Lakshadweep,Kavaratti,Online Fraud,Low,Corporate,3988305,3240,News,Resolved
CR07529,26-12-2024,Chandigarh,Chandigarh,Identity Theft,Critical,E-commerce,3805892,20595,News,Resolved
CR07530,31-12-2025,Uttarakhand,Haridwar,DDoS,Medium,E-commerce,3045909,47345,Organization,Investigating
CR07531,24-12-2024,Himachal Pradesh,Shimla,Ransomware,High,Personal,410108,6492,Organization,Investigating
CR07532,24-01-2026,Puducherry,Puducherry,Identity Theft,High,IT,2279409,45579,User Report,Open
CR07533,23-09-2025,West Bengal,Durgapur,Data Breach,Medium,Education,4373597,1691,Organization,Open
CR07534,29-07-2024,Lakshadweep,Kavaratti,Malware,Low,Education,4576605,14124,User Report,Resolved
CR07535,25-09-2024,Puducherry,Puducherry,Identity Theft,Low,Banking,4982598,41053,Organization,Investigating
CR07536,29-08-2025,Ladakh,Leh,Malware,High,Corporate,87432,14480,Organization,Open
CR07537,04-02-2024,Uttarakhand,Dehradun,Data Breach,Medium,Healthcare,3713008,28513,User Report,Investigating
CR07538,29-06-2026,Kerala,Thiruvananthapuram,Identity Theft,Medium,IT,4740897,7371,User Report,Investigating
CR07539,29-07-2024,Andhra Pradesh,Guntur,Malware,Medium,Banking,1218697,42393,Organization,Resolved
CR07540,02-09-2024,Rajasthan,Jaipur,Phishing,Medium,Corporate,252629,9378,CERT-In,Investigating
CR07541,13-10-2024,Mizoram,Aizawl,Phishing,High,IT,4572366,42732,News,Resolved
CR07542,14-06-2025,Goa,Margao,Malware,Medium,Personal,749440,26734,User Report,Investigating
CR07543,25-10-2025,Sikkim,Gangtok,Data Breach,Low,Education,2519877,9879,User Report,Open
CR07544,08-02-2024,West Bengal,Kolkata,Data Breach,High,Education,4282025,46984,User Report,Open
CR07545,16-08-2025,Tamil Nadu,Coimbatore,DDoS,High,Healthcare,1740301,3301,Organization,Open
CR07546,11-03-2024,Jharkhand,Ranchi,DDoS,Low,Personal,413879,34194,News,Investigating
CR07547,08-06-2024,Tripura,Agartala,Malware,Low,Healthcare,3328168,45761,CERT-In,Open
CR07548,24-11-2024,Mizoram,Aizawl,Data Breach,Low,Banking,3058042,20978,User Report,Open
CR07549,07-04-2025,Lakshadweep,Kavaratti,Phishing,High,E-commerce,239864,15762,Organization,Investigating
CR07550,22-06-2024,Madhya Pradesh,Gwalior,Online Fraud,Low,Healthcare,3344510,49452,User Report,Resolved
CR07551,08-09-2024,Arunachal Pradesh,Naharlagun,Data Breach,High,Government,1528827,49474,CERT-In,Open
CR07552,16-02-2025,Chhattisgarh,Raipur,Malware,Medium,Education,4502577,44871,News,Open
CR07553,09-01-2024,Nagaland,Dimapur,Malware,Medium,Education,4528541,23658,News,Open
CR07554,29-05-2025,Ladakh,Leh,Identity Theft,Critical,IT,4254660,22680,News,Investigating
CR07555,12-07-2025,Karnataka,Mysuru,Malware,Critical,IT,659215,42132,User Report,Resolved
CR07556,13-04-2025,Jammu and Kashmir,Jammu,DDoS,Medium,Corporate,1850467,17409,News,Resolved
CR07557,23-01-2025,Uttarakhand,Haridwar,Identity Theft,Critical,IT,3570265,27814,CERT-In,Investigating
CR07558,11-03-2024,Karnataka,Mysuru,Phishing,Medium,Corporate,2393857,22880,News,Investigating
CR07559,16-04-2025,Gujarat,Vadodara,Malware,Low,Healthcare,4414288,5929,User Report,Resolved
CR07560,29-01-2026,Jharkhand,Ranchi,Online Fraud,Critical,Healthcare,2821436,47513,CERT-In,Investigating
CR07561,02-02-2026,Rajasthan,Jodhpur,Phishing,High,Healthcare,2655120,10675,Organization,Investigating
CR07562,17-06-2024,Puducherry,Puducherry,Data Breach,Critical,Corporate,1519725,32807,News,Investigating
CR07563,16-02-2025,Rajasthan,Jaipur,DDoS,Medium,Personal,4808930,24362,User Report,Resolved
CR07564,30-05-2025,Andaman and Nicobar Islands,Port Blair,Online Fraud,Medium,Corporate,3487649,12748,User Report,Resolved
CR07565,22-02-2026,Sikkim,Gangtok,DDoS,Critical,Healthcare,864170,11698,Organization,Resolved
CR07566,17-11-2025,Kerala,Thiruvananthapuram,Ransomware,Critical,Corporate,2624111,35238,Organization,Open
CR07567,19-05-2024,West Bengal,Kolkata,DDoS,Critical,Education,4267358,8047,Organization,Investigating
CR07568,04-02-2025,Tripura,Agartala,Identity Theft,High,Government,2633587,7981,CERT-In,Open
CR07569,16-03-2026,Andhra Pradesh,Guntur,Identity Theft,Low,Education,4969811,5277,News,Investigating
CR07570,18-04-2026,Himachal Pradesh,Dharamshala,Online Fraud,Low,Government,3825890,18769,News,Investigating
CR07571,26-09-2024,Gujarat,Ahmedabad,Online Fraud,Medium,Banking,4757282,15565,CERT-In,Resolved
CR07572,18-10-2025,Jharkhand,Jamshedpur,Ransomware,Medium,Government,4076502,42973,News,Open
CR07573,28-05-2025,Chandigarh,Chandigarh,Identity Theft,Medium,Education,288043,10212,CERT-In,Investigating
CR07574,23-03-2025,Rajasthan,Jaipur,Malware,High,E-commerce,3083156,21403,CERT-In,Resolved
CR07575,24-03-2025,Odisha,Bhubaneswar,Identity Theft,Critical,Personal,3978667,12970,User Report,Investigating
CR07576,15-02-2024,Sikkim,Gangtok,Ransomware,Critical,Government,4142694,49843,User Report,Open
CR07577,08-01-2026,Punjab,Ludhiana,Ransomware,Low,E-commerce,2118625,30079,User Report,Investigating
CR07578,27-06-2025,Arunachal Pradesh,Naharlagun,Online Fraud,Medium,Government,3738784,26852,User Report,Resolved
CR07579,12-03-2026,Uttarakhand,Dehradun,Malware,Medium,Government,1620626,632,User Report,Resolved
CR07580,02-04-2024,Telangana,Hyderabad,Phishing,Low,Personal,47029,15761,News,Resolved
CR07581,11-01-2026,Puducherry,Puducherry,Phishing,Critical,E-commerce,85292,40809,Organization,Open
CR07582,07-01-2024,Mizoram,Aizawl,Ransomware,Medium,Banking,3551165,3011,Organization,Resolved
CR07583,04-06-2024,Tripura,Agartala,Ransomware,Critical,Corporate,467938,4300,News,Open
CR07584,21-05-2024,Punjab,Amritsar,DDoS,Medium,Government,1163935,40696,CERT-In,Investigating
CR07585,01-09-2024,Puducherry,Puducherry,Data Breach,High,Corporate,1098749,40617,Organization,Investigating
CR07586,31-07-2024,Kerala,Kozhikode,Online Fraud,High,Banking,1752288,23915,News,Investigating
CR07587,06-10-2025,Lakshadweep,Kavaratti,Phishing,Critical,Personal,1264218,41660,News,Open
CR07588,10-09-2024,Ladakh,Leh,Phishing,Critical,Corporate,4279373,35677,News,Open
CR07589,26-07-2026,Bihar,Patna,DDoS,Medium,Government,2891799,20498,News,Open
CR07590,05-04-2024,Tamil Nadu,Chennai,DDoS,Medium,IT,1965555,46543,CERT-In,Investigating
CR07591,19-03-2024,Uttarakhand,Haridwar,Malware,Medium,Government,874351,5115,News,Resolved
CR07592,02-04-2025,Lakshadweep,Kavaratti,Ransomware,Critical,IT,641218,36993,Organization,Resolved
CR07593,24-02-2026,Telangana,Warangal,DDoS,Low,Banking,2977013,37641,User Report,Investigating
CR07594,24-12-2024,West Bengal,Kolkata,Identity Theft,Medium,Healthcare,1670443,1713,News,Open
CR07595,08-08-2025,Kerala,Thiruvananthapuram,Phishing,Critical,Government,3953688,44186,CERT-In,Open
CR07596,22-05-2024,Mizoram,Aizawl,Identity Theft,Critical,Education,2347699,15335,Organization,Open
CR07597,06-06-2026,Nagaland,Kohima,Identity Theft,High,Corporate,2131701,20629,News,Open
CR07598,12-02-2025,Uttarakhand,Dehradun,Online Fraud,Low,Corporate,626622,3014,User Report,Open
CR07599,23-11-2025,Lakshadweep,Kavaratti,Data Breach,High,IT,411848,6705,CERT-In,Resolved
CR07600,21-10-2025,Maharashtra,Mumbai,Online Fraud,Critical,IT,1697993,26480,CERT-In,Investigating
CR07601,18-02-2025,West Bengal,Kolkata,Ransomware,High,Education,4074246,18536,CERT-In,Open
CR07602,26-10-2025,Sikkim,Gangtok,Data Breach,Critical,IT,2357479,42526,Organization,Investigating
CR07603,12-01-2026,Himachal Pradesh,Shimla,Online Fraud,Critical,IT,1009870,27998,CERT-In,Investigating
CR07604,21-03-2026,Jharkhand,Ranchi,Online Fraud,Low,Banking,3905693,13700,Organization,Resolved
CR07605,01-07-2026,Chandigarh,Chandigarh,Ransomware,Critical,E-commerce,2999542,8906,CERT-In,Investigating
CR07606,07-12-2024,Tamil Nadu,Chennai,Ransomware,Medium,Banking,1744539,5495,User Report,Investigating
CR07607,16-06-2025,Maharashtra,Mumbai,Phishing,Medium,Education,4947433,41340,User Report,Investigating
CR07608,23-03-2025,Dadra and Nagar Haveli and Daman and Diu,Daman,Malware,Critical,IT,2615452,36884,User Report,Investigating
CR07609,26-08-2024,Sikkim,Gangtok,Data Breach,Critical,Corporate,547031,19003,Organization,Investigating
CR07610,16-03-2025,Punjab,Amritsar,Identity Theft,Low,IT,4704265,11347,User Report,Investigating
CR07611,28-12-2025,Lakshadweep,Kavaratti,Data Breach,Critical,Banking,4157332,34740,News,Open
CR07612,21-01-2025,Chandigarh,Chandigarh,DDoS,Medium,E-commerce,3937034,30936,Organization,Investigating
CR07613,19-02-2024,Mizoram,Aizawl,Online Fraud,High,Healthcare,4741604,36476,Organization,Investigating
CR07614,29-10-2025,Nagaland,Dimapur,Phishing,Low,Government,329868,1025,Organization,Open
CR07615,07-12-2025,Lakshadweep,Kavaratti,Ransomware,Medium,Government,3329181,6408,News,Open
CR07616,13-06-2026,Jharkhand,Ranchi,DDoS,Critical,Personal,3258678,43320,Organization,Investigating
CR07617,22-01-2025,Telangana,Hyderabad,Malware,High,Corporate,4047757,46618,CERT-In,Open
CR07618,23-10-2025,Manipur,Imphal,Online Fraud,High,E-commerce,4755415,32152,Organization,Resolved
CR07619,22-01-2024,Ladakh,Leh,DDoS,Critical,Corporate,4320241,35495,Organization,Resolved
CR07620,12-03-2024,Lakshadweep,Kavaratti,Ransomware,Medium,Government,1690748,46110,CERT-In,Open
CR07621,06-11-2025,Manipur,Imphal,Online Fraud,High,Corporate,3333049,15177,Organization,Resolved
CR07622,02-04-2024,Odisha,Cuttack,Identity Theft,Low,Government,2572343,9405,User Report,Resolved
CR07623,03-09-2025,Jharkhand,Ranchi,Identity Theft,Low,E-commerce,4734043,26360,User Report,Open
CR07624,08-04-2024,Assam,Guwahati,Identity Theft,Critical,Government,3599898,4543,User Report,Open
CR07625,16-03-2025,Sikkim,Gangtok,Phishing,High,Personal,4420253,32374,Organization,Resolved
CR07626,28-12-2025,Jammu and Kashmir,Srinagar,Malware,High,Education,3464258,4257,User Report,Investigating
CR07627,27-02-2026,West Bengal,Durgapur,Identity Theft,Critical,E-commerce,3339906,28610,User Report,Investigating
CR07628,06-02-2026,Chandigarh,Chandigarh,Malware,Low,IT,696503,34424,Organization,Resolved
CR07629,17-05-2025,Kerala,Kozhikode,Ransomware,High,Education,3582377,23349,User Report,Investigating
CR07630,29-07-2024,Punjab,Ludhiana,Malware,Critical,E-commerce,1401574,8191,Organization,Open
CR07631,08-03-2026,Haryana,Gurugram,Data Breach,Medium,Government,2633935,41233,CERT-In,Investigating
CR07632,01-06-2025,Nagaland,Kohima,Identity Theft,Medium,Government,427892,7976,News,Resolved
CR07633,07-05-2024,Nagaland,Dimapur,Online Fraud,Medium,IT,3342842,3905,User Report,Investigating
CR07634,02-11-2025,Delhi,New Delhi,DDoS,Low,Banking,2075717,36295,News,Investigating
CR07635,25-11-2024,West Bengal,Siliguri,DDoS,Critical,Personal,3238596,36702,News,Investigating
CR07636,27-02-2026,Tamil Nadu,Chennai,DDoS,Medium,IT,1645262,3024,Organization,Resolved
CR07637,30-08-2024,Goa,Margao,Ransomware,High,Corporate,784445,13230,Organization,Resolved
CR07638,08-03-2024,Punjab,Ludhiana,Online Fraud,Critical,Banking,2841229,1601,CERT-In,Open
CR07639,17-01-2026,Andaman and Nicobar Islands,Port Blair,Online Fraud,Low,IT,4239071,48611,CERT-In,Resolved
CR07640,11-03-2024,Chandigarh,Chandigarh,Ransomware,Low,Corporate,4313700,12732,CERT-In,Open
CR07641,12-02-2026,Odisha,Bhubaneswar,Identity Theft,Critical,Education,1396277,45024,Organization,Open
CR07642,26-06-2024,Puducherry,Puducherry,Phishing,Critical,Personal,4903292,39318,Organization,Open
CR07643,07-03-2025,Meghalaya,Shillong,Malware,Critical,Corporate,4364234,46468,User Report,Investigating
CR07644,01-06-2026,Manipur,Imphal,Malware,Low,Education,4492611,21179,CERT-In,Investigating
CR07645,25-11-2024,Assam,Dibrugarh,Identity Theft,High,IT,1050099,13928,CERT-In,Investigating
CR07646,12-08-2025,Punjab,Ludhiana,DDoS,Low,Government,3263865,48673,CERT-In,Open
CR07647,03-05-2025,Tamil Nadu,Chennai,Malware,Medium,Government,4321743,24235,CERT-In,Open
CR07648,07-08-2025,Bihar,Muzaffarpur,Data Breach,Low,E-commerce,1817684,2757,News,Open
CR07649,10-03-2024,Nagaland,Dimapur,Data Breach,High,Banking,389864,33553,User Report,Open
CR07650,04-01-2025,Odisha,Bhubaneswar,Malware,Medium,Personal,3344023,16623,CERT-In,Investigating
CR07651,30-09-2024,Delhi,New Delhi,Online Fraud,Medium,Government,4290972,12031,CERT-In,Resolved
CR07652,18-08-2024,Assam,Guwahati,DDoS,Critical,Banking,3768942,13921,CERT-In,Investigating
CR07653,04-03-2024,Haryana,Panipat,DDoS,Medium,IT,1325844,39874,User Report,Investigating
CR07654,06-07-2026,Madhya Pradesh,Gwalior,Identity Theft,Low,Healthcare,3089537,10206,CERT-In,Investigating
CR07655,31-03-2024,Karnataka,Bengaluru,Malware,Low,IT,4147848,18604,News,Investigating
CR07656,29-08-2024,Dadra and Nagar Haveli and Daman and Diu,Silvassa,Online Fraud,Critical,Healthcare,2925395,8201,Organization,Investigating
CR07657,05-03-2026,Maharashtra,Pune,Malware,Critical,Personal,3488490,39254,Organization,Resolved
CR07658,21-04-2026,Madhya Pradesh,Gwalior,Data Breach,High,E-commerce,2630889,33038,CERT-In,Open
CR07659,24-09-2024,Arunachal Pradesh,Naharlagun,Identity Theft,Critical,Healthcare,2079240,15748,News,Open
CR07660,25-06-2026,Lakshadweep,Kavaratti,Phishing,Critical,E-commerce,1633804,823,Organization,Resolved
CR07661,19-04-2024,Arunachal Pradesh,Naharlagun,Online Fraud,Low,IT,4322450,4446,User Report,Investigating
CR07662,04-08-2025,Jammu and Kashmir,Jammu,Phishing,Low,Banking,10161,24933,CERT-In,Resolved
CR07663,24-11-2025,Jharkhand,Ranchi,Phishing,Critical,Education,21043,5423,CERT-In,Resolved
CR07664,15-02-2025,Goa,Panaji,Ransomware,Medium,Corporate,2657286,17773,CERT-In,Resolved
CR07665,21-01-2025,Jammu and Kashmir,Srinagar,Online Fraud,Medium,Government,3920223,19555,News,Investigating
CR07666,21-01-2026,Jharkhand,Ranchi,Data Breach,High,E-commerce,795826,23126,Organization,Open
CR07667,02-02-2026,Uttar Pradesh,Lucknow,Ransomware,Low,IT,4857919,6767,News,Investigating
CR07668,16-08-2025,Punjab,Amritsar,Identity Theft,High,Healthcare,2717119,8819,User Report,Resolved
CR07669,12-01-2024,Rajasthan,Jaipur,Ransomware,Critical,Education,2052418,33030,Organization,Investigating
CR07670,08-07-2026,Rajasthan,Jaipur,Phishing,Critical,IT,1746295,18973,CERT-In,Open
CR07671,17-09-2025,Ladakh,Leh,Identity Theft,Medium,Banking,3716862,45885,Organization,Investigating
CR07672,04-07-2024,Tripura,Agartala,DDoS,High,Personal,3148786,33908,User Report,Investigating
CR07673,17-07-2024,Uttarakhand,Haridwar,Phishing,Low,Government,4353245,40057,CERT-In,Open
CR07674,29-10-2025,Telangana,Hyderabad,Ransomware,Critical,Corporate,2340981,5308,News,Resolved
CR07675,24-04-2026,Delhi,New Delhi,Malware,Critical,Banking,1226355,41154,News,Resolved
CR07676,12-07-2025,Chandigarh,Chandigarh,Phishing,Medium,Personal,4206926,12704,CERT-In,Open
CR07677,01-12-2025,Uttarakhand,Haridwar,Ransomware,Low,Corporate,2431485,42975,News,Investigating
CR07678,21-12-2025,Goa,Margao,Data Breach,Low,E-commerce,1204198,45958,Organization,Resolved
CR07679,10-05-2026,Tamil Nadu,Chennai,DDoS,Critical,Government,3655104,16642,CERT-In,Investigating
CR07680,06-09-2024,Odisha,Bhubaneswar,DDoS,Critical,Government,303342,33471,News,Resolved
CR07681,31-08-2025,Chhattisgarh,Raipur,Online Fraud,Medium,E-commerce,1442777,16798,User Report,Open
CR07682,10-02-2026,Gujarat,Rajkot,Ransomware,Low,Healthcare,4848462,24386,CERT-In,Resolved
CR07683,08-02-2024,Haryana,Gurugram,Ransomware,High,IT,4050791,43383,User Report,Resolved
CR07684,31-12-2024,Goa,Panaji,Phishing,Medium,E-commerce,4167900,37144,CERT-In,Open
CR07685,28-02-2024,Jammu and Kashmir,Srinagar,Identity Theft,Critical,Personal,1793884,514,CERT-In,Investigating
CR07686,04-03-2024,Gujarat,Surat,DDoS,Medium,Corporate,3384856,28233,Organization,Open
CR07687,07-09-2024,Himachal Pradesh,Dharamshala,Online Fraud,Medium,Personal,1596578,17133,Organization,Resolved
CR07688,19-02-2026,Nagaland,Kohima,DDoS,Critical,Education,2732780,17671,News,Open
CR07689,16-07-2025,Himachal Pradesh,Dharamshala,DDoS,Medium,IT,4588243,45306,Organization,Investigating
CR07690,27-10-2025,Jharkhand,Jamshedpur,Ransomware,Critical,Personal,704481,42623,User Report,Resolved
CR07691,27-04-2024,Telangana,Hyderabad,Identity Theft,Critical,Personal,4713825,1631,CERT-In,Resolved
CR07692,12-03-2026,Odisha,Cuttack,Ransomware,Low,Education,980259,16377,User Report,Investigating
CR07693,06-06-2024,Uttar Pradesh,Lucknow,Malware,Low,Government,4365522,15786,News,Resolved
CR07694,25-08-2025,Chandigarh,Chandigarh,DDoS,Medium,Corporate,536702,26505,News,Resolved
CR07695,14-02-2024,Tamil Nadu,Madurai,Online Fraud,Medium,Education,3007764,41819,Organization,Open
CR07696,19-12-2025,Meghalaya,Shillong,DDoS,High,Personal,591893,30305,Organization,Investigating
CR07697,09-04-2025,Tripura,Agartala,Malware,Critical,Corporate,1005407,45898,User Report,Open
CR07698,13-07-2024,Ladakh,Leh,Ransomware,Critical,IT,4071563,15930,Organization,Open
CR07699,03-04-2025,Manipur,Imphal,Identity Theft,Critical,Banking,4517597,47006,Organization,Investigating
CR07700,06-09-2025,Andaman and Nicobar Islands,Port Blair,Online Fraud,Medium,Education,2095697,4548,Organization,Investigating
CR07701,10-05-2025,Dadra and Nagar Haveli and Daman and Diu,Silvassa,Data Breach,Low,Corporate,4442603,9816,Organization,Resolved
CR07702,06-06-2025,Puducherry,Puducherry,Online Fraud,Critical,Personal,1692385,39955,News,Open
CR07703,31-10-2024,Mizoram,Aizawl,Identity Theft,Critical,Corporate,4012680,11423,News,Investigating
CR07704,25-02-2024,Dadra and Nagar Haveli and Daman and Diu,Daman,Data Breach,Critical,Banking,1297913,14795,Organization,Investigating
CR07705,09-04-2025,Sikkim,Gangtok,Ransomware,Low,Corporate,1990254,46327,CERT-In,Investigating
CR07706,05-07-2024,Arunachal Pradesh,Naharlagun,Malware,Critical,Education,1339511,23828,News,Resolved
CR07707,28-08-2024,Kerala,Kochi,Ransomware,Critical,Government,2164542,44432,User Report,Open
CR07708,10-09-2025,Puducherry,Puducherry,Identity Theft,High,Corporate,455565,10830,News,Open
CR07709,13-09-2024,Telangana,Hyderabad,Ransomware,Critical,Education,2220671,26892,News,Investigating
CR07710,30-05-2025,Bihar,Muzaffarpur,Ransomware,Low,Government,1178194,24350,CERT-In,Resolved
CR07711,17-08-2025,Bihar,Gaya,Ransomware,Critical,Education,282752,47264,User Report,Investigating
CR07712,15-09-2025,Meghalaya,Shillong,Ransomware,Medium,IT,3648967,26965,CERT-In,Open
CR07713,30-09-2024,Punjab,Chandigarh,Identity Theft,Critical,Education,4698908,5214,Organization,Investigating
CR07714,28-08-2025,Manipur,Imphal,Data Breach,Critical,IT,4841759,46851,User Report,Open
CR07715,19-12-2025,Jammu and Kashmir,Jammu,DDoS,Critical,Healthcare,3743869,40115,News,Resolved
CR07716,16-06-2026,Sikkim,Gangtok,Malware,Critical,E-commerce,1023254,24092,CERT-In,Investigating
CR07717,27-05-2025,Bihar,Muzaffarpur,Online Fraud,Low,Banking,58472,44284,Organization,Open
CR07718,12-04-2026,Dadra and Nagar Haveli and Daman and Diu,Daman,Ransomware,Low,IT,3849494,3335,CERT-In,Open
CR07719,03-08-2024,Punjab,Amritsar,Ransomware,High,E-commerce,2977695,29622,Organization,Investigating
CR07720,23-08-2025,Punjab,Chandigarh,Malware,Low,Government,3814637,10057,News,Investigating
CR07721,07-03-2026,Tripura,Agartala,Identity Theft,Medium,Personal,1394919,48280,News,Open
CR07722,05-08-2024,Tripura,Agartala,Ransomware,High,IT,4128931,8809,Organization,Investigating
CR07723,12-03-2024,West Bengal,Kolkata,Data Breach,Low,Education,4957450,24334,CERT-In,Investigating
CR07724,05-11-2025,Tripura,Agartala,DDoS,Critical,Banking,3420732,47180,CERT-In,Resolved
CR07725,09-09-2024,Odisha,Bhubaneswar,Ransomware,High,Banking,1217048,19610,Organization,Open
CR07726,19-12-2025,Sikkim,Gangtok,DDoS,High,Government,48350,43898,User Report,Resolved
CR07727,26-12-2025,Puducherry,Puducherry,Ransomware,High,E-commerce,2433570,49724,CERT-In,Resolved
CR07728,18-04-2024,Punjab,Amritsar,Ransomware,Medium,Banking,2361820,19509,Organization,Open
CR07729,27-10-2025,Ladakh,Leh,Ransomware,Medium,Government,2304874,23412,User Report,Open
CR07730,26-02-2025,Tamil Nadu,Chennai,Online Fraud,High,Education,1639503,45148,Organization,Investigating
CR07731,04-09-2024,Maharashtra,Mumbai,Identity Theft,Critical,IT,959988,30748,Organization,Open
CR07732,26-02-2024,Puducherry,Puducherry,Phishing,Low,Personal,2150154,15396,News,Resolved
CR07733,19-07-2024,Odisha,Cuttack,Identity Theft,Low,Banking,2713706,2633,User Report,Resolved
CR07734,27-10-2024,Dadra and Nagar Haveli and Daman and Diu,Silvassa,Online Fraud,Critical,Healthcare,3931225,5044,News,Investigating
CR07735,17-01-2024,West Bengal,Durgapur,Data Breach,High,Healthcare,2987260,46642,User Report,Investigating
CR07736,08-02-2025,Ladakh,Leh,Online Fraud,Low,IT,3901662,27754,News,Investigating
CR07737,01-06-2024,Dadra and Nagar Haveli and Daman and Diu,Daman,DDoS,Low,Personal,3575019,38885,News,Resolved
CR07738,01-01-2025,Meghalaya,Shillong,Data Breach,Critical,Banking,4386083,2684,News,Investigating
CR07739,16-12-2025,Rajasthan,Jodhpur,Phishing,Critical,Banking,2672965,8337,CERT-In,Investigating
CR07740,05-10-2024,Bihar,Muzaffarpur,DDoS,Low,Personal,584809,13051,News,Resolved
CR07741,28-07-2026,Chhattisgarh,Bilaspur,Phishing,Low,IT,3916023,12126,CERT-In,Open
CR07742,04-06-2024,Andaman and Nicobar Islands,Port Blair,Online Fraud,Critical,IT,4377071,15109,User Report,Open
CR07743,04-03-2024,Ladakh,Leh,Phishing,Medium,Healthcare,2770545,5644,Organization,Open
CR07744,13-07-2024,Sikkim,Gangtok,Ransomware,Low,IT,1943959,10623,CERT-In,Resolved
CR07745,18-12-2025,Assam,Silchar,Online Fraud,High,Healthcare,2270002,43402,User Report,Resolved
CR07746,01-03-2024,Madhya Pradesh,Bhopal,Online Fraud,High,E-commerce,2927006,35323,News,Open
CR07747,23-05-2026,Chandigarh,Chandigarh,Online Fraud,Medium,Banking,4031938,30382,Organization,Resolved
CR07748,10-11-2025,Arunachal Pradesh,Itanagar,Online Fraud,High,Government,3878079,38139,User Report,Open
CR07749,26-12-2024,Delhi,New Delhi,Malware,Critical,Government,1007070,40666,CERT-In,Resolved
CR07750,02-02-2024,Karnataka,Bengaluru,Malware,Critical,IT,3467468,12257,CERT-In,Resolved
CR07751,15-01-2025,Karnataka,Bengaluru,DDoS,Low,E-commerce,52868,10399,Organization,Investigating
CR07752,09-02-2026,Puducherry,Puducherry,Malware,High,Banking,672749,40524,CERT-In,Resolved
CR07753,14-02-2025,Uttar Pradesh,Lucknow,Data Breach,Critical,Education,3053296,46963,CERT-In,Resolved
CR07754,01-02-2024,Dadra and Nagar Haveli and Daman and Diu,Daman,Online Fraud,Low,Education,3482111,11773,CERT-In,Investigating
CR07755,18-03-2024,Bihar,Muzaffarpur,DDoS,Critical,Healthcare,2897248,3450,CERT-In,Investigating
CR07756,25-05-2025,Maharashtra,Nashik,DDoS,High,Banking,654953,6295,Organization,Investigating
CR07757,15-03-2024,Uttarakhand,Dehradun,DDoS,Critical,Education,687087,5489,CERT-In,Open
CR07758,05-04-2026,Lakshadweep,Kavaratti,DDoS,High,Government,2881169,9961,CERT-In,Investigating
CR07759,26-05-2025,Haryana,Faridabad,Data Breach,Critical,IT,258904,21646,CERT-In,Resolved
CR07760,06-10-2024,Sikkim,Gangtok,DDoS,Medium,Banking,3728876,12869,User Report,Resolved
CR07761,25-11-2025,Goa,Panaji,Online Fraud,Medium,Personal,2820182,36748,User Report,Open
CR07762,10-01-2026,Tamil Nadu,Madurai,Malware,Critical,IT,3193787,23698,User Report,Investigating
CR07763,23-09-2024,Mizoram,Aizawl,Malware,Low,Healthcare,822902,2156,CERT-In,Resolved
CR07764,19-06-2025,Punjab,Amritsar,DDoS,High,Corporate,3924897,6640,User Report,Open
CR07765,21-02-2025,Madhya Pradesh,Bhopal,Data Breach,Low,E-commerce,4266558,6717,Organization,Investigating
CR07766,04-02-2025,Chandigarh,Chandigarh,DDoS,Low,IT,2066411,41921,User Report,Investigating
CR07767,13-08-2025,Lakshadweep,Kavaratti,Online Fraud,Low,Banking,1365814,49041,News,Investigating
CR07768,20-06-2026,Bihar,Gaya,Online Fraud,High,E-commerce,355725,6483,CERT-In,Open
CR07769,20-11-2025,Gujarat,Surat,Identity Theft,High,Corporate,1785299,39366,CERT-In,Open
CR07770,06-10-2025,Rajasthan,Udaipur,Data Breach,Medium,Banking,2799875,29632,CERT-In,Investigating
CR07771,17-08-2024,Punjab,Ludhiana,Malware,Low,Education,518420,10816,News,Open
CR07772,03-07-2026,Delhi,New Delhi,Ransomware,Low,Healthcare,2777588,9861,CERT-In,Investigating
CR07773,06-02-2025,Arunachal Pradesh,Itanagar,Malware,High,IT,677801,26064,User Report,Resolved
CR07774,16-07-2026,Andaman and Nicobar Islands,Port Blair,Phishing,High,Corporate,1871582,20187,Organization,Investigating
CR07775,29-03-2025,Uttarakhand,Haridwar,Malware,Medium,E-commerce,1879082,39397,Organization,Resolved
CR07776,01-12-2025,Jammu and Kashmir,Srinagar,Data Breach,Low,IT,1014814,39418,CERT-In,Resolved
CR07777,29-09-2024,Tamil Nadu,Coimbatore,DDoS,Medium,Corporate,3361181,39183,User Report,Open
CR07778,15-08-2025,Meghalaya,Shillong,Ransomware,High,Education,4676089,40854,CERT-In,Investigating
CR07779,04-01-2026,Jharkhand,Ranchi,Ransomware,Critical,Corporate,1117199,27360,User Report,Open
CR07780,21-04-2025,Chandigarh,Chandigarh,Identity Theft,High,E-commerce,2354619,6205,CERT-In,Resolved
CR07781,04-06-2024,Punjab,Ludhiana,Malware,Low,Government,2137598,44150,Organization,Open
CR07782,23-06-2026,Lakshadweep,Kavaratti,Data Breach,Low,Government,4502877,575,Organization,Resolved
CR07783,20-05-2026,Madhya Pradesh,Gwalior,Malware,High,E-commerce,551193,49658,Organization,Open
CR07784,24-06-2024,Sikkim,Gangtok,Ransomware,Critical,Corporate,2439597,41990,User Report,Resolved
CR07785,17-07-2025,Arunachal Pradesh,Naharlagun,Identity Theft,Medium,Government,2654007,2704,Organization,Open
CR07786,26-04-2025,Arunachal Pradesh,Naharlagun,Phishing,Low,Personal,2683012,7793,User Report,Investigating
CR07787,05-04-2026,Puducherry,Puducherry,Malware,High,Personal,404398,29922,Organization,Open
CR07788,10-03-2024,Jharkhand,Jamshedpur,Malware,Critical,Education,4392246,632,User Report,Investigating
CR07789,02-04-2024,Chhattisgarh,Bilaspur,Data Breach,Medium,Healthcare,2024728,4114,CERT-In,Investigating
CR07790,03-06-2026,Kerala,Kochi,Ransomware,High,Healthcare,4791767,26335,News,Open
CR07791,02-08-2025,Chhattisgarh,Raipur,Identity Theft,High,IT,4720580,11821,User Report,Investigating
CR07792,30-07-2026,Mizoram,Aizawl,Online Fraud,Medium,Government,2786319,30081,User Report,Resolved
CR07793,04-07-2024,Kerala,Kozhikode,Ransomware,Critical,Personal,330176,15385,User Report,Resolved
CR07794,04-05-2025,Assam,Guwahati,Ransomware,Low,Personal,2516231,43305,CERT-In,Investigating
CR07795,03-03-2025,Maharashtra,Pune,Data Breach,Medium,Corporate,2723222,29578,Organization,Open
CR07796,21-04-2024,Madhya Pradesh,Indore,Phishing,Medium,Personal,847342,18172,User Report,Investigating
CR07797,19-06-2025,Puducherry,Puducherry,Online Fraud,Low,E-commerce,3655494,47959,User Report,Investigating
CR07798,06-08-2025,Arunachal Pradesh,Itanagar,Malware,Critical,Corporate,4317783,35203,User Report,Resolved
CR07799,11-03-2025,Tamil Nadu,Madurai,Ransomware,High,Education,3606749,29854,Organization,Investigating
CR07800,11-01-2024,Meghalaya,Shillong,Malware,Medium,Banking,4187728,25140,User Report,Open
CR07801,10-09-2025,Andhra Pradesh,Vijayawada,Phishing,Critical,Personal,563179,21863,CERT-In,Investigating
CR07802,06-06-2024,Andhra Pradesh,Vijayawada,Data Breach,Low,Government,4666928,17438,Organization,Open
CR07803,20-09-2024,Arunachal Pradesh,Naharlagun,Malware,Low,IT,1482749,15202,Organization,Open
CR07804,14-01-2026,Goa,Margao,Identity Theft,Critical,IT,1462375,34198,Organization,Open
CR07805,31-05-2025,Assam,Guwahati,Malware,Low,Education,4933779,25000,User Report,Open
CR07806,21-12-2024,Gujarat,Surat,Ransomware,High,Healthcare,1490625,34664,User Report,Investigating
CR07807,19-03-2026,Jammu and Kashmir,Srinagar,Data Breach,Low,Banking,118167,38122,CERT-In,Resolved
CR07808,02-03-2024,Chhattisgarh,Raipur,Online Fraud,Low,Education,795528,49827,Organization,Open
CR07809,20-03-2026,Kerala,Kochi,Ransomware,High,Banking,2637141,12165,CERT-In,Open
CR07810,02-03-2024,Madhya Pradesh,Bhopal,Identity Theft,Medium,Banking,4691783,36013,Organization,Investigating
CR07811,09-02-2024,Goa,Margao,Identity Theft,High,Education,4005682,13938,CERT-In,Resolved
CR07812,04-02-2024,Meghalaya,Shillong,Ransomware,Low,IT,1425860,40043,User Report,Resolved
CR07813,10-02-2024,Manipur,Imphal,Phishing,Critical,E-commerce,2644167,1540,News,Open
CR07814,05-06-2025,Haryana,Faridabad,Online Fraud,Medium,Education,2115829,29151,CERT-In,Open
CR07815,31-03-2026,Arunachal Pradesh,Naharlagun,Phishing,Critical,Government,2166085,27875,Organization,Investigating
CR07816,06-07-2024,Delhi,New Delhi,Identity Theft,High,Government,4310682,31457,User Report,Investigating
CR07817,21-07-2024,Tripura,Agartala,Identity Theft,Low,Banking,2348041,344,CERT-In,Open
CR07818,27-07-2024,Maharashtra,Mumbai,Data Breach,Low,E-commerce,4298152,37367,Organization,Resolved
CR07819,12-10-2024,Assam,Guwahati,Malware,Critical,Government,3084227,37489,User Report,Investigating
CR07820,11-12-2025,Nagaland,Dimapur,Online Fraud,Critical,Corporate,2409978,407,Organization,Resolved
CR07821,04-02-2024,Chandigarh,Chandigarh,Malware,High,Corporate,1143502,42141,News,Open
CR07822,09-10-2025,Uttarakhand,Haridwar,Phishing,Low,E-commerce,1747904,27562,News,Open
CR07823,21-03-2024,Andhra Pradesh,Vijayawada,Ransomware,Critical,Personal,4501046,29934,User Report,Investigating
CR07824,30-05-2025,Haryana,Gurugram,Online Fraud,Medium,Healthcare,3248806,46908,User Report,Resolved
CR07825,06-07-2025,Jharkhand,Jamshedpur,Phishing,Medium,Healthcare,3051605,44863,User Report,Open
CR07826,23-05-2026,West Bengal,Durgapur,Data Breach,Medium,Banking,1052314,21026,CERT-In,Resolved
CR07827,31-03-2025,Gujarat,Vadodara,DDoS,High,Healthcare,4730573,3370,User Report,Open
CR07828,09-12-2024,Rajasthan,Udaipur,Malware,High,Government,939367,36630,User Report,Investigating
CR07829,06-10-2024,Andhra Pradesh,Visakhapatnam,DDoS,Medium,Healthcare,1037880,32849,User Report,Investigating
CR07830,07-04-2025,Tamil Nadu,Chennai,Identity Theft,Critical,Personal,4626962,32197,Organization,Investigating
CR07831,12-04-2026,Odisha,Bhubaneswar,DDoS,High,Healthcare,4045950,33462,User Report,Open
CR07832,08-05-2026,Himachal Pradesh,Dharamshala,Online Fraud,Critical,Personal,2147376,1318,CERT-In,Investigating
CR07833,12-05-2026,Arunachal Pradesh,Naharlagun,Identity Theft,Low,Personal,4257848,36225,News,Investigating
CR07834,01-02-2024,Jharkhand,Jamshedpur,Malware,Medium,IT,2449999,458,CERT-In,Investigating
CR07835,14-05-2025,Rajasthan,Jaipur,Malware,High,Healthcare,3677986,45956,News,Resolved
CR07836,04-02-2026,Andaman and Nicobar Islands,Port Blair,DDoS,Low,Banking,4526651,26086,User Report,Open
CR07837,31-01-2026,Chandigarh,Chandigarh,Phishing,High,Personal,3930727,25032,User Report,Resolved
CR07838,28-02-2026,Assam,Guwahati,Phishing,Medium,Corporate,1951668,34669,CERT-In,Open
CR07839,17-04-2025,Madhya Pradesh,Gwalior,Data Breach,High,E-commerce,1351038,21197,User Report,Resolved
CR07840,24-08-2025,Tripura,Agartala,DDoS,High,Healthcare,3750942,22643,CERT-In,Open
CR07841,29-07-2026,Jharkhand,Jamshedpur,Identity Theft,Low,Education,567952,37043,Organization,Resolved
CR07842,04-07-2025,Ladakh,Leh,Online Fraud,Medium,Government,2062934,42263,Organization,Open
CR07843,26-01-2024,Jharkhand,Jamshedpur,Online Fraud,High,Personal,2785346,4599,CERT-In,Investigating
CR07844,21-06-2024,Lakshadweep,Kavaratti,Identity Theft,High,Banking,3962098,1977,CERT-In,Investigating
CR07845,14-07-2026,Manipur,Imphal,Online Fraud,High,Corporate,3333982,46833,CERT-In,Resolved
CR07846,19-08-2025,Meghalaya,Shillong,Phishing,Low,IT,1810855,840,News,Resolved
CR07847,27-01-2026,Kerala,Kochi,Identity Theft,Medium,Government,4691184,36277,CERT-In,Open
CR07848,26-08-2024,Puducherry,Puducherry,Data Breach,Low,Government,1416936,35595,CERT-In,Resolved
CR07849,19-11-2024,Odisha,Cuttack,Online Fraud,Medium,Education,1703873,7969,CERT-In,Investigating
CR07850,04-03-2025,Uttar Pradesh,Varanasi,DDoS,Critical,Corporate,2053379,45266,User Report,Open
CR07851,17-06-2024,Uttarakhand,Dehradun,Ransomware,High,Banking,3885504,23709,User Report,Resolved
CR07852,27-07-2024,Nagaland,Dimapur,Data Breach,High,Healthcare,581386,44591,Organization,Investigating
CR07853,09-11-2024,Tamil Nadu,Coimbatore,Identity Theft,Low,Banking,165133,3364,Organization,Open
CR07854,06-05-2024,Delhi,New Delhi,Data Breach,High,Healthcare,2837061,33478,User Report,Open
CR07855,28-02-2025,Kerala,Thiruvananthapuram,Online Fraud,Low,Corporate,1424717,9971,CERT-In,Investigating
CR07856,23-06-2025,Sikkim,Gangtok,Online Fraud,High,Personal,2144122,44123,News,Investigating
CR07857,15-06-2026,Delhi,New Delhi,Ransomware,Low,Personal,1334108,31815,Organization,Open
CR07858,27-11-2024,Uttarakhand,Dehradun,Ransomware,Critical,Healthcare,694043,26084,News,Open
CR07859,22-01-2025,Mizoram,Aizawl,Online Fraud,Low,Banking,1093007,6936,CERT-In,Resolved
CR07860,05-10-2024,Madhya Pradesh,Gwalior,Ransomware,Medium,Banking,485700,2379,Organization,Open
CR07861,20-02-2026,Punjab,Chandigarh,Malware,Low,E-commerce,4888807,21287,CERT-In,Resolved
CR07862,25-01-2026,West Bengal,Siliguri,Identity Theft,Low,Banking,900368,34467,Organization,Resolved
CR07863,30-12-2025,Chandigarh,Chandigarh,Online Fraud,Low,Corporate,3382658,40153,News,Investigating
CR07864,09-05-2024,Andhra Pradesh,Guntur,Data Breach,Medium,Education,2565143,3230,CERT-In,Open
CR07865,13-07-2025,Jammu and Kashmir,Jammu,Malware,Critical,E-commerce,1875944,41107,Organization,Investigating
CR07866,12-06-2024,Tripura,Agartala,DDoS,High,E-commerce,1238698,45836,News,Investigating
CR07867,24-02-2026,Jammu and Kashmir,Srinagar,Ransomware,High,Education,4810522,15556,CERT-In,Investigating
CR07868,04-11-2024,Chhattisgarh,Raipur,Data Breach,Low,Healthcare,2904289,3442,User Report,Resolved
CR07869,25-06-2026,Assam,Silchar,DDoS,Critical,E-commerce,2762383,31697,News,Investigating
CR07870,19-03-2025,Uttarakhand,Dehradun,Ransomware,Medium,Banking,1254942,34637,News,Investigating
CR07871,03-03-2026,Andaman and Nicobar Islands,Port Blair,Online Fraud,Low,Government,680787,44638,CERT-In,Resolved
CR07872,08-03-2024,Goa,Panaji,Malware,Low,Education,416637,19956,Organization,Resolved
CR07873,24-09-2024,Odisha,Bhubaneswar,Identity Theft,Critical,Education,3157345,8706,Organization,Open
CR07874,07-01-2024,Bihar,Gaya,DDoS,Critical,Personal,4689315,22473,News,Resolved
CR07875,10-05-2024,Dadra and Nagar Haveli and Daman and Diu,Daman,Identity Theft,Critical,Personal,668142,41271,CERT-In,Investigating
CR07876,13-02-2024,Andaman and Nicobar Islands,Port Blair,Ransomware,High,E-commerce,2437020,22458,CERT-In,Resolved
CR07877,08-04-2026,Assam,Guwahati,Phishing,High,Banking,1111364,15915,Organization,Investigating
CR07878,07-03-2026,Gujarat,Rajkot,DDoS,High,Healthcare,4265218,15847,Organization,Open
CR07879,26-04-2026,Dadra and Nagar Haveli and Daman and Diu,Daman,Online Fraud,Low,Government,3607976,26915,News,Resolved
CR07880,16-07-2024,Tamil Nadu,Chennai,Ransomware,Medium,Banking,3700785,40830,News,Open
CR07881,11-04-2025,West Bengal,Kolkata,DDoS,High,Education,3159059,44043,News,Investigating
CR07882,24-04-2026,Telangana,Warangal,Data Breach,High,Banking,1346903,9686,User Report,Investigating
CR07883,13-10-2025,Sikkim,Gangtok,Data Breach,High,E-commerce,1884147,21954,CERT-In,Resolved
CR07884,13-01-2026,Himachal Pradesh,Dharamshala,DDoS,Low,Education,1864434,38485,Organization,Open
CR07885,15-05-2025,Chandigarh,Chandigarh,Phishing,Medium,Corporate,4364130,33251,News,Resolved
CR07886,22-10-2025,Assam,Silchar,Malware,Low,Government,4536163,1565,News,Open
CR07887,20-09-2025,Delhi,New Delhi,DDoS,Medium,Government,3038538,41920,User Report,Resolved
CR07888,14-03-2026,Andaman and Nicobar Islands,Port Blair,Identity Theft,Critical,Education,1234541,32314,CERT-In,Investigating
CR07889,05-12-2024,Gujarat,Vadodara,Phishing,Medium,Personal,2518952,38224,CERT-In,Open
CR07890,28-12-2024,Uttar Pradesh,Lucknow,Phishing,Low,Education,477103,13788,Organization,Resolved
CR07891,06-03-2024,Madhya Pradesh,Gwalior,Ransomware,Low,Personal,3913311,30847,Organization,Investigating
CR07892,03-11-2024,Tripura,Agartala,Online Fraud,Critical,Healthcare,253820,9270,User Report,Resolved
CR07893,29-06-2026,Arunachal Pradesh,Itanagar,Ransomware,High,Corporate,1769892,7233,CERT-In,Open
CR07894,02-04-2025,Gujarat,Ahmedabad,Malware,Critical,Education,1521694,43030,Organization,Open
CR07895,16-03-2025,Jammu and Kashmir,Srinagar,Online Fraud,High,Education,3694368,29276,Organization,Open
CR07896,05-09-2025,Gujarat,Ahmedabad,Phishing,Critical,Banking,3828126,9662,User Report,Open
CR07897,19-01-2026,Telangana,Warangal,Online Fraud,High,Government,1443349,1924,Organization,Resolved
CR07898,22-09-2025,Chandigarh,Chandigarh,Online Fraud,Low,E-commerce,2692287,41920,News,Resolved
CR07899,04-02-2024,Lakshadweep,Kavaratti,Identity Theft,Low,Personal,3772889,29947,Organization,Investigating
CR07900,03-07-2026,Kerala,Thiruvananthapuram,Data Breach,Medium,E-commerce,4130392,43759,User Report,Open
CR07901,16-03-2026,Odisha,Bhubaneswar,DDoS,Medium,Education,1145464,23882,News,Investigating
CR07902,11-12-2024,Tripura,Agartala,DDoS,Critical,Corporate,3771682,31696,News,Open
CR07903,01-06-2024,Chandigarh,Chandigarh,Online Fraud,High,Education,2271033,18510,Organization,Resolved
CR07904,23-11-2024,Haryana,Faridabad,Online Fraud,Low,Banking,2981068,47708,News,Resolved
CR07905,16-06-2026,Dadra and Nagar Haveli and Daman and Diu,Daman,Ransomware,Medium,Personal,3901548,38765,Organization,Open
CR07906,09-05-2026,Tamil Nadu,Madurai,Phishing,Low,IT,1172201,32175,Organization,Investigating
CR07907,14-11-2024,West Bengal,Kolkata,Malware,Medium,E-commerce,4178860,27991,CERT-In,Investigating
CR07908,23-05-2025,Sikkim,Gangtok,Data Breach,Critical,E-commerce,2694476,36386,User Report,Investigating
CR07909,26-01-2026,Madhya Pradesh,Gwalior,Identity Theft,Low,Education,1043156,27350,News,Resolved
CR07910,07-01-2024,Manipur,Imphal,DDoS,Low,Personal,3353980,38295,News,Open
CR07911,03-02-2024,Arunachal Pradesh,Itanagar,Ransomware,High,E-commerce,3209597,27306,CERT-In,Investigating
CR07912,07-07-2024,Mizoram,Aizawl,Phishing,Medium,Corporate,1637503,41178,User Report,Investigating
CR07913,21-02-2025,Tamil Nadu,Madurai,Online Fraud,High,Personal,4875476,6853,Organization,Resolved
CR07914,22-09-2024,Sikkim,Gangtok,Malware,Low,Corporate,4526678,36190,User Report,Investigating
CR07915,12-03-2026,Odisha,Cuttack,Phishing,High,Corporate,826742,6929,CERT-In,Resolved
CR07916,13-12-2024,Uttarakhand,Haridwar,DDoS,Low,Education,3096432,42052,Organization,Investigating
CR07917,20-11-2024,Puducherry,Puducherry,Identity Theft,Critical,IT,2030603,43281,User Report,Open
CR07918,21-02-2024,Puducherry,Puducherry,Online Fraud,Low,E-commerce,313192,47028,User Report,Open
CR07919,12-09-2025,Andhra Pradesh,Guntur,Identity Theft,High,IT,4815531,21540,News,Resolved
CR07920,15-05-2024,Manipur,Imphal,Online Fraud,Critical,Healthcare,3256555,34932,News,Resolved
CR07921,03-06-2024,Uttar Pradesh,Varanasi,Data Breach,Low,E-commerce,2026668,13514,News,Resolved
CR07922,07-11-2025,Mizoram,Aizawl,Ransomware,Medium,Banking,649432,17480,News,Resolved
CR07923,10-11-2025,Telangana,Hyderabad,DDoS,Medium,Corporate,29096,44607,News,Resolved
CR07924,08-04-2024,Andhra Pradesh,Visakhapatnam,Identity Theft,Medium,Corporate,929775,16702,Organization,Resolved
CR07925,24-06-2025,Karnataka,Mysuru,Online Fraud,Critical,Corporate,1543199,15900,News,Open
CR07926,22-06-2024,Madhya Pradesh,Gwalior,Phishing,Medium,Personal,295673,4485,Organization,Open
CR07927,11-03-2025,Manipur,Imphal,Malware,Low,Education,2205380,47857,User Report,Investigating
CR07928,04-08-2024,Uttarakhand,Dehradun,Ransomware,Low,Healthcare,3951538,7231,Organization,Resolved
CR07929,09-12-2024,Tamil Nadu,Madurai,Online Fraud,High,E-commerce,2228842,7314,User Report,Investigating
CR07930,22-02-2024,Andaman and Nicobar Islands,Port Blair,Data Breach,Critical,Healthcare,3133142,4727,CERT-In,Open
CR07931,28-04-2026,Arunachal Pradesh,Naharlagun,Phishing,Critical,Education,2254187,39944,News,Resolved
CR07932,13-03-2025,Uttarakhand,Haridwar,Online Fraud,Medium,IT,3375030,20155,User Report,Investigating
CR07933,05-01-2025,Punjab,Amritsar,Online Fraud,High,Government,3418295,38142,Organization,Resolved
CR07934,05-08-2024,Ladakh,Leh,Identity Theft,Medium,Corporate,2084838,37897,User Report,Investigating
CR07935,08-07-2025,Haryana,Faridabad,Ransomware,Low,Banking,2882798,45355,Organization,Resolved
CR07936,03-06-2026,Chhattisgarh,Bilaspur,Malware,Low,Government,751701,39867,News,Resolved
CR07937,08-10-2025,Himachal Pradesh,Dharamshala,Identity Theft,Low,IT,2167907,14263,User Report,Open
CR07938,18-07-2025,Delhi,New Delhi,Ransomware,Critical,Healthcare,2419649,1034,User Report,Open
CR07939,15-02-2024,Uttarakhand,Haridwar,Data Breach,Medium,E-commerce,4093270,16827,News,Investigating
CR07940,27-02-2026,Chhattisgarh,Raipur,DDoS,Low,Personal,1861252,29603,Organization,Investigating
CR07941,14-10-2025,Haryana,Gurugram,Identity Theft,Critical,Education,565946,5606,News,Open
CR07942,02-05-2025,Ladakh,Leh,Data Breach,Low,Government,3755301,36741,News,Investigating
CR07943,19-10-2024,Jharkhand,Jamshedpur,Phishing,Low,IT,1302985,20995,CERT-In,Open
CR07944,06-01-2025,Uttar Pradesh,Noida,Malware,Critical,Banking,3754935,19387,User Report,Investigating
CR07945,04-02-2024,Chhattisgarh,Bilaspur,Online Fraud,Critical,Corporate,2491142,41388,CERT-In,Investigating
CR07946,22-05-2025,Goa,Margao,Data Breach,High,Banking,4632163,3021,CERT-In,Open
CR07947,01-07-2025,Gujarat,Surat,Malware,High,Corporate,375421,34626,News,Investigating
CR07948,31-03-2025,Gujarat,Vadodara,Ransomware,Critical,Government,4029885,9490,CERT-In,Open
CR07949,09-06-2024,Meghalaya,Shillong,Ransomware,Low,Education,3871746,18376,CERT-In,Resolved
CR07950,20-10-2025,Madhya Pradesh,Bhopal,Phishing,Low,E-commerce,4691772,17100,News,Resolved
CR07951,20-06-2024,Jharkhand,Ranchi,Malware,Critical,Government,2836134,26663,User Report,Investigating
CR07952,02-04-2025,Lakshadweep,Kavaratti,Data Breach,Low,Healthcare,598068,18135,News,Investigating
CR07953,28-03-2026,Maharashtra,Nashik,Data Breach,Critical,Corporate,4480538,4963,CERT-In,Open
CR07954,07-02-2025,Sikkim,Gangtok,Data Breach,Critical,Healthcare,2705777,46287,User Report,Open
CR07955,23-08-2024,Sikkim,Gangtok,Data Breach,Low,E-commerce,1386812,12418,CERT-In,Investigating
CR07956,26-06-2025,Kerala,Thiruvananthapuram,Identity Theft,Medium,Personal,1690228,38135,CERT-In,Open
CR07957,21-05-2024,Sikkim,Gangtok,Phishing,Critical,IT,3182296,43425,User Report,Resolved
CR07958,06-12-2025,Bihar,Muzaffarpur,Malware,Low,Government,1020758,2936,News,Open
CR07959,20-03-2024,Uttarakhand,Haridwar,Ransomware,High,Banking,620412,18153,News,Open
CR07960,21-10-2024,Sikkim,Gangtok,Ransomware,Medium,Healthcare,2408992,33886,News,Open
CR07961,21-09-2025,Haryana,Faridabad,Malware,Critical,Corporate,911546,35876,CERT-In,Resolved
CR07962,11-03-2024,Puducherry,Puducherry,Malware,Low,Personal,106270,593,User Report,Investigating
CR07963,04-08-2024,Uttar Pradesh,Noida,Data Breach,Low,IT,2263606,34503,News,Open
CR07964,12-06-2024,Tripura,Agartala,DDoS,Low,E-commerce,3592234,41037,User Report,Open
CR07965,27-05-2024,Odisha,Cuttack,Data Breach,Low,IT,414034,26362,Organization,Resolved
CR07966,06-06-2026,Dadra and Nagar Haveli and Daman and Diu,Silvassa,Online Fraud,Critical,E-commerce,2975841,48982,CERT-In,Open
CR07967,29-06-2026,Gujarat,Vadodara,Data Breach,Medium,Banking,2551766,13879,News,Resolved
CR07968,26-05-2025,Karnataka,Mysuru,DDoS,Low,IT,980354,44860,News,Resolved
CR07969,30-04-2024,Madhya Pradesh,Indore,DDoS,Medium,Healthcare,2365788,24247,News,Open
CR07970,03-04-2026,West Bengal,Siliguri,Ransomware,Medium,Corporate,1209848,10420,News,Resolved
CR07971,27-12-2024,West Bengal,Kolkata,Identity Theft,Critical,Corporate,3162561,40502,User Report,Investigating
CR07972,16-03-2025,Assam,Dibrugarh,Ransomware,High,Healthcare,1465698,42213,User Report,Resolved
CR07973,29-05-2026,Andaman and Nicobar Islands,Port Blair,Malware,Low,Corporate,4286256,25407,CERT-In,Open
CR07974,27-04-2025,Rajasthan,Jaipur,Malware,Medium,Education,3026202,24925,Organization,Resolved
CR07975,02-08-2025,Chhattisgarh,Bilaspur,Identity Theft,Medium,Education,43962,15651,User Report,Resolved
CR07976,22-04-2026,Lakshadweep,Kavaratti,DDoS,Critical,Banking,1440752,23697,User Report,Resolved
CR07977,10-04-2024,Gujarat,Rajkot,Ransomware,Low,Personal,2186908,38488,Organization,Investigating
CR07978,15-06-2026,Puducherry,Puducherry,Identity Theft,Medium,Personal,1598310,10832,User Report,Investigating
CR07979,11-07-2024,Jammu and Kashmir,Srinagar,Malware,High,Education,4102176,26742,CERT-In,Open
CR07980,13-09-2024,Meghalaya,Shillong,Malware,Critical,Banking,257133,45193,Organization,Open
CR07981,22-10-2025,Uttar Pradesh,Kanpur,Ransomware,Low,Corporate,2130644,21461,CERT-In,Investigating
CR07982,24-02-2025,Assam,Silchar,Data Breach,Low,E-commerce,2019644,36124,News,Open
CR07983,29-02-2024,Manipur,Imphal,Malware,Low,E-commerce,3870617,16923,User Report,Resolved
CR07984,09-10-2024,Nagaland,Dimapur,Data Breach,Critical,E-commerce,2137723,39341,Organization,Resolved
CR07985,10-04-2024,Tamil Nadu,Madurai,Malware,Critical,IT,4858836,23334,CERT-In,Investigating
CR07986,26-07-2024,Nagaland,Dimapur,Data Breach,Critical,Education,4019301,28043,Organization,Resolved
CR07987,06-05-2026,Chhattisgarh,Raipur,Identity Theft,Medium,Personal,4644023,24751,News,Investigating
CR07988,10-12-2025,Meghalaya,Shillong,Data Breach,Critical,Healthcare,4772808,35612,News,Investigating
CR07989,24-02-2025,Tripura,Agartala,Online Fraud,Low,Corporate,4097000,3646,News,Investigating
CR07990,01-05-2026,Kerala,Kozhikode,Data Breach,High,Corporate,2814664,28228,User Report,Investigating
CR07991,10-05-2025,Himachal Pradesh,Dharamshala,Malware,Medium,Corporate,1116782,22156,User Report,Open
CR07992,05-04-2025,Madhya Pradesh,Bhopal,Data Breach,Critical,Banking,3610311,21008,User Report,Resolved
CR07993,24-09-2025,Telangana,Warangal,Data Breach,Medium,E-commerce,603638,39006,User Report,Investigating
CR07994,11-08-2025,Andaman and Nicobar Islands,Port Blair,Phishing,Critical,Education,3033185,36852,News,Investigating
CR07995,17-06-2024,Mizoram,Aizawl,Ransomware,Low,Personal,2692077,5838,CERT-In,Resolved
CR07996,01-08-2024,Gujarat,Vadodara,Data Breach,Critical,IT,4805351,25237,CERT-In,Resolved
CR07997,23-07-2026,Odisha,Cuttack,Data Breach,Medium,IT,2160638,34549,News,Open
CR07998,16-04-2024,Andaman and Nicobar Islands,Port Blair,Ransomware,Low,IT,242634,17641,News,Open
CR07999,26-05-2026,Odisha,Cuttack,Ransomware,Medium,Education,537518,30670,User Report,Investigating
CR08000,31-10-2024,Chhattisgarh,Raipur,Data Breach,High,Government,3295694,31934,CERT-In,Resolved
CR08001,25-01-2024,Madhya Pradesh,Bhopal,Ransomware,Critical,Education,3449226,16239,Organization,Resolved
CR08002,16-05-2026,Uttar Pradesh,Noida,Data Breach,Medium,Personal,4969968,41826,User Report,Investigating
CR08003,08-03-2025,West Bengal,Durgapur,Phishing,Critical,E-commerce,3554210,33276,User Report,Investigating
CR08004,21-05-2026,Chhattisgarh,Bilaspur,Data Breach,Medium,Government,3973299,7519,News,Resolved
CR08005,09-11-2024,Andaman and Nicobar Islands,Port Blair,Identity Theft,Medium,E-commerce,1196613,25282,News,Resolved
CR08006,09-10-2024,Lakshadweep,Kavaratti,Phishing,Low,E-commerce,4593305,5982,CERT-In,Open
CR08007,12-02-2026,Chhattisgarh,Bilaspur,Online Fraud,Low,Education,589491,41075,CERT-In,Investigating
CR08008,29-01-2025,Tamil Nadu,Coimbatore,DDoS,Medium,Banking,2805507,34145,User Report,Open
CR08009,13-05-2025,Tamil Nadu,Coimbatore,Ransomware,High,Banking,1965766,20297,User Report,Investigating
CR08010,09-01-2026,Lakshadweep,Kavaratti,Data Breach,Low,Banking,4433678,22320,Organization,Investigating
CR08011,13-10-2025,Haryana,Gurugram,Data Breach,Critical,Education,4686362,804,User Report,Open
CR08012,20-03-2026,Haryana,Gurugram,Malware,Low,Corporate,2441550,35370,CERT-In,Open
CR08013,09-04-2026,Jharkhand,Jamshedpur,Malware,High,Personal,2839998,8359,Organization,Resolved
CR08014,14-04-2026,Bihar,Patna,Phishing,Medium,IT,1723331,49145,CERT-In,Resolved
CR08015,15-02-2026,Meghalaya,Shillong,Data Breach,Medium,Government,738778,30951,CERT-In,Open
CR08016,05-10-2025,Puducherry,Puducherry,Identity Theft,High,Education,3207969,15455,Organization,Investigating
CR08017,23-07-2025,Gujarat,Ahmedabad,DDoS,Critical,Education,3003589,39093,Organization,Resolved
CR08018,12-02-2024,Bihar,Patna,Data Breach,Critical,Banking,4236500,11270,CERT-In,Open
CR08019,04-02-2024,Sikkim,Gangtok,Data Breach,Critical,Government,2678442,49089,User Report,Resolved
CR08020,03-07-2026,Uttar Pradesh,Kanpur,Malware,Medium,E-commerce,2142970,34519,User Report,Resolved
CR08021,23-11-2024,Odisha,Cuttack,Online Fraud,Low,Healthcare,1208264,43679,Organization,Open
CR08022,17-01-2026,Assam,Dibrugarh,Online Fraud,High,Healthcare,2672238,19323,User Report,Open
CR08023,26-01-2026,Kerala,Thiruvananthapuram,Malware,Medium,E-commerce,4613660,40200,Organization,Resolved
CR08024,01-10-2025,Meghalaya,Shillong,Identity Theft,Critical,Education,2640239,11982,CERT-In,Resolved
CR08025,18-07-2025,Karnataka,Mysuru,Ransomware,Medium,IT,1923146,23632,User Report,Open
CR08026,26-09-2025,Gujarat,Rajkot,Data Breach,High,Education,1461185,49963,User Report,Open
CR08027,05-09-2024,Mizoram,Aizawl,Phishing,Low,Personal,4076494,19590,CERT-In,Resolved
CR08028,30-10-2025,Gujarat,Surat,Identity Theft,Critical,Corporate,1394309,48194,Organization,Resolved
CR08029,06-10-2025,Manipur,Imphal,Ransomware,Low,Banking,552459,45107,CERT-In,Investigating
CR08030,07-08-2025,Punjab,Amritsar,Malware,Critical,Government,968149,45341,Organization,Investigating
CR08031,06-03-2026,Madhya Pradesh,Bhopal,Online Fraud,Medium,E-commerce,2320999,147,Organization,Resolved
CR08032,04-12-2024,Uttar Pradesh,Varanasi,Malware,Critical,Personal,2784642,46026,User Report,Open
CR08033,06-01-2025,Karnataka,Bengaluru,Phishing,Low,Banking,4981083,539,News,Resolved
CR08034,30-03-2025,Karnataka,Mangaluru,Ransomware,High,Banking,3330423,14788,CERT-In,Resolved
CR08035,17-09-2025,Goa,Margao,Online Fraud,High,E-commerce,4376254,12820,CERT-In,Resolved
CR08036,28-08-2025,Bihar,Gaya,Identity Theft,Low,Banking,3944294,5646,Organization,Investigating
CR08037,18-08-2024,Arunachal Pradesh,Naharlagun,Phishing,Low,Government,4615695,4758,News,Open
CR08038,22-11-2024,Jammu and Kashmir,Jammu,Identity Theft,Medium,Banking,2882240,45440,Organization,Investigating
CR08039,06-07-2025,Mizoram,Aizawl,Data Breach,Medium,E-commerce,3180386,13312,News,Open
CR08040,06-09-2025,Gujarat,Surat,Phishing,Low,Healthcare,2415432,16276,Organization,Open
CR08041,27-05-2025,Assam,Dibrugarh,Data Breach,Critical,Education,4420483,37614,User Report,Investigating
CR08042,15-05-2025,Telangana,Hyderabad,Ransomware,Medium,IT,2964497,9990,News,Open
CR08043,07-08-2025,Odisha,Cuttack,Ransomware,Low,E-commerce,4408974,15514,User Report,Investigating
CR08044,11-03-2024,Madhya Pradesh,Bhopal,Identity Theft,Low,Education,1609680,40961,CERT-In,Open
CR08045,28-03-2024,Uttarakhand,Dehradun,Online Fraud,Critical,Government,1058311,3180,News,Resolved
CR08046,24-10-2024,Lakshadweep,Kavaratti,Malware,High,Corporate,1274764,30950,User Report,Investigating
CR08047,11-08-2025,Chandigarh,Chandigarh,DDoS,High,Healthcare,1340963,23585,CERT-In,Investigating
CR08048,05-07-2025,Andhra Pradesh,Visakhapatnam,Ransomware,Critical,Education,2404913,26545,User Report,Open
CR08049,21-08-2025,Tripura,Agartala,DDoS,Low,Education,2883204,43918,Organization,Open
CR08050,31-05-2024,Assam,Silchar,Malware,Critical,Government,1909641,17615,Organization,Resolved
CR08051,26-10-2025,Goa,Panaji,Data Breach,High,Government,3591171,45015,User Report,Investigating
CR08052,06-05-2026,Rajasthan,Jodhpur,Data Breach,Medium,Corporate,1377037,23739,User Report,Open
CR08053,06-12-2025,Tripura,Agartala,Ransomware,High,Government,4457655,15826,News,Investigating
CR08054,08-05-2025,Maharashtra,Nashik,Ransomware,High,IT,4805490,41713,Organization,Investigating
CR08055,31-03-2025,Manipur,Imphal,Malware,Critical,IT,3286267,14894,Organization,Open
CR08056,20-10-2025,Arunachal Pradesh,Itanagar,Phishing,Low,IT,4883244,43624,News,Investigating
CR08057,26-04-2026,Assam,Dibrugarh,Malware,High,Personal,415250,29418,News,Open
CR08058,27-04-2025,Goa,Margao,Phishing,Medium,Education,1494563,18140,CERT-In,Resolved
CR08059,21-11-2024,Arunachal Pradesh,Naharlagun,Ransomware,Medium,Government,528036,18140,User Report,Open
CR08060,17-09-2024,Mizoram,Aizawl,Online Fraud,High,Banking,1983944,41261,Organization,Open
CR08061,12-06-2026,Himachal Pradesh,Dharamshala,Phishing,High,Banking,4758041,48069,Organization,Open
CR08062,15-12-2024,Tripura,Agartala,Data Breach,High,Education,4763341,32129,News,Investigating
CR08063,16-01-2024,Nagaland,Kohima,DDoS,High,E-commerce,510135,44553,CERT-In,Open
CR08064,21-04-2025,Lakshadweep,Kavaratti,Identity Theft,Low,Personal,2757954,19318,Organization,Investigating
CR08065,26-03-2024,Rajasthan,Jodhpur,Phishing,Low,IT,1152433,49098,User Report,Resolved
CR08066,27-01-2025,Telangana,Hyderabad,Data Breach,High,Banking,4333450,6337,News,Resolved
CR08067,17-11-2025,Meghalaya,Shillong,Ransomware,High,E-commerce,3010802,29168,News,Resolved
CR08068,07-04-2024,Odisha,Bhubaneswar,Malware,Critical,Banking,2628863,11461,CERT-In,Resolved
CR08069,12-11-2025,Tripura,Agartala,Data Breach,Low,Personal,3433254,35876,User Report,Investigating
CR08070,10-04-2024,Uttarakhand,Dehradun,Phishing,High,Banking,3284795,41158,News,Open
CR08071,17-04-2025,Maharashtra,Pune,Phishing,Low,Government,110224,22556,News,Resolved
CR08072,22-01-2025,Gujarat,Ahmedabad,Identity Theft,High,Personal,228300,22372,CERT-In,Resolved
CR08073,14-10-2025,Andaman and Nicobar Islands,Port Blair,Identity Theft,Critical,Personal,8915,32208,Organization,Investigating
CR08074,08-04-2024,Maharashtra,Nashik,Data Breach,Medium,Banking,1249949,24128,Organization,Investigating
CR08075,16-10-2025,Tripura,Agartala,DDoS,Critical,E-commerce,2592885,9997,User Report,Investigating
CR08076,24-02-2025,Maharashtra,Pune,Ransomware,High,Personal,4551108,43809,CERT-In,Resolved
CR08077,29-07-2024,Chhattisgarh,Bilaspur,Malware,High,E-commerce,452322,23803,User Report,Investigating
CR08078,28-02-2024,Kerala,Kochi,Identity Theft,Low,Personal,110242,33852,User Report,Investigating
CR08079,10-03-2026,West Bengal,Durgapur,DDoS,Low,Banking,150303,33264,News,Investigating
CR08080,17-04-2024,Telangana,Hyderabad,Online Fraud,Medium,E-commerce,3655938,22813,Organization,Investigating
CR08081,09-01-2025,Arunachal Pradesh,Itanagar,Ransomware,Medium,Banking,1660837,25748,News,Open
CR08082,29-05-2025,Bihar,Patna,Malware,High,Banking,400529,1941,User Report,Resolved
CR08083,19-04-2024,Uttarakhand,Haridwar,Ransomware,Critical,Government,3800601,39202,User Report,Open
CR08084,30-09-2024,Chandigarh,Chandigarh,Ransomware,Low,Healthcare,849131,40074,CERT-In,Resolved
CR08085,27-03-2025,Meghalaya,Shillong,DDoS,High,E-commerce,4231575,40856,Organization,Investigating
CR08086,05-11-2025,Gujarat,Surat,Data Breach,Medium,Government,300825,35799,CERT-In,Resolved
CR08087,05-02-2024,Lakshadweep,Kavaratti,Ransomware,Medium,Education,1507817,40123,CERT-In,Resolved
CR08088,18-04-2026,Lakshadweep,Kavaratti,Identity Theft,Low,IT,1659076,1079,News,Open
CR08089,16-06-2025,Haryana,Gurugram,Ransomware,Critical,Education,1690681,43023,User Report,Open
CR08090,19-08-2024,Madhya Pradesh,Indore,Malware,Low,IT,3647768,6098,Organization,Resolved
CR08091,04-09-2024,Manipur,Imphal,DDoS,Medium,E-commerce,1265798,10275,Organization,Resolved
CR08092,15-08-2025,Maharashtra,Nagpur,Data Breach,Low,E-commerce,425329,10743,CERT-In,Resolved
CR08093,15-01-2025,Nagaland,Dimapur,DDoS,High,Healthcare,3739996,36023,Organization,Resolved
CR08094,27-01-2026,Jharkhand,Ranchi,Ransomware,High,Education,62657,37075,CERT-In,Investigating
CR08095,24-03-2025,Telangana,Hyderabad,Ransomware,Medium,Healthcare,3646170,1638,News,Investigating
CR08096,20-09-2025,Tamil Nadu,Chennai,Data Breach,High,IT,1615786,38786,News,Investigating
CR08097,07-03-2026,Jammu and Kashmir,Jammu,Identity Theft,High,Healthcare,1765267,5396,Organization,Open
CR08098,17-07-2024,Mizoram,Aizawl,Phishing,High,Corporate,1387518,20339,CERT-In,Resolved
CR08099,19-11-2024,Karnataka,Mangaluru,Data Breach,Critical,Banking,775194,6538,Organization,Investigating
CR08100,12-07-2024,Arunachal Pradesh,Itanagar,Ransomware,Critical,Education,789864,37224,Organization,Investigating
CR08101,13-04-2025,Kerala,Kozhikode,Ransomware,Medium,Healthcare,4304450,24499,News,Resolved
CR08102,26-06-2026,Sikkim,Gangtok,Ransomware,Medium,Corporate,2245385,46966,User Report,Resolved
CR08103,22-06-2026,Haryana,Gurugram,Online Fraud,Low,E-commerce,3656031,23910,User Report,Investigating
CR08104,19-04-2024,Uttar Pradesh,Noida,Ransomware,Medium,Personal,3659722,25848,Organization,Resolved
CR08105,20-03-2025,Goa,Panaji,Phishing,High,Education,2792029,35496,CERT-In,Resolved
CR08106,19-08-2025,Manipur,Imphal,Identity Theft,Medium,Education,2229254,32971,User Report,Investigating
CR08107,24-12-2024,Puducherry,Puducherry,Data Breach,Low,Healthcare,955893,4255,CERT-In,Resolved
CR08108,21-02-2025,Chhattisgarh,Raipur,Malware,High,Banking,3171887,40179,User Report,Open
CR08109,04-09-2024,Himachal Pradesh,Dharamshala,Ransomware,Medium,E-commerce,2924778,45937,CERT-In,Open
CR08110,06-04-2025,Sikkim,Gangtok,Ransomware,High,Banking,399161,21938,CERT-In,Open
CR08111,13-05-2026,West Bengal,Kolkata,DDoS,Low,E-commerce,2298648,3692,News,Investigating
CR08112,07-11-2025,Nagaland,Dimapur,Malware,Critical,Corporate,3752961,30546,CERT-In,Open
CR08113,20-01-2026,Gujarat,Rajkot,Identity Theft,Medium,Corporate,1142663,17130,News,Investigating
CR08114,20-12-2024,Chandigarh,Chandigarh,Data Breach,Critical,Government,2454241,38000,CERT-In,Resolved
CR08115,21-10-2025,Haryana,Gurugram,Data Breach,Low,Personal,3955761,4385,Organization,Investigating
CR08116,18-07-2026,Tamil Nadu,Coimbatore,Malware,Critical,Personal,2367381,34096,User Report,Open
CR08117,12-11-2024,Goa,Panaji,Ransomware,Low,Corporate,4898921,36471,Organization,Open
CR08118,04-03-2025,Delhi,New Delhi,Online Fraud,Medium,Personal,4249264,44057,CERT-In,Resolved
CR08119,17-02-2024,Uttarakhand,Dehradun,Online Fraud,Low,Education,2060281,37850,User Report,Open
CR08120,22-09-2025,Chandigarh,Chandigarh,DDoS,Low,Personal,2506034,23155,CERT-In,Investigating
CR08121,24-02-2025,Delhi,New Delhi,DDoS,Medium,Healthcare,419978,5606,Organization,Resolved
CR08122,19-12-2025,Andhra Pradesh,Vijayawada,Phishing,Low,Personal,3526437,19250,Organization,Open
CR08123,04-09-2025,Manipur,Imphal,Ransomware,Critical,Healthcare,890466,27550,CERT-In,Open
CR08124,24-04-2026,Rajasthan,Jaipur,DDoS,High,IT,115954,9388,News,Investigating
CR08125,15-03-2026,Andaman and Nicobar Islands,Port Blair,Online Fraud,Low,Education,3559014,41055,Organization,Open
CR08126,19-04-2025,Dadra and Nagar Haveli and Daman and Diu,Silvassa,DDoS,Critical,Healthcare,4295786,28312,Organization,Open
CR08127,13-12-2025,Telangana,Hyderabad,DDoS,Critical,Healthcare,326413,11019,Organization,Investigating
CR08128,18-07-2025,Assam,Silchar,Online Fraud,Medium,E-commerce,3719867,14949,News,Resolved
CR08129,29-07-2024,Lakshadweep,Kavaratti,Ransomware,Critical,IT,4829418,14023,Organization,Open
CR08130,27-01-2026,Manipur,Imphal,Ransomware,Medium,Corporate,875423,33269,News,Resolved
CR08131,14-12-2024,Manipur,Imphal,Identity Theft,High,E-commerce,4804620,18288,Organization,Open
CR08132,21-04-2024,Chandigarh,Chandigarh,Phishing,Critical,IT,3213307,11094,CERT-In,Open
CR08133,24-08-2025,Assam,Guwahati,Data Breach,High,E-commerce,1670435,21554,Organization,Open
CR08134,05-02-2025,Odisha,Cuttack,Data Breach,Low,Personal,4892141,13677,Organization,Resolved
CR08135,14-08-2025,Ladakh,Leh,DDoS,High,Corporate,4569269,41325,User Report,Resolved
CR08136,02-02-2026,Chhattisgarh,Bilaspur,Ransomware,Critical,Corporate,3130992,45279,Organization,Investigating
CR08137,05-12-2024,Karnataka,Mangaluru,Identity Theft,Critical,Personal,172483,21470,Organization,Resolved
CR08138,26-11-2025,Karnataka,Bengaluru,Ransomware,Medium,Government,997638,2948,Organization,Open
CR08139,09-03-2026,Kerala,Kozhikode,DDoS,Low,Corporate,3454611,28959,CERT-In,Open
CR08140,11-08-2024,Bihar,Muzaffarpur,Identity Theft,High,Healthcare,2679291,12031,CERT-In,Open
CR08141,07-12-2024,Odisha,Cuttack,Phishing,Medium,Corporate,336247,18965,CERT-In,Resolved
CR08142,22-03-2024,Maharashtra,Mumbai,Identity Theft,High,Government,4831224,29289,User Report,Open
CR08143,26-06-2026,Punjab,Chandigarh,Malware,Medium,Government,3159291,36680,CERT-In,Resolved
CR08144,26-01-2024,Assam,Guwahati,Online Fraud,Low,E-commerce,4361484,28875,News,Open
CR08145,08-01-2025,Goa,Margao,Ransomware,Low,Government,747244,30964,Organization,Resolved
CR08146,06-03-2024,Jammu and Kashmir,Jammu,DDoS,Critical,Banking,2861424,17611,Organization,Investigating
CR08147,06-05-2024,Assam,Guwahati,Ransomware,Critical,E-commerce,3612793,37505,CERT-In,Resolved
CR08148,05-09-2025,Odisha,Bhubaneswar,Identity Theft,Medium,IT,3297799,23969,Organization,Resolved
CR08149,19-01-2024,Punjab,Chandigarh,Online Fraud,Critical,Personal,4466361,33709,CERT-In,Resolved
CR08150,13-01-2026,Assam,Silchar,Online Fraud,Low,E-commerce,3817286,48046,CERT-In,Open
CR08151,04-02-2026,Lakshadweep,Kavaratti,Ransomware,Low,IT,1272603,37829,CERT-In,Open
CR08152,24-05-2024,Sikkim,Gangtok,Data Breach,Critical,Banking,1122784,21885,Organization,Open
CR08153,18-07-2025,Arunachal Pradesh,Itanagar,Malware,Critical,IT,2726138,15321,CERT-In,Investigating
CR08154,26-05-2024,Tamil Nadu,Chennai,DDoS,Medium,Personal,2310497,34412,News,Resolved
CR08155,08-12-2024,Andhra Pradesh,Visakhapatnam,Identity Theft,High,IT,1704488,1396,News,Resolved
CR08156,06-07-2025,Punjab,Amritsar,Identity Theft,High,E-commerce,2430275,38206,CERT-In,Investigating
CR08157,07-12-2025,Assam,Guwahati,Identity Theft,Medium,Corporate,828202,2228,Organization,Resolved
CR08158,17-04-2026,Andaman and Nicobar Islands,Port Blair,Identity Theft,Medium,IT,4064334,43474,CERT-In,Investigating
CR08159,24-02-2024,Maharashtra,Nagpur,Data Breach,High,IT,3681132,17327,News,Investigating
CR08160,10-09-2024,Gujarat,Vadodara,Malware,High,Education,4158653,5172,News,Open
CR08161,02-12-2024,Chandigarh,Chandigarh,Malware,Medium,Banking,886439,29709,News,Resolved
CR08162,08-05-2026,Manipur,Imphal,Phishing,High,IT,3209051,18765,User Report,Open
CR08163,15-07-2026,Gujarat,Ahmedabad,Phishing,Medium,Corporate,329529,35248,User Report,Resolved
CR08164,07-02-2025,Jammu and Kashmir,Jammu,Malware,Medium,IT,1094669,20226,Organization,Open
CR08165,25-05-2025,Andhra Pradesh,Visakhapatnam,Identity Theft,Medium,Personal,505269,18813,News,Resolved
CR08166,30-01-2026,Andaman and Nicobar Islands,Port Blair,Malware,Medium,Corporate,3709078,22177,News,Resolved
CR08167,11-10-2024,Uttarakhand,Dehradun,Ransomware,Low,Personal,3801982,6803,CERT-In,Resolved
CR08168,25-07-2026,Sikkim,Gangtok,Identity Theft,Low,E-commerce,5508,4560,Organization,Open
CR08169,15-08-2024,Sikkim,Gangtok,Phishing,Low,Education,1020704,2725,News,Investigating
CR08170,27-03-2026,Andhra Pradesh,Vijayawada,Online Fraud,Medium,Education,4830524,39456,Organization,Investigating
CR08171,04-07-2025,Jharkhand,Ranchi,DDoS,Low,Government,1658635,28119,News,Investigating
CR08172,18-08-2024,Mizoram,Aizawl,Online Fraud,Critical,IT,4797996,37662,News,Resolved
CR08173,15-08-2024,Mizoram,Aizawl,Ransomware,High,Education,3338651,49658,User Report,Resolved
CR08174,10-06-2025,Bihar,Muzaffarpur,Online Fraud,Low,Banking,1689902,41381,News,Resolved
CR08175,01-06-2024,Delhi,New Delhi,Data Breach,Low,Healthcare,3767858,23651,News,Investigating
CR08176,22-11-2025,Madhya Pradesh,Bhopal,Data Breach,Low,Education,1014677,27679,CERT-In,Resolved
CR08177,17-10-2025,West Bengal,Siliguri,DDoS,High,Education,4046298,5002,CERT-In,Open
CR08178,04-03-2025,Chhattisgarh,Raipur,Ransomware,Low,Corporate,794364,7409,CERT-In,Investigating
CR08179,26-06-2025,Karnataka,Mysuru,Ransomware,Medium,Education,3264747,37918,News,Resolved
CR08180,21-12-2025,Sikkim,Gangtok,Identity Theft,Medium,Healthcare,3329695,28788,News,Investigating
CR08181,08-04-2025,Rajasthan,Udaipur,Malware,Critical,Education,1246301,12633,Organization,Open
CR08182,13-04-2025,Goa,Margao,Phishing,Medium,Healthcare,4725602,31795,CERT-In,Resolved
CR08183,04-08-2025,Haryana,Gurugram,Malware,Low,Corporate,4375876,12019,CERT-In,Open
CR08184,10-02-2024,Chandigarh,Chandigarh,Identity Theft,High,Personal,1277921,39812,Organization,Resolved
CR08185,03-01-2024,Arunachal Pradesh,Naharlagun,Online Fraud,Critical,Education,2076254,46273,User Report,Open
CR08186,27-01-2025,Delhi,New Delhi,Phishing,High,E-commerce,4676475,17839,Organization,Open
CR08187,15-02-2025,Puducherry,Puducherry,Malware,High,Healthcare,1871095,5423,News,Investigating
CR08188,27-01-2024,Manipur,Imphal,Ransomware,Critical,Government,685890,47078,CERT-In,Resolved
CR08189,09-08-2025,Ladakh,Leh,Identity Theft,Low,Government,1453911,34137,Organization,Resolved
CR08190,14-10-2024,Meghalaya,Shillong,DDoS,Low,Banking,1086448,27829,CERT-In,Investigating
CR08191,10-04-2024,Sikkim,Gangtok,DDoS,Low,Government,3633088,37856,CERT-In,Resolved
CR08192,03-07-2024,Delhi,New Delhi,Identity Theft,Medium,Healthcare,3731408,21569,Organization,Open
CR08193,17-04-2024,Haryana,Gurugram,Online Fraud,Low,Education,242249,9539,User Report,Resolved
CR08194,26-07-2025,Uttar Pradesh,Lucknow,Online Fraud,Medium,Corporate,187591,6669,User Report,Investigating
CR08195,13-03-2025,Dadra and Nagar Haveli and Daman and Diu,Silvassa,Phishing,Medium,Healthcare,927314,21180,Organization,Resolved
CR08196,18-08-2025,Jammu and Kashmir,Srinagar,Malware,Critical,IT,2774852,38535,News,Open
CR08197,28-09-2025,Meghalaya,Shillong,Malware,Critical,Banking,4502510,45370,CERT-In,Open
CR08198,02-01-2026,Chhattisgarh,Raipur,Malware,Critical,Education,343516,30288,User Report,Open
CR08199,03-05-2026,Rajasthan,Jaipur,Identity Theft,Critical,IT,698726,7057,User Report,Resolved
CR08200,30-10-2025,Chhattisgarh,Bilaspur,Identity Theft,Low,IT,1226071,438,CERT-In,Open
CR08201,03-09-2024,Puducherry,Puducherry,DDoS,Low,Banking,3614822,24419,Organization,Resolved
CR08202,16-12-2025,Andaman and Nicobar Islands,Port Blair,Data Breach,Medium,IT,4813503,9239,Organization,Investigating
CR08203,02-10-2024,Maharashtra,Pune,Online Fraud,Medium,E-commerce,4454386,4826,User Report,Investigating
CR08204,23-04-2025,Haryana,Gurugram,Online Fraud,Critical,Personal,1965075,7166,Organization,Open
CR08205,28-05-2026,Madhya Pradesh,Indore,Identity Theft,Low,Healthcare,2837907,1995,User Report,Investigating
CR08206,04-10-2024,Odisha,Bhubaneswar,Identity Theft,Low,Corporate,2704020,44750,CERT-In,Open
CR08207,07-05-2024,Chandigarh,Chandigarh,Ransomware,Critical,Banking,4853717,47018,User Report,Resolved
CR08208,24-05-2025,Lakshadweep,Kavaratti,Malware,Low,IT,1709833,34625,News,Open
CR08209,21-03-2025,Madhya Pradesh,Bhopal,Identity Theft,Medium,Healthcare,1125374,49907,Organization,Open
CR08210,02-04-2025,Himachal Pradesh,Dharamshala,Identity Theft,High,Corporate,275750,31614,Organization,Open
CR08211,20-01-2025,Dadra and Nagar Haveli and Daman and Diu,Daman,DDoS,Medium,Education,4825196,41193,User Report,Resolved
CR08212,09-01-2025,Gujarat,Vadodara,DDoS,Critical,Corporate,2384265,15839,Organization,Investigating
CR08213,08-04-2025,Arunachal Pradesh,Itanagar,Identity Theft,Medium,Personal,1163955,36669,Organization,Resolved
CR08214,25-09-2025,Bihar,Muzaffarpur,Online Fraud,High,Education,3619119,30073,CERT-In,Investigating
CR08215,11-01-2025,Tamil Nadu,Chennai,Phishing,Medium,Education,4856169,3244,User Report,Resolved
CR08216,11-02-2026,Sikkim,Gangtok,Data Breach,Low,Healthcare,1956617,35999,Organization,Resolved
CR08217,02-05-2024,Mizoram,Aizawl,Ransomware,High,Corporate,2786241,24052,Organization,Investigating
CR08218,10-07-2025,Punjab,Chandigarh,Online Fraud,Low,Corporate,1477844,25816,CERT-In,Investigating
CR08219,24-01-2026,Rajasthan,Udaipur,Online Fraud,Medium,E-commerce,2996003,20640,CERT-In,Investigating
CR08220,12-05-2024,Himachal Pradesh,Dharamshala,Phishing,Low,Healthcare,1567811,29648,News,Open
CR08221,02-07-2026,Madhya Pradesh,Bhopal,Identity Theft,Low,Education,829311,33426,News,Open
CR08222,26-05-2026,Kerala,Kozhikode,Data Breach,Critical,IT,1300911,23370,CERT-In,Resolved
CR08223,06-01-2024,Tripura,Agartala,Data Breach,Low,Education,4198089,2757,CERT-In,Resolved
CR08224,29-09-2024,Ladakh,Leh,DDoS,Medium,IT,448990,14779,News,Open
CR08225,10-11-2025,Jammu and Kashmir,Jammu,Identity Theft,Critical,IT,181200,8310,News,Resolved
CR08226,02-04-2025,Jharkhand,Jamshedpur,Phishing,Low,IT,575164,6629,News,Open
CR08227,31-08-2024,Arunachal Pradesh,Naharlagun,Online Fraud,Critical,Banking,2562399,5625,News,Open
CR08228,13-03-2024,Kerala,Kochi,DDoS,Critical,Education,4801885,28075,Organization,Investigating
CR08229,24-02-2026,Meghalaya,Shillong,Ransomware,Critical,Education,2374780,9178,CERT-In,Investigating
CR08230,07-09-2025,Dadra and Nagar Haveli and Daman and Diu,Daman,Online Fraud,Medium,Healthcare,4272003,17281,News,Resolved
CR08231,02-02-2025,Uttar Pradesh,Noida,DDoS,Critical,Healthcare,1561276,6071,Organization,Resolved
CR08232,16-11-2024,Puducherry,Puducherry,Online Fraud,Low,Banking,3825618,48077,User Report,Open
CR08233,25-07-2024,Tamil Nadu,Madurai,Ransomware,High,Banking,4711148,34581,CERT-In,Investigating
CR08234,25-01-2024,Uttarakhand,Dehradun,Data Breach,Critical,Banking,3232428,20720,Organization,Investigating
CR08235,25-03-2026,Jharkhand,Jamshedpur,Identity Theft,Low,Government,4742352,10824,User Report,Investigating
CR08236,24-07-2024,Tripura,Agartala,Ransomware,High,Government,2661886,27305,User Report,Resolved
CR08237,03-05-2025,Rajasthan,Jaipur,Identity Theft,Medium,E-commerce,6570,28931,User Report,Investigating
CR08238,01-08-2025,Bihar,Patna,Malware,Critical,Banking,4803330,7327,User Report,Investigating
CR08239,30-01-2025,Gujarat,Rajkot,DDoS,Critical,Personal,2851468,6097,News,Open
CR08240,20-06-2024,West Bengal,Kolkata,Ransomware,Low,Education,3826399,18941,Organization,Open
CR08241,11-03-2025,Arunachal Pradesh,Itanagar,Phishing,Medium,IT,1846670,36673,User Report,Investigating
CR08242,17-09-2025,Uttar Pradesh,Kanpur,DDoS,High,Banking,693110,379,News,Open
CR08243,23-07-2025,Mizoram,Aizawl,Ransomware,High,Corporate,1340764,5258,User Report,Investigating
CR08244,03-02-2025,Odisha,Cuttack,Ransomware,High,E-commerce,3759987,39201,News,Investigating
CR08245,06-07-2025,Chhattisgarh,Bilaspur,Online Fraud,High,Personal,4994400,29752,User Report,Open
CR08246,05-05-2024,Uttar Pradesh,Varanasi,Malware,Medium,Healthcare,601560,31859,Organization,Investigating
CR08247,29-01-2024,Gujarat,Vadodara,DDoS,Critical,Healthcare,2473927,25502,User Report,Open
CR08248,22-06-2025,Manipur,Imphal,Phishing,Medium,Healthcare,4714098,45877,Organization,Open
CR08249,07-09-2025,Himachal Pradesh,Shimla,Online Fraud,High,Education,2931907,38917,User Report,Open
CR08250,11-01-2024,Telangana,Hyderabad,DDoS,Low,Corporate,736980,19343,Organization,Open
CR08251,09-06-2026,Telangana,Warangal,Ransomware,Medium,Personal,2301483,9893,Organization,Investigating
CR08252,05-05-2024,Tamil Nadu,Coimbatore,Online Fraud,Critical,E-commerce,901908,38729,User Report,Open
CR08253,21-11-2024,Rajasthan,Jaipur,Online Fraud,Medium,Personal,3121423,26322,News,Resolved
CR08254,28-02-2024,Ladakh,Leh,Data Breach,Low,Government,2910571,11677,User Report,Investigating
CR08255,02-02-2024,Madhya Pradesh,Gwalior,Phishing,Low,Personal,874384,16139,Organization,Open
CR08256,26-02-2026,Andaman and Nicobar Islands,Port Blair,Ransomware,Low,IT,895697,47984,CERT-In,Resolved
CR08257,19-08-2025,Assam,Dibrugarh,Malware,High,IT,536217,18554,News,Investigating
CR08258,12-01-2025,Chhattisgarh,Bilaspur,Malware,Critical,Government,2364922,42021,CERT-In,Open
CR08259,02-04-2025,Puducherry,Puducherry,Identity Theft,Low,Healthcare,4984206,40360,Organization,Open
CR08260,08-08-2024,Tripura,Agartala,DDoS,Critical,Healthcare,3662993,30308,Organization,Resolved
CR08261,31-07-2025,Himachal Pradesh,Dharamshala,Malware,Critical,Corporate,3624007,13302,Organization,Open
CR08262,10-07-2024,Punjab,Ludhiana,Data Breach,Critical,Personal,2021257,17875,News,Open
CR08263,15-05-2026,Chhattisgarh,Raipur,Online Fraud,Medium,Corporate,3241522,39815,CERT-In,Resolved
CR08264,09-03-2024,Kerala,Kozhikode,Ransomware,High,Education,2492014,18771,Organization,Resolved
CR08265,18-12-2025,Telangana,Hyderabad,Phishing,Critical,Healthcare,3452167,43497,CERT-In,Resolved
CR08266,15-05-2024,Lakshadweep,Kavaratti,Online Fraud,Medium,Government,2854293,12117,CERT-In,Investigating
CR08267,15-11-2024,Maharashtra,Mumbai,Ransomware,Critical,Government,3073226,15663,News,Investigating
CR08268,01-02-2026,Chandigarh,Chandigarh,Malware,Low,IT,626612,38891,CERT-In,Resolved
CR08269,17-03-2026,Andaman and Nicobar Islands,Port Blair,Phishing,Low,E-commerce,344683,19270,Organization,Open
CR08270,04-07-2025,Ladakh,Leh,Phishing,High,Government,4254062,6000,User Report,Resolved
CR08271,13-09-2024,Nagaland,Kohima,Malware,High,Banking,1880513,7463,User Report,Open
CR08272,06-11-2025,Tamil Nadu,Coimbatore,Ransomware,Low,Banking,2028069,9521,Organization,Open
CR08273,18-03-2025,Arunachal Pradesh,Naharlagun,Identity Theft,High,Government,2788253,22612,User Report,Investigating
CR08274,16-04-2025,Meghalaya,Shillong,Ransomware,Medium,Healthcare,2349294,17023,News,Investigating
CR08275,22-04-2025,Assam,Silchar,Malware,Critical,Personal,3784698,19573,Organization,Open
CR08276,06-07-2024,Maharashtra,Mumbai,Data Breach,Critical,Government,2819723,9579,CERT-In,Investigating
CR08277,09-10-2024,Lakshadweep,Kavaratti,DDoS,High,Corporate,966405,45949,User Report,Open
CR08278,06-05-2025,Goa,Margao,Data Breach,High,E-commerce,811059,15893,CERT-In,Open
CR08279,07-01-2026,Tamil Nadu,Chennai,Online Fraud,High,Corporate,3687857,29864,News,Resolved
CR08280,30-10-2024,Kerala,Thiruvananthapuram,Data Breach,High,Healthcare,1193840,27389,User Report,Open
CR08281,16-01-2025,Uttarakhand,Haridwar,Ransomware,Low,Education,1056181,2457,User Report,Resolved
CR08282,10-07-2024,Gujarat,Ahmedabad,Data Breach,Critical,Corporate,3224496,37454,News,Resolved
CR08283,20-03-2025,Himachal Pradesh,Shimla,Ransomware,Medium,E-commerce,2957324,48415,CERT-In,Resolved
CR08284,08-08-2025,Arunachal Pradesh,Naharlagun,Online Fraud,High,Corporate,3366987,43813,User Report,Open
CR08285,06-05-2026,Chhattisgarh,Raipur,Data Breach,Critical,Banking,4445773,38491,CERT-In,Open
CR08286,11-04-2026,Chandigarh,Chandigarh,Phishing,Critical,Banking,2544982,26904,Organization,Investigating
CR08287,03-05-2024,Andhra Pradesh,Guntur,DDoS,Critical,E-commerce,224966,36860,News,Resolved
CR08288,26-05-2025,Assam,Dibrugarh,Identity Theft,Medium,Education,1633353,28131,Organization,Open
CR08289,22-05-2025,Meghalaya,Shillong,Phishing,High,IT,4760318,1036,Organization,Investigating
CR08290,05-06-2025,Odisha,Bhubaneswar,Online Fraud,Critical,Healthcare,137562,9469,News,Open
CR08291,10-06-2024,Dadra and Nagar Haveli and Daman and Diu,Daman,Online Fraud,Low,Corporate,2653617,9904,News,Investigating
CR08292,01-03-2024,Maharashtra,Nagpur,DDoS,Medium,IT,4348598,41781,User Report,Open
CR08293,01-03-2025,Puducherry,Puducherry,Identity Theft,High,E-commerce,3191400,34277,Organization,Investigating
CR08294,22-02-2024,Goa,Panaji,Phishing,Medium,E-commerce,219096,26886,Organization,Open
CR08295,31-12-2024,Ladakh,Leh,DDoS,High,Education,2168216,14708,News,Open
CR08296,23-04-2026,Chandigarh,Chandigarh,Data Breach,High,IT,4575894,13044,CERT-In,Open
CR08297,25-02-2025,Uttarakhand,Haridwar,Data Breach,Medium,Government,1114418,43032,Organization,Investigating
CR08298,08-12-2024,Himachal Pradesh,Shimla,Phishing,High,Education,4179710,38202,CERT-In,Open
CR08299,08-08-2024,Goa,Panaji,Online Fraud,Critical,Corporate,2926249,7053,News,Resolved
CR08300,17-09-2024,Uttarakhand,Haridwar,Ransomware,Critical,Government,1539420,5924,CERT-In,Investigating
CR08301,14-08-2025,Punjab,Chandigarh,Ransomware,Medium,E-commerce,4130752,15921,User Report,Investigating
CR08302,19-10-2025,Dadra and Nagar Haveli and Daman and Diu,Silvassa,Data Breach,Medium,E-commerce,298236,25644,Organization,Investigating
CR08303,02-06-2024,Manipur,Imphal,Ransomware,Medium,Personal,944313,1852,News,Open
CR08304,31-10-2024,Manipur,Imphal,Data Breach,Low,IT,1512511,6453,CERT-In,Investigating
CR08305,06-03-2026,Nagaland,Kohima,Online Fraud,High,Healthcare,3606010,10211,Organization,Investigating
CR08306,05-11-2024,Goa,Margao,Phishing,High,Banking,922041,19059,CERT-In,Resolved
CR08307,28-02-2025,Odisha,Bhubaneswar,Identity Theft,Low,IT,621950,41187,News,Investigating
CR08308,06-02-2025,Nagaland,Kohima,Ransomware,Low,Government,2337936,41093,Organization,Open
CR08309,25-07-2026,Punjab,Ludhiana,Phishing,High,Corporate,1293408,34927,CERT-In,Investigating
CR08310,09-05-2026,Nagaland,Dimapur,Phishing,High,IT,2928734,35370,News,Investigating
CR08311,10-06-2024,Andhra Pradesh,Visakhapatnam,Online Fraud,Low,E-commerce,2255326,39209,CERT-In,Investigating
CR08312,06-06-2025,Andhra Pradesh,Visakhapatnam,Ransomware,Low,IT,2271898,34863,Organization,Resolved
CR08313,20-07-2024,Haryana,Gurugram,Data Breach,Medium,Healthcare,1965598,36352,News,Investigating
CR08314,11-04-2024,Odisha,Cuttack,DDoS,Low,Healthcare,3346524,17642,Organization,Investigating
CR08315,21-03-2026,Ladakh,Leh,Identity Theft,Critical,Education,2234049,17209,Organization,Investigating
CR08316,21-09-2025,Uttarakhand,Dehradun,Online Fraud,High,Corporate,2268964,25388,News,Open
CR08317,15-08-2024,Dadra and Nagar Haveli and Daman and Diu,Daman,Online Fraud,Critical,IT,4052014,296,User Report,Investigating
CR08318,07-07-2024,Telangana,Hyderabad,Ransomware,High,Government,2611024,11446,CERT-In,Open
CR08319,29-12-2025,Nagaland,Kohima,DDoS,Critical,Education,1216722,38240,CERT-In,Open
CR08320,18-12-2024,Puducherry,Puducherry,DDoS,Low,E-commerce,1490853,30169,CERT-In,Investigating
CR08321,26-04-2026,Gujarat,Vadodara,DDoS,Critical,Education,3220012,18048,User Report,Investigating
CR08322,20-06-2025,Nagaland,Kohima,Ransomware,High,Healthcare,2076828,12574,User Report,Open
CR08323,04-07-2025,Assam,Guwahati,Phishing,High,Healthcare,2039638,1982,User Report,Investigating
CR08324,11-10-2024,Jharkhand,Ranchi,Phishing,High,E-commerce,1579463,9948,User Report,Open
CR08325,29-06-2026,Mizoram,Aizawl,Phishing,High,Government,2440368,30899,User Report,Open
CR08326,27-05-2024,Meghalaya,Shillong,Malware,Low,Education,1694883,40078,CERT-In,Investigating
CR08327,08-10-2024,Jharkhand,Ranchi,Malware,Medium,IT,3174898,4120,CERT-In,Open
CR08328,25-05-2024,Arunachal Pradesh,Naharlagun,Online Fraud,High,Personal,3433152,6525,CERT-In,Open
CR08329,08-01-2026,Arunachal Pradesh,Itanagar,Malware,Medium,Personal,4623575,15410,CERT-In,Resolved
CR08330,15-08-2025,Andhra Pradesh,Vijayawada,DDoS,Low,Banking,4720118,44847,User Report,Investigating
CR08331,21-04-2024,Andhra Pradesh,Guntur,Phishing,Critical,Banking,3426267,7906,User Report,Resolved
CR08332,02-01-2025,Mizoram,Aizawl,Phishing,Medium,Corporate,4642163,15497,User Report,Investigating
CR08333,25-03-2024,Odisha,Cuttack,DDoS,Medium,E-commerce,1521104,44265,User Report,Open
CR08334,01-11-2025,Mizoram,Aizawl,Online Fraud,Low,Healthcare,4914065,22470,Organization,Investigating
CR08335,16-09-2025,Uttarakhand,Haridwar,Malware,Critical,Banking,2743869,45409,CERT-In,Investigating
CR08336,04-12-2025,Rajasthan,Jodhpur,DDoS,High,IT,3283911,24148,User Report,Resolved
CR08337,11-09-2024,Nagaland,Dimapur,Identity Theft,Critical,Government,4346600,47020,Organization,Resolved
CR08338,09-01-2024,Himachal Pradesh,Shimla,Ransomware,Medium,E-commerce,3300673,639,Organization,Resolved
CR08339,07-10-2024,Kerala,Kochi,Data Breach,High,IT,1752788,3779,News,Open
CR08340,25-04-2025,Chhattisgarh,Raipur,Malware,Critical,Government,2825398,10845,CERT-In,Investigating
CR08341,28-06-2024,Haryana,Faridabad,Phishing,Medium,E-commerce,4941476,46134,Organization,Investigating
CR08342,11-03-2026,Maharashtra,Mumbai,Ransomware,Medium,IT,1304954,2588,User Report,Resolved
CR08343,20-07-2024,West Bengal,Durgapur,Data Breach,Low,Banking,510340,2259,CERT-In,Resolved
CR08344,28-12-2025,Dadra and Nagar Haveli and Daman and Diu,Silvassa,Data Breach,Critical,Personal,1268392,47698,CERT-In,Investigating
CR08345,26-12-2024,Mizoram,Aizawl,Ransomware,Critical,Banking,2182459,45884,CERT-In,Resolved
CR08346,21-05-2026,Andhra Pradesh,Vijayawada,Online Fraud,Critical,Personal,2368391,26132,Organization,Investigating
CR08347,06-02-2024,Gujarat,Rajkot,DDoS,Medium,E-commerce,3642376,480,News,Open
CR08348,30-01-2026,Meghalaya,Shillong,Ransomware,High,E-commerce,171888,29101,News,Open
CR08349,26-02-2026,Rajasthan,Jodhpur,Identity Theft,High,Personal,132706,18647,User Report,Resolved
CR08350,08-09-2024,West Bengal,Durgapur,DDoS,Low,Banking,3484155,9934,User Report,Investigating
CR08351,26-10-2025,Tamil Nadu,Madurai,Online Fraud,Critical,E-commerce,1020583,27028,User Report,Investigating
CR08352,18-11-2025,Nagaland,Kohima,Malware,Low,E-commerce,925139,39833,CERT-In,Resolved
CR08353,12-12-2025,Chandigarh,Chandigarh,Identity Theft,Critical,Personal,4949341,35680,News,Open
CR08354,04-01-2024,Tamil Nadu,Chennai,Malware,Medium,IT,2908982,13954,Organization,Open
CR08355,18-02-2026,Telangana,Hyderabad,Identity Theft,Low,Education,2385098,30656,News,Open
CR08356,07-06-2025,Telangana,Warangal,Ransomware,Low,Education,677413,9621,User Report,Open
CR08357,23-04-2026,Madhya Pradesh,Gwalior,Ransomware,Low,E-commerce,1356844,34363,CERT-In,Resolved
CR08358,03-09-2025,Tripura,Agartala,Data Breach,Critical,Personal,1963062,27046,CERT-In,Resolved
CR08359,28-09-2025,Maharashtra,Pune,Data Breach,Low,Corporate,318611,38449,User Report,Open
CR08360,21-02-2026,Chhattisgarh,Bilaspur,Identity Theft,Medium,E-commerce,3474766,34832,News,Resolved
CR08361,31-07-2024,Andaman and Nicobar Islands,Port Blair,DDoS,Medium,Corporate,3456664,24268,Organization,Open
CR08362,21-11-2025,Telangana,Warangal,Online Fraud,Critical,Banking,3984072,30623,User Report,Investigating
CR08363,04-01-2024,Jharkhand,Jamshedpur,Online Fraud,High,Banking,2191624,40547,Organization,Investigating
CR08364,24-12-2025,Uttar Pradesh,Kanpur,Malware,Critical,IT,739306,498,News,Investigating
CR08365,02-08-2025,Andhra Pradesh,Vijayawada,Identity Theft,Critical,E-commerce,4458946,22727,News,Resolved
CR08366,28-07-2026,Lakshadweep,Kavaratti,Malware,Critical,Corporate,3498598,21666,News,Resolved
CR08367,17-05-2026,Dadra and Nagar Haveli and Daman and Diu,Silvassa,Phishing,Critical,Personal,4559231,37479,User Report,Investigating
CR08368,09-06-2026,Karnataka,Mysuru,Identity Theft,Low,Healthcare,2269323,13349,Organization,Resolved
CR08369,23-07-2025,Sikkim,Gangtok,Data Breach,Medium,Education,554280,3931,CERT-In,Resolved
CR08370,10-11-2024,Telangana,Warangal,Identity Theft,Medium,Healthcare,729851,40369,User Report,Investigating
CR08371,15-10-2024,Chhattisgarh,Bilaspur,Malware,Critical,Government,2050660,16934,User Report,Investigating
CR08372,26-01-2024,Manipur,Imphal,Ransomware,High,IT,522028,42017,CERT-In,Resolved
CR08373,09-09-2025,Chandigarh,Chandigarh,Data Breach,Low,Healthcare,441900,48723,CERT-In,Open
CR08374,21-07-2026,Maharashtra,Nashik,Ransomware,Medium,E-commerce,2635639,10398,CERT-In,Open
CR08375,11-06-2026,Haryana,Faridabad,Online Fraud,Low,E-commerce,1911075,30565,CERT-In,Investigating
CR08376,02-07-2024,Puducherry,Puducherry,Phishing,Medium,Healthcare,1196235,3365,Organization,Resolved
CR08377,05-06-2026,Puducherry,Puducherry,DDoS,Medium,Education,3299689,42316,User Report,Resolved
CR08378,29-01-2026,Tamil Nadu,Chennai,DDoS,High,Healthcare,1444903,36549,CERT-In,Resolved
CR08379,15-04-2024,Tripura,Agartala,Malware,Medium,Government,3347377,41587,CERT-In,Resolved
CR08380,09-11-2024,Himachal Pradesh,Dharamshala,Malware,Critical,Healthcare,2582280,9986,News,Resolved
CR08381,20-03-2025,Gujarat,Rajkot,Online Fraud,Low,E-commerce,3408664,9269,User Report,Open
CR08382,18-09-2025,Nagaland,Dimapur,DDoS,Low,Personal,469897,48554,News,Open
CR08383,28-07-2025,Mizoram,Aizawl,DDoS,Low,Government,1872220,36350,User Report,Resolved
CR08384,26-07-2026,Maharashtra,Nashik,Phishing,Medium,Government,3891954,6795,CERT-In,Investigating
CR08385,27-08-2024,Karnataka,Mysuru,Ransomware,High,Education,2377483,11335,CERT-In,Investigating
CR08386,11-06-2024,Dadra and Nagar Haveli and Daman and Diu,Silvassa,Identity Theft,Medium,Education,1133034,36065,News,Open
CR08387,15-08-2024,Delhi,New Delhi,Online Fraud,High,Healthcare,969680,25168,User Report,Investigating
CR08388,05-12-2024,Telangana,Hyderabad,Phishing,Medium,Corporate,3183867,4910,User Report,Resolved
CR08389,23-07-2024,Lakshadweep,Kavaratti,Online Fraud,High,Government,2841885,752,News,Resolved
CR08390,21-12-2025,Andhra Pradesh,Visakhapatnam,Malware,Low,Personal,3122034,35748,CERT-In,Open
CR08391,25-01-2026,Dadra and Nagar Haveli and Daman and Diu,Silvassa,Malware,Medium,Personal,2045846,47024,Organization,Investigating
CR08392,23-01-2024,Kerala,Thiruvananthapuram,Identity Theft,High,Corporate,3073485,48941,CERT-In,Open
CR08393,24-10-2025,Mizoram,Aizawl,Ransomware,Medium,E-commerce,3277868,24788,User Report,Open
CR08394,28-11-2024,Gujarat,Vadodara,DDoS,Critical,Banking,1711070,40032,News,Investigating
CR08395,08-03-2026,Manipur,Imphal,Online Fraud,Medium,IT,4885781,44236,CERT-In,Investigating
CR08396,22-02-2025,Lakshadweep,Kavaratti,Malware,Medium,Government,1444170,23425,CERT-In,Resolved
CR08397,13-11-2025,Kerala,Kozhikode,Online Fraud,Medium,IT,3188635,6701,Organization,Resolved
CR08398,10-12-2025,Telangana,Hyderabad,Online Fraud,Low,Corporate,1666575,32449,Organization,Open
CR08399,06-08-2025,Kerala,Thiruvananthapuram,Ransomware,Medium,Government,1711829,35898,News,Open
CR08400,03-09-2024,Dadra and Nagar Haveli and Daman and Diu,Daman,Data Breach,Medium,Healthcare,4136384,36570,CERT-In,Open
CR08401,07-05-2025,Uttar Pradesh,Noida,Phishing,Critical,Government,149745,11343,User Report,Open
CR08402,08-03-2025,Maharashtra,Pune,Phishing,High,Personal,2191336,6900,News,Open
CR08403,05-12-2024,Jharkhand,Ranchi,Phishing,High,Personal,2033430,31754,User Report,Investigating
CR08404,24-07-2024,Ladakh,Leh,Identity Theft,Low,Education,2161628,36383,News,Resolved
CR08405,22-05-2025,Sikkim,Gangtok,Data Breach,Low,Healthcare,4349225,17041,News,Open
CR08406,09-06-2026,Andhra Pradesh,Guntur,Online Fraud,Medium,E-commerce,571112,7140,CERT-In,Resolved
CR08407,01-06-2026,Jharkhand,Ranchi,Data Breach,Low,Personal,1521025,10265,User Report,Resolved
CR08408,23-04-2026,Tripura,Agartala,DDoS,High,Banking,4148541,40895,Organization,Open
CR08409,13-09-2025,Karnataka,Mangaluru,Identity Theft,Low,Healthcare,757159,9960,User Report,Resolved
CR08410,20-09-2025,Kerala,Kozhikode,Phishing,Low,Banking,1019122,2253,News,Open
CR08411,21-06-2026,West Bengal,Kolkata,Data Breach,Low,Corporate,4857596,37947,Organization,Open
CR08412,24-03-2024,Goa,Margao,Online Fraud,Medium,Corporate,907820,12621,Organization,Open
CR08413,01-04-2026,Ladakh,Leh,Data Breach,Low,Personal,3203586,30546,User Report,Resolved
CR08414,16-02-2026,Mizoram,Aizawl,Malware,Medium,Banking,2269901,21129,News,Resolved
CR08415,16-02-2024,Telangana,Hyderabad,DDoS,Medium,Corporate,1171472,16766,User Report,Open
CR08416,29-07-2024,Uttar Pradesh,Kanpur,Online Fraud,Low,Education,4291870,5804,CERT-In,Open
CR08417,26-02-2025,Jharkhand,Ranchi,Ransomware,Low,Government,3763261,44089,Organization,Investigating
CR08418,20-08-2024,Andaman and Nicobar Islands,Port Blair,Ransomware,High,Banking,3871824,35253,User Report,Resolved
CR08419,20-09-2025,Delhi,New Delhi,Identity Theft,Medium,IT,1290316,17334,Organization,Resolved
CR08420,01-01-2026,Kerala,Kochi,Online Fraud,High,Education,2472253,18950,News,Resolved
CR08421,06-11-2024,Sikkim,Gangtok,DDoS,High,Corporate,846250,32384,Organization,Open
CR08422,31-05-2024,Telangana,Hyderabad,Data Breach,Critical,Healthcare,2978980,25689,User Report,Resolved
CR08423,13-12-2025,Puducherry,Puducherry,Ransomware,Low,Banking,250201,12620,Organization,Open
CR08424,30-07-2024,Madhya Pradesh,Bhopal,Online Fraud,High,E-commerce,1725718,312,User Report,Open
CR08425,03-06-2026,Lakshadweep,Kavaratti,DDoS,High,E-commerce,3585501,19994,CERT-In,Open
CR08426,28-11-2024,Nagaland,Dimapur,Identity Theft,High,Banking,3332797,48781,User Report,Investigating
CR08427,26-08-2024,Telangana,Hyderabad,Malware,Low,E-commerce,221606,40314,Organization,Investigating
CR08428,04-04-2026,Uttarakhand,Dehradun,DDoS,Critical,Government,1788591,46378,User Report,Investigating
CR08429,25-03-2025,Andhra Pradesh,Visakhapatnam,Malware,High,Healthcare,1523783,13534,News,Resolved
CR08430,29-08-2024,Manipur,Imphal,Online Fraud,Critical,Education,4595087,27494,News,Investigating
CR08431,21-04-2024,Assam,Silchar,Phishing,High,Banking,3820635,18114,CERT-In,Open
CR08432,28-05-2025,Uttarakhand,Haridwar,Ransomware,Low,E-commerce,570446,46075,CERT-In,Open
CR08433,08-10-2024,Meghalaya,Shillong,Online Fraud,Critical,E-commerce,3275811,7410,Organization,Investigating
CR08434,09-04-2026,Kerala,Thiruvananthapuram,Data Breach,Critical,Healthcare,3764865,16717,User Report,Open
CR08435,01-07-2025,Jharkhand,Ranchi,Phishing,Medium,Banking,604882,46483,CERT-In,Investigating
CR08436,10-09-2024,Puducherry,Puducherry,Identity Theft,Low,Education,1847596,43593,News,Investigating
CR08437,04-07-2024,Maharashtra,Pune,Phishing,Medium,Personal,3756600,25222,User Report,Resolved
CR08438,21-03-2024,Andaman and Nicobar Islands,Port Blair,Phishing,High,Corporate,770977,42565,News,Resolved
CR08439,14-05-2025,Rajasthan,Jodhpur,DDoS,Critical,IT,3808620,19966,Organization,Resolved
CR08440,25-01-2025,Dadra and Nagar Haveli and Daman and Diu,Silvassa,Online Fraud,Critical,Banking,4231416,23567,CERT-In,Resolved
CR08441,18-05-2024,Jharkhand,Jamshedpur,Ransomware,Low,Government,3503265,49371,News,Investigating
CR08442,21-01-2025,Arunachal Pradesh,Naharlagun,Phishing,Medium,IT,69662,1300,CERT-In,Open
CR08443,30-03-2026,Puducherry,Puducherry,Malware,Low,E-commerce,4237523,5282,User Report,Resolved
CR08444,11-02-2026,Maharashtra,Nagpur,Malware,Medium,Education,455738,14586,News,Resolved
CR08445,17-11-2024,Kerala,Thiruvananthapuram,Phishing,Critical,E-commerce,4164759,22050,User Report,Investigating
CR08446,22-01-2024,Manipur,Imphal,Identity Theft,Critical,Education,3615339,12842,News,Investigating
CR08447,06-03-2025,Chhattisgarh,Raipur,Ransomware,High,Personal,2119693,27655,News,Resolved
CR08448,12-06-2025,Assam,Guwahati,Data Breach,Critical,E-commerce,1782082,38845,CERT-In,Investigating
CR08449,30-12-2024,Arunachal Pradesh,Naharlagun,DDoS,Low,Banking,2766454,8018,Organization,Resolved
CR08450,17-07-2024,Dadra and Nagar Haveli and Daman and Diu,Silvassa,Identity Theft,Critical,Government,340553,3367,User Report,Investigating
CR08451,26-08-2025,Jharkhand,Ranchi,Ransomware,Low,E-commerce,2927921,18890,Organization,Open
CR08452,08-07-2026,Assam,Silchar,DDoS,Medium,IT,3251505,19000,User Report,Investigating
CR08453,20-07-2025,Himachal Pradesh,Dharamshala,Online Fraud,Low,E-commerce,4209082,46091,CERT-In,Open
CR08454,17-04-2025,Assam,Dibrugarh,DDoS,Low,Corporate,812169,46186,CERT-In,Resolved
CR08455,04-11-2025,Maharashtra,Pune,Online Fraud,Low,Healthcare,3455042,39411,User Report,Investigating
CR08456,26-11-2025,Mizoram,Aizawl,Identity Theft,High,Personal,3134506,14664,Organization,Resolved
CR08457,29-01-2025,Dadra and Nagar Haveli and Daman and Diu,Silvassa,Malware,Medium,IT,2834602,2854,Organization,Investigating
CR08458,05-05-2025,Jammu and Kashmir,Srinagar,DDoS,Medium,Healthcare,4837457,41142,CERT-In,Open
CR08459,21-05-2026,Karnataka,Bengaluru,Ransomware,High,Banking,1071403,40651,Organization,Resolved
CR08460,29-06-2024,Bihar,Muzaffarpur,Phishing,Low,Personal,1493103,41906,Organization,Open
CR08461,12-07-2025,Haryana,Gurugram,DDoS,High,Healthcare,3851057,32209,CERT-In,Open
CR08462,06-05-2024,Tamil Nadu,Coimbatore,Identity Theft,High,E-commerce,2006064,20718,User Report,Investigating
CR08463,03-04-2024,Meghalaya,Shillong,Online Fraud,Medium,Banking,633591,34660,CERT-In,Resolved
CR08464,20-03-2025,Gujarat,Vadodara,Identity Theft,Low,IT,4058413,24120,User Report,Resolved
CR08465,19-07-2026,Madhya Pradesh,Gwalior,Data Breach,High,Education,2559944,10245,Organization,Open
CR08466,13-08-2024,Uttar Pradesh,Lucknow,Ransomware,Critical,Personal,2578375,46376,CERT-In,Resolved
CR08467,30-10-2025,Assam,Dibrugarh,DDoS,Medium,Healthcare,1143905,24725,User Report,Resolved
CR08468,23-05-2024,Chandigarh,Chandigarh,DDoS,Low,Banking,1249814,14289,User Report,Open
CR08469,30-07-2025,Uttarakhand,Dehradun,Data Breach,High,Personal,3426541,3347,CERT-In,Resolved
CR08470,12-02-2025,Andhra Pradesh,Guntur,Data Breach,High,E-commerce,763747,49284,Organization,Investigating
CR08471,04-08-2025,Bihar,Muzaffarpur,Data Breach,Medium,Banking,4962362,31616,User Report,Open
CR08472,20-04-2024,Maharashtra,Nashik,Identity Theft,High,Healthcare,979827,26891,Organization,Open
CR08473,20-01-2024,Delhi,New Delhi,DDoS,Medium,Banking,4098824,35581,User Report,Resolved
CR08474,24-07-2026,Nagaland,Dimapur,Online Fraud,Low,Government,1292529,16194,User Report,Open
CR08475,17-02-2025,Manipur,Imphal,Identity Theft,Medium,Personal,1515501,1114,CERT-In,Investigating
CR08476,21-02-2025,Meghalaya,Shillong,Data Breach,Medium,Government,3007517,24663,User Report,Open
CR08477,04-08-2024,Kerala,Kochi,DDoS,Medium,Education,2095927,12321,News,Resolved
CR08478,27-01-2025,Madhya Pradesh,Gwalior,DDoS,High,Corporate,1798004,35989,News,Investigating
CR08479,21-09-2024,Himachal Pradesh,Shimla,Phishing,High,Personal,435889,19286,CERT-In,Resolved
CR08480,21-05-2025,Maharashtra,Nagpur,Phishing,Low,E-commerce,3723055,43486,CERT-In,Resolved
CR08481,08-08-2025,Tamil Nadu,Chennai,Malware,Low,Banking,4785612,13634,News,Open
CR08482,11-02-2025,Chhattisgarh,Bilaspur,DDoS,Medium,Banking,913191,9599,Organization,Investigating
CR08483,10-10-2024,Haryana,Panipat,Phishing,High,Education,3024081,12784,News,Investigating
CR08484,24-05-2026,Gujarat,Surat,Phishing,High,Personal,3321325,42816,CERT-In,Investigating
CR08485,24-01-2025,Chhattisgarh,Bilaspur,Online Fraud,High,Government,3223205,20591,Organization,Investigating
CR08486,20-08-2025,Haryana,Panipat,Identity Theft,Medium,Government,3818638,49986,CERT-In,Open
CR08487,04-02-2024,Uttarakhand,Haridwar,Online Fraud,Critical,E-commerce,4808712,28283,User Report,Investigating
CR08488,25-11-2025,Arunachal Pradesh,Naharlagun,Online Fraud,High,Government,4860226,42608,News,Open
CR08489,07-09-2024,Uttarakhand,Haridwar,Online Fraud,Critical,Government,4953233,11342,Organization,Open
CR08490,01-02-2025,Bihar,Patna,Online Fraud,Low,E-commerce,4660772,49351,User Report,Investigating
CR08491,29-04-2025,Rajasthan,Jodhpur,Online Fraud,Medium,E-commerce,3454177,13986,CERT-In,Open
CR08492,15-05-2025,Tamil Nadu,Coimbatore,Data Breach,Critical,E-commerce,35994,49687,Organization,Open
CR08493,14-03-2025,Telangana,Hyderabad,Phishing,Low,Government,3856699,22679,Organization,Investigating
CR08494,01-09-2024,Assam,Guwahati,Identity Theft,Low,Banking,2999753,7595,CERT-In,Resolved
CR08495,03-04-2026,Telangana,Warangal,Ransomware,High,Corporate,3811955,20422,CERT-In,Open
CR08496,06-07-2025,Dadra and Nagar Haveli and Daman and Diu,Silvassa,Ransomware,Critical,Corporate,3887203,3742,User Report,Open
CR08497,02-09-2024,Uttar Pradesh,Lucknow,DDoS,Low,IT,4779716,47560,News,Investigating
CR08498,27-06-2025,Andaman and Nicobar Islands,Port Blair,Phishing,Medium,IT,1620586,8393,User Report,Investigating
CR08499,02-09-2024,Chhattisgarh,Raipur,Online Fraud,Low,Personal,3909517,204,Organization,Investigating
CR08500,02-05-2024,Uttarakhand,Dehradun,Ransomware,Medium,E-commerce,1779170,9955,CERT-In,Resolved
CR08501,17-11-2025,Chandigarh,Chandigarh,Phishing,High,Corporate,4759360,42932,User Report,Investigating
CR08502,04-09-2025,Kerala,Kozhikode,Phishing,High,Corporate,1976933,4863,Organization,Investigating
CR08503,23-11-2024,Assam,Silchar,Identity Theft,Low,Corporate,719895,34364,Organization,Investigating
CR08504,08-04-2024,Puducherry,Puducherry,Phishing,Medium,Healthcare,3867390,7297,Organization,Investigating
CR08505,09-05-2024,Assam,Guwahati,Phishing,Low,Corporate,4165375,3817,User Report,Resolved
CR08506,11-07-2024,Rajasthan,Jaipur,DDoS,Medium,Personal,3302372,38094,Organization,Resolved
CR08507,19-11-2024,Jammu and Kashmir,Srinagar,Data Breach,Low,E-commerce,2472020,24026,User Report,Open
CR08508,15-08-2024,Puducherry,Puducherry,Malware,Critical,Government,170756,12008,CERT-In,Resolved
CR08509,16-04-2025,Mizoram,Aizawl,Online Fraud,Low,Education,3228246,45784,News,Investigating
CR08510,27-01-2024,Ladakh,Leh,Ransomware,Low,Healthcare,543962,28812,User Report,Investigating
CR08511,15-10-2025,Jharkhand,Ranchi,DDoS,Medium,IT,1695464,24553,CERT-In,Open
CR08512,28-07-2026,Goa,Margao,DDoS,Critical,Education,2967252,44643,User Report,Investigating
CR08513,08-08-2024,Assam,Guwahati,Phishing,Critical,E-commerce,4652080,28437,Organization,Open
CR08514,24-03-2025,Gujarat,Ahmedabad,Phishing,Low,Corporate,990058,13869,Organization,Open
CR08515,08-07-2025,Assam,Guwahati,Malware,High,Government,2659568,47262,News,Open
CR08516,03-05-2026,Meghalaya,Shillong,Ransomware,Low,Banking,4284055,15747,Organization,Open
CR08517,12-06-2024,Chhattisgarh,Bilaspur,Phishing,High,Banking,2407392,45059,News,Resolved
CR08518,15-04-2026,Andhra Pradesh,Visakhapatnam,Online Fraud,Critical,Government,4483488,26489,User Report,Resolved
CR08519,22-10-2025,Goa,Panaji,Identity Theft,High,Education,3546391,18820,CERT-In,Investigating
CR08520,21-04-2026,Telangana,Warangal,Malware,Low,Banking,4904035,33969,News,Investigating
CR08521,13-10-2025,Punjab,Ludhiana,DDoS,High,Corporate,2089837,43159,CERT-In,Resolved
CR08522,03-02-2024,Tripura,Agartala,DDoS,Medium,IT,613359,3356,CERT-In,Resolved
CR08523,09-04-2026,Kerala,Kozhikode,Ransomware,High,E-commerce,875373,27878,CERT-In,Open
CR08524,01-12-2024,Tripura,Agartala,DDoS,Medium,Government,2205897,3742,Organization,Investigating
CR08525,21-01-2025,Sikkim,Gangtok,Data Breach,High,E-commerce,4749968,20670,News,Open
CR08526,17-06-2026,Chhattisgarh,Bilaspur,Ransomware,Medium,IT,1971059,22669,Organization,Investigating
CR08527,09-12-2025,Nagaland,Kohima,DDoS,Low,Personal,433291,48259,Organization,Resolved
CR08528,06-08-2025,Lakshadweep,Kavaratti,Online Fraud,High,IT,2946272,47055,News,Investigating
CR08529,15-07-2024,Chhattisgarh,Bilaspur,Phishing,Critical,Healthcare,2175447,39120,News,Investigating
CR08530,09-08-2024,Punjab,Chandigarh,Online Fraud,Medium,Banking,810767,379,User Report,Resolved
CR08531,20-04-2025,Meghalaya,Shillong,Ransomware,High,Personal,2177518,9902,User Report,Investigating
CR08532,07-06-2024,Nagaland,Dimapur,Identity Theft,Medium,Healthcare,3688685,28642,CERT-In,Open
CR08533,06-03-2024,Himachal Pradesh,Shimla,Ransomware,Critical,Corporate,1489549,33349,CERT-In,Open
CR08534,08-08-2025,Kerala,Kozhikode,Malware,Medium,Corporate,2568958,39774,User Report,Open
CR08535,31-03-2025,Lakshadweep,Kavaratti,Identity Theft,High,Education,3374395,31671,CERT-In,Investigating
CR08536,04-07-2025,Lakshadweep,Kavaratti,Malware,Critical,Education,767151,1979,CERT-In,Resolved
CR08537,09-04-2026,Assam,Dibrugarh,Malware,Low,Education,4544886,38383,Organization,Investigating
CR08538,07-08-2025,Uttarakhand,Dehradun,Data Breach,Critical,Government,715501,7834,User Report,Resolved
CR08539,26-09-2025,Delhi,New Delhi,Data Breach,Low,E-commerce,3695152,17408,Organization,Investigating
CR08540,29-08-2024,Uttarakhand,Dehradun,DDoS,High,Corporate,4431265,31040,Organization,Resolved
CR08541,29-06-2024,Karnataka,Bengaluru,Malware,High,E-commerce,1181298,36264,Organization,Resolved
CR08542,29-04-2026,Uttar Pradesh,Noida,DDoS,Critical,Government,1988841,17404,Organization,Open
CR08543,30-01-2024,Andaman and Nicobar Islands,Port Blair,Data Breach,High,Corporate,3854500,42146,Organization,Resolved
CR08544,02-06-2026,Karnataka,Mangaluru,Phishing,Low,Personal,771305,6940,News,Open
CR08545,03-03-2026,Haryana,Faridabad,Malware,High,Healthcare,1303663,3437,User Report,Investigating
CR08546,27-03-2024,Jharkhand,Ranchi,DDoS,Critical,E-commerce,4275179,43865,CERT-In,Open
CR08547,05-09-2024,Maharashtra,Nagpur,Malware,Low,Corporate,4639010,38809,Organization,Resolved
CR08548,10-04-2025,Arunachal Pradesh,Itanagar,Online Fraud,High,Healthcare,445351,10603,User Report,Resolved
CR08549,21-11-2024,Maharashtra,Mumbai,Phishing,Medium,Personal,74904,16338,User Report,Investigating
CR08550,19-09-2024,Maharashtra,Pune,Data Breach,High,Personal,872523,27198,Organization,Open
CR08551,16-11-2025,Ladakh,Leh,Malware,Low,Personal,1087163,11569,Organization,Investigating
CR08552,21-03-2025,Rajasthan,Jodhpur,Malware,Low,Education,2570941,11299,Organization,Investigating
CR08553,13-03-2025,Tripura,Agartala,Malware,Low,IT,212419,10718,CERT-In,Open
CR08554,01-02-2025,Karnataka,Mangaluru,DDoS,Medium,IT,3291478,36470,CERT-In,Resolved
CR08555,26-10-2024,Sikkim,Gangtok,Ransomware,Medium,IT,54503,7464,News,Resolved
CR08556,06-11-2025,Gujarat,Surat,Online Fraud,High,Banking,3790004,5113,User Report,Resolved
CR08557,25-02-2026,Himachal Pradesh,Shimla,Malware,Critical,Banking,2640557,47319,Organization,Open
CR08558,15-07-2024,Odisha,Bhubaneswar,DDoS,Medium,Personal,211358,40580,Organization,Resolved
CR08559,23-12-2024,Manipur,Imphal,Malware,Low,Healthcare,3788240,35936,News,Resolved
CR08560,20-10-2025,Telangana,Hyderabad,DDoS,Critical,Government,4530442,29120,Organization,Open
CR08561,31-03-2025,Punjab,Ludhiana,Online Fraud,High,Banking,902345,4344,CERT-In,Investigating
CR08562,31-05-2025,Maharashtra,Pune,Identity Theft,High,Personal,331310,44655,Organization,Open
CR08563,29-10-2024,Ladakh,Leh,Identity Theft,Low,Corporate,2922891,39321,News,Resolved
CR08564,02-11-2025,Puducherry,Puducherry,Identity Theft,High,Personal,2833136,3981,Organization,Investigating
CR08565,18-06-2024,Haryana,Faridabad,Ransomware,Medium,Education,254372,46132,CERT-In,Resolved
CR08566,01-02-2025,Karnataka,Mysuru,Malware,Critical,Healthcare,3222099,13536,CERT-In,Resolved
CR08567,02-10-2024,Karnataka,Mysuru,Malware,Low,E-commerce,4314898,26099,CERT-In,Open
CR08568,06-02-2025,Gujarat,Vadodara,DDoS,High,Healthcare,620592,5492,CERT-In,Investigating
CR08569,20-02-2024,Nagaland,Kohima,Online Fraud,Low,Corporate,3438344,19296,Organization,Resolved
CR08570,25-02-2025,Kerala,Kozhikode,Ransomware,High,Healthcare,2111529,5807,CERT-In,Investigating
CR08571,11-11-2025,Uttarakhand,Dehradun,Malware,Critical,Healthcare,4162060,6167,CERT-In,Open
CR08572,06-09-2024,Chhattisgarh,Raipur,Phishing,Low,Healthcare,1745225,22412,Organization,Resolved
CR08573,06-10-2024,Manipur,Imphal,Phishing,Medium,E-commerce,1873169,24932,Organization,Investigating
CR08574,16-01-2026,Andaman and Nicobar Islands,Port Blair,Data Breach,Medium,Healthcare,4522776,20434,Organization,Open
CR08575,23-10-2025,Assam,Silchar,Data Breach,Critical,Education,4582199,19334,User Report,Open
CR08576,31-07-2024,Nagaland,Kohima,Ransomware,Critical,Personal,2796486,42494,User Report,Resolved
CR08577,03-08-2024,Jammu and Kashmir,Srinagar,Malware,Critical,Government,3135743,12039,User Report,Resolved
CR08578,12-04-2024,Dadra and Nagar Haveli and Daman and Diu,Silvassa,DDoS,Low,Healthcare,4514516,27078,User Report,Investigating
CR08579,12-07-2026,Odisha,Bhubaneswar,Online Fraud,Critical,IT,2450489,3270,Organization,Open
CR08580,23-07-2024,Gujarat,Rajkot,Phishing,Critical,Banking,213567,17687,News,Resolved
CR08581,19-12-2024,Delhi,New Delhi,Data Breach,Low,Government,1946330,20944,User Report,Resolved
CR08582,03-01-2024,Goa,Margao,Phishing,Low,Corporate,2025180,17026,CERT-In,Open
CR08583,25-08-2024,Nagaland,Dimapur,Online Fraud,Low,E-commerce,2448580,15124,CERT-In,Investigating
CR08584,05-07-2026,Kerala,Thiruvananthapuram,Identity Theft,Low,Banking,553615,1229,CERT-In,Investigating
CR08585,09-11-2024,Lakshadweep,Kavaratti,Phishing,High,Healthcare,2050831,35450,News,Resolved
CR08586,25-04-2024,Mizoram,Aizawl,Phishing,Low,Education,1108177,34140,CERT-In,Resolved
CR08587,07-04-2026,Dadra and Nagar Haveli and Daman and Diu,Daman,Ransomware,Medium,Corporate,4390986,31238,User Report,Investigating
CR08588,10-04-2025,Madhya Pradesh,Gwalior,DDoS,Critical,IT,2460748,23369,News,Investigating
CR08589,29-01-2024,Uttarakhand,Haridwar,Online Fraud,High,E-commerce,3722424,10221,User Report,Investigating
CR08590,19-01-2025,Goa,Panaji,Ransomware,High,E-commerce,330379,8864,Organization,Open
CR08591,11-01-2024,Manipur,Imphal,Malware,Low,Government,762956,26161,Organization,Open
CR08592,26-12-2024,Mizoram,Aizawl,Identity Theft,Medium,Government,1985073,48705,CERT-In,Open
CR08593,03-03-2026,Nagaland,Dimapur,Ransomware,Critical,Personal,3458682,40187,News,Open
CR08594,08-03-2025,Madhya Pradesh,Gwalior,Data Breach,Medium,Healthcare,2552508,2127,CERT-In,Resolved
CR08595,22-10-2024,Lakshadweep,Kavaratti,Online Fraud,Medium,E-commerce,4457854,6948,User Report,Open
CR08596,31-01-2026,Uttarakhand,Dehradun,Data Breach,High,Education,1306157,22058,Organization,Investigating
CR08597,04-04-2026,Karnataka,Bengaluru,Identity Theft,Critical,E-commerce,2540442,32382,News,Investigating
CR08598,01-06-2026,Assam,Guwahati,Malware,Low,Banking,3844571,22037,CERT-In,Open
CR08599,29-03-2026,Madhya Pradesh,Indore,Data Breach,Low,Banking,1842902,25207,News,Resolved
CR08600,07-04-2025,Mizoram,Aizawl,Malware,Low,Education,2641087,26579,User Report,Resolved
CR08601,22-05-2025,Bihar,Gaya,Ransomware,High,E-commerce,1437398,44597,User Report,Resolved
CR08602,25-01-2025,Bihar,Patna,DDoS,Low,Government,4733072,40291,Organization,Resolved
CR08603,09-07-2026,Meghalaya,Shillong,Ransomware,High,IT,3303514,38769,News,Investigating
CR08604,16-03-2026,Uttarakhand,Dehradun,Malware,High,Healthcare,2021150,10843,Organization,Open
CR08605,13-02-2025,Karnataka,Bengaluru,Identity Theft,Medium,IT,499616,23422,News,Open
CR08606,05-07-2025,Assam,Dibrugarh,Ransomware,Low,Banking,238576,5852,News,Resolved
CR08607,13-09-2025,Haryana,Gurugram,Phishing,High,Corporate,3801147,4332,Organization,Resolved
CR08608,18-07-2026,Goa,Margao,DDoS,High,Corporate,2476118,38942,CERT-In,Investigating
CR08609,08-11-2024,Nagaland,Kohima,Malware,Medium,Personal,1260555,27770,Organization,Resolved
CR08610,03-04-2025,Ladakh,Leh,Ransomware,Critical,Personal,4758328,2642,Organization,Investigating
CR08611,23-04-2025,Andhra Pradesh,Vijayawada,Data Breach,High,Healthcare,3092678,36338,Organization,Resolved
CR08612,16-11-2024,Manipur,Imphal,Data Breach,Critical,Corporate,542058,270,User Report,Investigating
CR08613,10-05-2025,Haryana,Panipat,Identity Theft,High,E-commerce,1211232,6305,CERT-In,Investigating
CR08614,07-08-2025,Rajasthan,Udaipur,Phishing,High,Personal,4207945,7010,CERT-In,Resolved
CR08615,19-06-2024,Telangana,Warangal,Malware,High,Corporate,2960306,34193,User Report,Investigating
CR08616,26-09-2025,Haryana,Faridabad,Malware,Critical,E-commerce,514426,24717,Organization,Resolved
CR08617,17-01-2025,Telangana,Warangal,Malware,Medium,Healthcare,1270075,36870,User Report,Open
CR08618,26-04-2024,Uttar Pradesh,Noida,Online Fraud,Medium,Personal,4350811,14355,CERT-In,Resolved
CR08619,15-12-2024,Gujarat,Vadodara,Online Fraud,Critical,Corporate,2107904,16263,Organization,Open
CR08620,13-09-2025,Tripura,Agartala,Online Fraud,Medium,Education,1715378,21063,User Report,Investigating
CR08621,16-02-2025,Uttar Pradesh,Kanpur,Malware,Low,Corporate,912818,47688,Organization,Investigating
CR08622,06-08-2025,Maharashtra,Nagpur,Malware,Medium,Personal,1126440,735,Organization,Investigating
CR08623,26-11-2024,Nagaland,Dimapur,Phishing,High,Healthcare,2121000,3304,Organization,Resolved
CR08624,23-01-2025,Chandigarh,Chandigarh,Data Breach,Low,Healthcare,2874927,20840,News,Investigating
CR08625,01-05-2024,Dadra and Nagar Haveli and Daman and Diu,Daman,Malware,High,Healthcare,409653,32848,User Report,Resolved
CR08626,18-12-2024,Odisha,Bhubaneswar,Identity Theft,High,Healthcare,3800584,4482,News,Open
CR08627,26-05-2024,Tamil Nadu,Madurai,Phishing,Critical,Banking,491619,16792,CERT-In,Resolved
CR08628,10-07-2024,Ladakh,Leh,Identity Theft,Medium,E-commerce,2578119,8626,CERT-In,Resolved
CR08629,05-08-2025,Andhra Pradesh,Guntur,Identity Theft,Critical,Banking,4035360,37122,CERT-In,Open
CR08630,06-02-2025,Tamil Nadu,Chennai,Data Breach,Critical,Education,1193377,11184,News,Open
CR08631,03-06-2026,Tamil Nadu,Coimbatore,Online Fraud,High,Personal,3599462,19600,User Report,Investigating
CR08632,25-07-2026,Karnataka,Bengaluru,Phishing,High,Personal,3740781,35485,Organization,Investigating
CR08633,15-09-2024,Haryana,Gurugram,Identity Theft,Low,Corporate,702537,47223,Organization,Investigating
CR08634,20-11-2025,Goa,Panaji,Identity Theft,Low,Banking,4408041,3602,Organization,Investigating
CR08635,07-09-2024,Manipur,Imphal,Ransomware,Low,IT,4011780,32453,User Report,Investigating
CR08636,11-04-2025,Nagaland,Kohima,Online Fraud,High,Personal,2221432,20475,User Report,Open
CR08637,22-06-2025,Kerala,Kochi,Ransomware,Critical,Personal,2439021,14941,User Report,Resolved
CR08638,11-03-2025,Nagaland,Kohima,Phishing,Low,Healthcare,2752841,23930,News,Open
CR08639,17-01-2025,Bihar,Muzaffarpur,Malware,Critical,IT,659531,41064,Organization,Resolved
CR08640,03-08-2024,Puducherry,Puducherry,Malware,Critical,Government,1097598,30678,CERT-In,Resolved
CR08641,28-11-2025,Assam,Guwahati,Online Fraud,Medium,E-commerce,4506838,29783,CERT-In,Resolved
CR08642,01-08-2024,Arunachal Pradesh,Itanagar,DDoS,Medium,Banking,734743,23395,User Report,Investigating
CR08643,10-01-2026,Uttarakhand,Dehradun,Identity Theft,Medium,IT,3128611,46418,News,Investigating
CR08644,10-05-2024,Tripura,Agartala,Phishing,High,Healthcare,2900893,9900,CERT-In,Resolved
CR08645,04-05-2026,Arunachal Pradesh,Itanagar,Ransomware,High,Education,2307477,49804,CERT-In,Resolved
CR08646,22-02-2026,Kerala,Kochi,Malware,High,IT,3603247,15200,News,Open
CR08647,04-05-2025,Meghalaya,Shillong,Malware,High,Healthcare,4139647,1013,Organization,Investigating
CR08648,13-08-2024,Delhi,New Delhi,Data Breach,Low,IT,65850,28438,CERT-In,Resolved
CR08649,16-01-2024,Karnataka,Mangaluru,Online Fraud,High,E-commerce,1459649,6082,CERT-In,Open
CR08650,31-07-2025,Karnataka,Bengaluru,Phishing,Low,E-commerce,3645946,48507,Organization,Open
CR08651,23-03-2026,Chandigarh,Chandigarh,Data Breach,Medium,Personal,1934606,8615,News,Open
CR08652,18-10-2024,Ladakh,Leh,Identity Theft,Low,E-commerce,2357135,30674,News,Investigating
CR08653,27-06-2026,Chhattisgarh,Raipur,Malware,Low,Government,930996,29378,CERT-In,Investigating
CR08654,13-05-2026,Tripura,Agartala,Identity Theft,Low,Healthcare,3117361,32486,CERT-In,Open
CR08655,11-10-2025,Lakshadweep,Kavaratti,Online Fraud,Medium,E-commerce,4807992,18853,CERT-In,Open
CR08656,30-12-2025,Meghalaya,Shillong,Phishing,High,Government,2123663,48785,User Report,Open
CR08657,14-01-2026,Maharashtra,Nashik,Online Fraud,High,Education,3872913,40690,Organization,Investigating
CR08658,23-07-2025,Arunachal Pradesh,Naharlagun,Identity Theft,Medium,Healthcare,1664842,12002,User Report,Open
CR08659,26-03-2025,Meghalaya,Shillong,DDoS,Low,Banking,2573327,40124,News,Investigating
CR08660,05-07-2025,Puducherry,Puducherry,Ransomware,Critical,E-commerce,117696,9192,CERT-In,Investigating
CR08661,04-10-2025,Mizoram,Aizawl,Malware,Critical,Government,4952995,17331,News,Resolved
CR08662,02-02-2024,Arunachal Pradesh,Naharlagun,Malware,Medium,Education,306822,18956,User Report,Open
CR08663,24-05-2026,Ladakh,Leh,Identity Theft,High,Banking,3279196,42632,User Report,Open
CR08664,12-06-2024,Uttarakhand,Dehradun,Phishing,Critical,Banking,1084322,47996,CERT-In,Open
CR08665,25-02-2025,Ladakh,Leh,Phishing,Low,Banking,1306582,29849,News,Resolved
CR08666,10-04-2025,Puducherry,Puducherry,Identity Theft,High,Education,1281255,35232,CERT-In,Investigating
CR08667,01-06-2026,Arunachal Pradesh,Naharlagun,DDoS,Medium,E-commerce,1801246,37134,Organization,Open
CR08668,11-06-2026,Punjab,Ludhiana,DDoS,High,Banking,4419974,37458,News,Open
CR08669,07-05-2024,Andhra Pradesh,Vijayawada,DDoS,Low,Education,2512304,38994,User Report,Investigating
CR08670,21-01-2024,Madhya Pradesh,Bhopal,Online Fraud,Medium,Government,91306,32652,News,Open
CR08671,26-06-2024,Punjab,Chandigarh,Identity Theft,Medium,Banking,4298446,41524,User Report,Resolved
CR08672,26-09-2024,Manipur,Imphal,Phishing,Low,Corporate,1544521,14917,CERT-In,Open
CR08673,11-03-2025,Jharkhand,Ranchi,Ransomware,Critical,Education,3562337,19255,News,Open
CR08674,08-11-2024,Delhi,New Delhi,Malware,High,Education,176748,12252,User Report,Open
CR08675,04-01-2024,Dadra and Nagar Haveli and Daman and Diu,Daman,Ransomware,Medium,Banking,1293857,9365,Organization,Investigating
CR08676,07-05-2024,Karnataka,Bengaluru,Ransomware,Low,IT,3199981,49689,User Report,Investigating
CR08677,26-03-2026,Arunachal Pradesh,Itanagar,Online Fraud,Medium,Personal,554472,19091,User Report,Open
CR08678,09-12-2024,Himachal Pradesh,Shimla,Online Fraud,High,Government,636942,28026,User Report,Resolved
CR08679,14-02-2024,Ladakh,Leh,Data Breach,Low,Government,2075676,24767,CERT-In,Open
CR08680,20-01-2026,Bihar,Muzaffarpur,Data Breach,Critical,Personal,552811,31266,Organization,Investigating
CR08681,15-01-2024,Bihar,Muzaffarpur,Online Fraud,Low,Corporate,1136284,38431,CERT-In,Resolved
CR08682,13-11-2025,Himachal Pradesh,Dharamshala,Online Fraud,Critical,Education,861585,18595,Organization,Resolved
CR08683,24-02-2026,Tamil Nadu,Chennai,Identity Theft,Low,Personal,130294,30258,Organization,Resolved
CR08684,29-06-2026,Haryana,Gurugram,Ransomware,Critical,Corporate,3117037,44119,News,Open
CR08685,13-10-2025,Haryana,Faridabad,Ransomware,Low,IT,1474595,20646,News,Open
CR08686,19-07-2024,Mizoram,Aizawl,Data Breach,Critical,Corporate,4387870,9587,Organization,Open
CR08687,27-07-2026,Telangana,Hyderabad,Malware,Medium,E-commerce,4194793,20329,CERT-In,Investigating
CR08688,10-07-2026,Andhra Pradesh,Guntur,Malware,Low,Banking,4843107,46587,CERT-In,Resolved
CR08689,13-02-2024,Chhattisgarh,Bilaspur,Online Fraud,Critical,Corporate,3032101,1672,User Report,Investigating
CR08690,25-02-2024,Arunachal Pradesh,Naharlagun,DDoS,Critical,Banking,2095427,48177,Organization,Investigating
CR08691,17-04-2026,Gujarat,Ahmedabad,Online Fraud,Low,Healthcare,1666727,21873,User Report,Resolved
CR08692,19-02-2024,Tamil Nadu,Coimbatore,DDoS,Low,Government,298784,22226,News,Investigating
CR08693,28-06-2026,Manipur,Imphal,Phishing,Medium,Education,2071661,49150,News,Resolved
CR08694,09-06-2026,Andaman and Nicobar Islands,Port Blair,Online Fraud,High,Personal,450135,46814,CERT-In,Resolved
CR08695,23-01-2025,Uttar Pradesh,Noida,Ransomware,High,Corporate,421334,26950,CERT-In,Resolved
CR08696,12-10-2025,Gujarat,Rajkot,Identity Theft,Medium,Personal,1220081,43449,User Report,Resolved
CR08697,19-04-2024,Chhattisgarh,Bilaspur,DDoS,High,Education,2502270,2781,User Report,Investigating
CR08698,10-11-2025,Punjab,Chandigarh,Online Fraud,High,E-commerce,1409955,5154,CERT-In,Resolved
CR08699,08-11-2024,Punjab,Amritsar,Phishing,Critical,Government,2676904,34489,News,Open
CR08700,21-03-2024,Tamil Nadu,Coimbatore,Malware,High,Corporate,1938144,41450,News,Open
CR08701,12-07-2025,Goa,Panaji,Identity Theft,High,E-commerce,1621477,38422,User Report,Investigating
CR08702,26-03-2026,Kerala,Kochi,Data Breach,High,Government,3891991,32682,News,Open
CR08703,17-03-2024,Andhra Pradesh,Vijayawada,Identity Theft,High,Corporate,4855387,45844,CERT-In,Investigating
CR08704,24-11-2025,Punjab,Chandigarh,DDoS,High,Healthcare,1831846,3906,News,Resolved
CR08705,04-05-2026,Madhya Pradesh,Indore,Data Breach,High,Government,1716877,34117,News,Investigating
CR08706,30-01-2025,Nagaland,Dimapur,Identity Theft,Low,Healthcare,677042,33389,News,Open
CR08707,05-11-2024,Chhattisgarh,Bilaspur,DDoS,Low,IT,45961,14067,User Report,Investigating
CR08708,29-04-2026,Andaman and Nicobar Islands,Port Blair,Phishing,Critical,Healthcare,1007525,20160,CERT-In,Resolved
CR08709,05-10-2024,Chhattisgarh,Bilaspur,Online Fraud,Critical,IT,114650,31886,Organization,Resolved
CR08710,16-11-2024,Manipur,Imphal,Identity Theft,Low,IT,4923968,20312,Organization,Resolved
CR08711,10-12-2025,Arunachal Pradesh,Itanagar,Identity Theft,High,Personal,228013,41867,CERT-In,Resolved
CR08712,25-02-2025,Tripura,Agartala,Phishing,Medium,Government,1505108,7954,Organization,Open
CR08713,30-05-2026,Meghalaya,Shillong,Identity Theft,Low,Personal,10127,36392,News,Open
CR08714,21-05-2025,Gujarat,Vadodara,Data Breach,Low,Healthcare,4847741,4605,News,Resolved
CR08715,06-11-2025,Andaman and Nicobar Islands,Port Blair,DDoS,Medium,Corporate,978603,16430,User Report,Resolved
CR08716,18-06-2025,Maharashtra,Pune,Data Breach,Medium,Banking,2191792,43827,Organization,Open
CR08717,26-02-2026,Assam,Silchar,Malware,Medium,Healthcare,3918110,46199,CERT-In,Open
CR08718,28-04-2024,Karnataka,Mangaluru,Data Breach,High,Education,2678866,20625,News,Open
CR08719,17-07-2024,Andaman and Nicobar Islands,Port Blair,Data Breach,High,Government,3125345,10861,CERT-In,Open
CR08720,02-11-2025,Punjab,Chandigarh,Online Fraud,Low,Banking,4594058,39763,CERT-In,Open
CR08721,14-04-2025,Madhya Pradesh,Bhopal,DDoS,Medium,Banking,3580855,22659,User Report,Resolved
CR08722,25-06-2024,West Bengal,Durgapur,Phishing,High,Education,4819477,24030,Organization,Investigating
CR08723,31-03-2026,Tripura,Agartala,Phishing,Low,IT,448532,48804,Organization,Resolved
CR08724,23-06-2025,Rajasthan,Udaipur,Ransomware,Critical,Education,4778497,19907,News,Investigating
CR08725,13-10-2024,West Bengal,Durgapur,Online Fraud,High,Personal,4694120,17507,News,Investigating
CR08726,14-05-2024,Andhra Pradesh,Guntur,DDoS,Low,IT,2947823,45459,CERT-In,Open
CR08727,23-04-2024,Nagaland,Kohima,DDoS,Critical,Corporate,3823197,13700,User Report,Investigating
CR08728,31-05-2025,Kerala,Thiruvananthapuram,Online Fraud,Low,Corporate,760216,47823,User Report,Investigating
CR08729,04-07-2025,Manipur,Imphal,Ransomware,High,IT,1688070,35294,User Report,Resolved
CR08730,22-06-2025,Manipur,Imphal,Ransomware,Medium,Government,4972749,30912,CERT-In,Open
CR08731,02-04-2026,West Bengal,Kolkata,Online Fraud,Medium,Personal,645068,29752,User Report,Open
CR08732,27-05-2024,Delhi,New Delhi,Ransomware,Low,Government,3895992,8682,User Report,Investigating
CR08733,18-03-2026,Chandigarh,Chandigarh,Online Fraud,Critical,Banking,4083800,49082,CERT-In,Investigating
CR08734,20-12-2024,Uttar Pradesh,Kanpur,Malware,High,E-commerce,4467558,8935,CERT-In,Investigating
CR08735,06-06-2025,Assam,Guwahati,Data Breach,Low,Corporate,4249186,6577,News,Investigating
CR08736,31-07-2025,Uttar Pradesh,Varanasi,Data Breach,Medium,Banking,4336739,2342,News,Open
CR08737,22-01-2025,Nagaland,Dimapur,Malware,Critical,Government,1038179,25431,News,Resolved
CR08738,08-10-2025,Kerala,Kozhikode,Identity Theft,Critical,Education,1457907,41636,News,Resolved
CR08739,16-05-2025,Gujarat,Surat,Malware,Low,Corporate,1311096,36095,CERT-In,Resolved
CR08740,20-02-2025,Gujarat,Vadodara,Malware,Critical,E-commerce,2048470,25204,User Report,Investigating
CR08741,26-03-2025,Meghalaya,Shillong,DDoS,Medium,Government,2289544,4704,Organization,Investigating
CR08742,07-10-2024,Andhra Pradesh,Guntur,Phishing,Low,E-commerce,2757060,38290,Organization,Investigating
CR08743,08-02-2025,Goa,Panaji,DDoS,Critical,IT,2204462,37593,User Report,Investigating
CR08744,14-11-2024,Tamil Nadu,Madurai,Online Fraud,Medium,Healthcare,4512950,4252,CERT-In,Resolved
CR08745,04-08-2025,Tamil Nadu,Madurai,DDoS,Medium,Banking,559137,30326,News,Open
CR08746,13-08-2025,Arunachal Pradesh,Naharlagun,Data Breach,Low,Banking,3388963,10232,User Report,Open
CR08747,17-09-2025,Puducherry,Puducherry,Ransomware,Critical,Healthcare,3514311,24754,User Report,Investigating
CR08748,23-05-2026,Madhya Pradesh,Indore,Data Breach,Critical,E-commerce,2642635,17856,User Report,Investigating
CR08749,02-12-2025,Madhya Pradesh,Gwalior,Online Fraud,Low,Personal,1668456,8031,User Report,Open
CR08750,26-02-2025,Odisha,Bhubaneswar,Ransomware,High,Corporate,3312119,3304,User Report,Resolved
CR08751,25-08-2024,Maharashtra,Nagpur,Malware,Medium,Government,3575494,39965,CERT-In,Resolved
CR08752,28-05-2026,Madhya Pradesh,Bhopal,DDoS,Medium,IT,2750785,36346,User Report,Investigating
CR08753,04-01-2025,Mizoram,Aizawl,Online Fraud,Critical,Government,3046935,1032,News,Open
CR08754,29-04-2024,Assam,Dibrugarh,Malware,Low,Education,4869696,7241,CERT-In,Open
CR08755,23-02-2026,Assam,Dibrugarh,Identity Theft,Critical,E-commerce,3968009,28515,CERT-In,Investigating
CR08756,18-09-2024,Odisha,Cuttack,Online Fraud,Medium,Government,459356,23146,Organization,Investigating
CR08757,03-06-2025,West Bengal,Siliguri,Online Fraud,High,E-commerce,192456,41481,News,Investigating
CR08758,31-01-2024,Chhattisgarh,Raipur,Ransomware,Medium,Personal,3381047,12711,News,Investigating
CR08759,17-07-2024,Mizoram,Aizawl,Identity Theft,High,Education,130494,44652,CERT-In,Investigating
CR08760,07-07-2026,Tripura,Agartala,Ransomware,Medium,Corporate,3978762,8709,CERT-In,Resolved
CR08761,31-01-2025,Dadra and Nagar Haveli and Daman and Diu,Silvassa,Malware,Critical,Corporate,4118876,19525,User Report,Resolved
CR08762,26-10-2025,Delhi,New Delhi,Ransomware,Critical,E-commerce,3069103,6924,Organization,Open
CR08763,01-04-2024,Dadra and Nagar Haveli and Daman and Diu,Silvassa,Ransomware,Low,Healthcare,3920804,43463,CERT-In,Investigating
CR08764,28-10-2024,Rajasthan,Udaipur,Online Fraud,Low,Healthcare,3094164,37807,CERT-In,Open
CR08765,07-06-2026,Nagaland,Dimapur,Online Fraud,Critical,Personal,992681,9499,News,Open
CR08766,28-02-2025,Odisha,Cuttack,Online Fraud,Low,Personal,2086767,38924,User Report,Open
CR08767,15-07-2025,Tripura,Agartala,Phishing,Low,Education,2080805,15927,News,Resolved
CR08768,04-11-2025,Bihar,Muzaffarpur,Online Fraud,Low,E-commerce,510440,16387,User Report,Resolved
CR08769,26-07-2026,Andaman and Nicobar Islands,Port Blair,Ransomware,Low,Government,2637019,39541,News,Resolved
CR08770,07-11-2024,Andhra Pradesh,Visakhapatnam,Ransomware,Low,Government,2205477,4789,User Report,Resolved
CR08771,09-11-2025,Puducherry,Puducherry,Data Breach,Low,Healthcare,1189942,11544,News,Resolved
CR08772,25-07-2026,Sikkim,Gangtok,Data Breach,Critical,Healthcare,3227517,39810,CERT-In,Open
CR08773,20-12-2024,Jharkhand,Jamshedpur,Online Fraud,Critical,Personal,3762839,38756,CERT-In,Open
CR08774,03-06-2024,Haryana,Gurugram,Malware,Medium,IT,1061592,17200,User Report,Investigating
CR08775,15-10-2025,Jammu and Kashmir,Srinagar,Phishing,Medium,Healthcare,3560195,5849,CERT-In,Open
CR08776,12-04-2025,Ladakh,Leh,Data Breach,High,Corporate,2712819,3997,News,Investigating
CR08777,06-05-2025,Tripura,Agartala,Online Fraud,Critical,Government,1579236,44140,CERT-In,Open
CR08778,02-11-2024,Manipur,Imphal,Online Fraud,Critical,Personal,309081,39081,CERT-In,Resolved
CR08779,07-02-2026,Telangana,Warangal,Data Breach,High,Government,3133806,26516,Organization,Investigating
CR08780,19-11-2024,Himachal Pradesh,Dharamshala,Data Breach,Low,Healthcare,1227552,19766,User Report,Open
CR08781,15-09-2025,Jammu and Kashmir,Srinagar,Online Fraud,Low,Government,4919320,2222,User Report,Resolved
CR08782,04-12-2025,Karnataka,Mangaluru,Phishing,Medium,E-commerce,1202881,38377,User Report,Resolved
CR08783,06-05-2024,Uttar Pradesh,Kanpur,DDoS,Medium,Banking,1441416,39582,News,Resolved
CR08784,02-04-2024,Tripura,Agartala,Malware,Medium,IT,335426,33420,Organization,Open
CR08785,30-01-2024,Himachal Pradesh,Shimla,Malware,Medium,E-commerce,3680753,33025,News,Open
CR08786,08-05-2025,Jharkhand,Ranchi,Malware,Medium,Corporate,3897353,23108,Organization,Resolved
CR08787,03-12-2025,Puducherry,Puducherry,Online Fraud,Medium,Corporate,3008439,48575,News,Open
CR08788,30-11-2025,Telangana,Warangal,Phishing,Medium,Healthcare,69623,20564,CERT-In,Open
CR08789,02-06-2026,Nagaland,Dimapur,Ransomware,Low,Government,4772034,3950,News,Investigating
CR08790,27-07-2025,Chhattisgarh,Bilaspur,Malware,Low,Healthcare,520947,25556,News,Resolved
CR08791,11-06-2025,Punjab,Amritsar,Malware,High,Education,3149223,23702,Organization,Open
CR08792,08-01-2025,Nagaland,Dimapur,DDoS,Low,Education,3185087,23139,CERT-In,Resolved
CR08793,21-07-2024,Himachal Pradesh,Shimla,Malware,High,Government,1986447,35748,Organization,Investigating
CR08794,10-05-2024,Punjab,Amritsar,Phishing,High,Government,1808757,37837,Organization,Investigating
CR08795,08-12-2025,Mizoram,Aizawl,Malware,Low,Corporate,2204910,8759,User Report,Investigating
CR08796,25-03-2025,Gujarat,Ahmedabad,Online Fraud,Low,Healthcare,1474912,32199,User Report,Investigating
CR08797,29-12-2025,Mizoram,Aizawl,Online Fraud,Medium,IT,4172307,33316,Organization,Investigating
CR08798,19-10-2024,Rajasthan,Jaipur,Identity Theft,High,Banking,1024306,15615,User Report,Investigating
CR08799,15-01-2026,Tripura,Agartala,Data Breach,Critical,E-commerce,1916888,33311,News,Open
CR08800,27-07-2025,Tamil Nadu,Chennai,Ransomware,Low,Healthcare,806357,10757,Organization,Investigating
CR08801,05-03-2025,Uttarakhand,Dehradun,Data Breach,Medium,E-commerce,3643816,10274,User Report,Resolved
CR08802,04-06-2025,Odisha,Cuttack,Malware,Critical,Education,4285552,8743,Organization,Open
CR08803,01-03-2025,Bihar,Gaya,Malware,Critical,Healthcare,3564956,29646,User Report,Investigating
CR08804,28-02-2024,Tripura,Agartala,Online Fraud,High,Banking,3264043,1696,Organization,Investigating
CR08805,31-01-2026,Gujarat,Vadodara,Phishing,Low,Education,1640370,45651,User Report,Resolved
CR08806,04-08-2024,Jammu and Kashmir,Jammu,Data Breach,High,Corporate,1679864,42584,User Report,Resolved
CR08807,05-01-2025,Jammu and Kashmir,Srinagar,Malware,Critical,Education,460197,21682,News,Open
CR08808,31-03-2024,Jammu and Kashmir,Srinagar,Data Breach,Medium,Banking,3537345,3605,CERT-In,Open
CR08809,02-05-2024,Andaman and Nicobar Islands,Port Blair,Data Breach,Critical,Personal,1355974,3823,News,Open
CR08810,24-06-2026,Assam,Dibrugarh,Ransomware,Critical,Corporate,294567,27167,Organization,Resolved
CR08811,22-05-2024,Gujarat,Surat,Ransomware,Medium,Corporate,1998552,4634,User Report,Resolved
CR08812,04-01-2026,Goa,Margao,Malware,Low,E-commerce,3272094,40486,User Report,Open
CR08813,11-01-2026,Tamil Nadu,Madurai,Ransomware,Medium,E-commerce,943881,12092,Organization,Resolved
CR08814,08-07-2026,Bihar,Gaya,Identity Theft,Low,Corporate,3864966,37307,CERT-In,Investigating
CR08815,10-02-2025,Tripura,Agartala,Online Fraud,High,Government,2257634,39716,User Report,Open
CR08816,12-03-2025,Tripura,Agartala,Ransomware,Medium,Government,1167364,23221,Organization,Investigating
CR08817,07-09-2024,Bihar,Gaya,Malware,Low,Banking,2482599,6562,CERT-In,Resolved
CR08818,14-10-2024,Nagaland,Kohima,Ransomware,Critical,Personal,2967809,41791,User Report,Open
CR08819,26-06-2024,Delhi,New Delhi,Online Fraud,Medium,Corporate,3691402,1469,User Report,Open
CR08820,24-10-2024,Telangana,Hyderabad,Online Fraud,Medium,Healthcare,4117501,30416,News,Investigating
CR08821,23-10-2025,Ladakh,Leh,Online Fraud,Critical,E-commerce,2976090,41815,News,Resolved
CR08822,19-05-2026,Madhya Pradesh,Indore,DDoS,Low,Banking,3706196,4202,CERT-In,Open
CR08823,17-06-2026,Delhi,New Delhi,Identity Theft,High,Corporate,856497,44216,CERT-In,Investigating
CR08824,06-06-2024,Punjab,Ludhiana,DDoS,Critical,Personal,4458680,14099,Organization,Open
CR08825,08-04-2024,Lakshadweep,Kavaratti,Phishing,High,Personal,2204909,19840,User Report,Investigating
CR08826,02-01-2024,Chandigarh,Chandigarh,Data Breach,Medium,Personal,4565540,2356,Organization,Resolved
CR08827,13-02-2025,Gujarat,Surat,Online Fraud,Medium,Government,2551975,21883,User Report,Resolved
CR08828,22-04-2026,Odisha,Cuttack,Phishing,Critical,Education,4452893,34826,CERT-In,Investigating
CR08829,12-04-2025,Nagaland,Kohima,Online Fraud,Critical,Government,2657496,44001,News,Investigating
CR08830,21-02-2026,Manipur,Imphal,DDoS,High,Education,2070854,45322,Organization,Open
CR08831,26-11-2024,Chandigarh,Chandigarh,Data Breach,Medium,IT,3614892,47989,Organization,Resolved
CR08832,26-06-2024,West Bengal,Siliguri,DDoS,Medium,Personal,4156524,5407,News,Resolved
CR08833,05-03-2025,Meghalaya,Shillong,Phishing,Critical,IT,2243189,29459,User Report,Open
CR08834,27-01-2025,Madhya Pradesh,Bhopal,Data Breach,Critical,IT,4127946,48632,News,Resolved
CR08835,27-05-2026,Himachal Pradesh,Dharamshala,Identity Theft,High,E-commerce,1050384,24070,User Report,Resolved
CR08836,06-04-2024,Punjab,Chandigarh,Ransomware,Medium,Healthcare,4574999,35936,Organization,Open
CR08837,18-03-2024,Odisha,Bhubaneswar,Malware,Medium,Corporate,2726960,34736,News,Open
CR08838,19-08-2025,West Bengal,Kolkata,Identity Theft,Medium,Corporate,3289574,38390,User Report,Resolved
CR08839,21-03-2024,Assam,Silchar,Ransomware,High,Banking,4017637,2833,Organization,Resolved
CR08840,04-02-2024,Andaman and Nicobar Islands,Port Blair,Online Fraud,Medium,Banking,3288399,45004,User Report,Open
CR08841,14-03-2026,Gujarat,Vadodara,Data Breach,Critical,Banking,2237850,10616,User Report,Resolved
CR08842,12-04-2024,Chhattisgarh,Bilaspur,Ransomware,High,IT,266074,32458,User Report,Investigating
CR08843,30-04-2025,Dadra and Nagar Haveli and Daman and Diu,Silvassa,Ransomware,Critical,Banking,555090,28270,News,Investigating
CR08844,21-07-2024,Kerala,Kochi,Online Fraud,Medium,E-commerce,124506,34619,CERT-In,Investigating
CR08845,27-01-2025,Haryana,Faridabad,Phishing,High,E-commerce,4851462,28379,User Report,Resolved
CR08846,06-10-2024,Arunachal Pradesh,Naharlagun,Data Breach,Medium,E-commerce,3572241,35981,News,Open
CR08847,28-01-2026,Manipur,Imphal,Malware,Critical,Healthcare,4254916,31053,News,Resolved
CR08848,01-07-2025,Puducherry,Puducherry,Online Fraud,Critical,Personal,2648098,25414,News,Investigating
CR08849,18-08-2025,Nagaland,Dimapur,Data Breach,High,Corporate,659937,9855,User Report,Investigating
CR08850,08-05-2024,Sikkim,Gangtok,Data Breach,Critical,Healthcare,1485581,7350,News,Open
CR08851,28-07-2024,Andaman and Nicobar Islands,Port Blair,Ransomware,Critical,Government,4082508,39853,Organization,Open
CR08852,15-06-2024,Dadra and Nagar Haveli and Daman and Diu,Daman,DDoS,Low,Banking,3108469,18939,User Report,Open
CR08853,30-09-2025,Himachal Pradesh,Shimla,Identity Theft,High,Healthcare,2293888,7015,Organization,Resolved
CR08854,03-05-2026,Punjab,Chandigarh,Identity Theft,Medium,Education,114000,38687,News,Investigating
CR08855,21-10-2025,Haryana,Panipat,Ransomware,Critical,IT,2499970,3906,CERT-In,Resolved
CR08856,19-10-2025,Odisha,Cuttack,Identity Theft,Medium,Education,2868733,5223,Organization,Open
CR08857,01-08-2024,Jharkhand,Jamshedpur,Ransomware,Critical,E-commerce,248164,21085,News,Investigating
CR08858,23-01-2026,Nagaland,Kohima,Online Fraud,Critical,Personal,4543431,3800,User Report,Resolved
CR08859,20-10-2025,Haryana,Panipat,Data Breach,High,Government,1683883,9199,CERT-In,Open
CR08860,07-03-2024,Assam,Silchar,Identity Theft,High,Education,805456,30211,News,Resolved
CR08861,03-04-2024,Mizoram,Aizawl,Identity Theft,High,IT,3292847,38371,Organization,Resolved
CR08862,29-11-2025,Jammu and Kashmir,Jammu,Identity Theft,Critical,IT,2711872,41411,Organization,Open
CR08863,11-04-2024,Tamil Nadu,Coimbatore,DDoS,Critical,Healthcare,3293518,8684,Organization,Resolved
CR08864,10-09-2025,Haryana,Faridabad,Identity Theft,Critical,Education,896215,35774,User Report,Investigating
CR08865,23-07-2026,Mizoram,Aizawl,Malware,High,IT,1170671,28380,CERT-In,Investigating
CR08866,13-11-2024,Sikkim,Gangtok,DDoS,High,IT,3169346,41231,News,Open
CR08867,08-09-2024,Mizoram,Aizawl,Online Fraud,High,Personal,1796017,19202,News,Resolved
CR08868,18-10-2025,Maharashtra,Nagpur,Online Fraud,Medium,Healthcare,2187016,7982,CERT-In,Open
CR08869,24-02-2026,West Bengal,Siliguri,Ransomware,Medium,Personal,2688533,38127,Organization,Open
CR08870,05-08-2024,Andaman and Nicobar Islands,Port Blair,Phishing,Critical,Banking,2548994,5888,User Report,Investigating
CR08871,17-12-2024,West Bengal,Siliguri,Phishing,Medium,Personal,4397225,34938,Organization,Resolved
CR08872,24-06-2025,Lakshadweep,Kavaratti,Ransomware,Critical,Banking,668976,18148,News,Resolved
CR08873,23-08-2024,Telangana,Warangal,Ransomware,Low,Corporate,3851198,29215,Organization,Open
CR08874,02-02-2025,Ladakh,Leh,DDoS,Low,Education,765322,3684,Organization,Investigating
CR08875,23-04-2026,Arunachal Pradesh,Naharlagun,Online Fraud,Critical,Healthcare,2142328,29495,User Report,Open
CR08876,03-01-2026,Meghalaya,Shillong,DDoS,High,Corporate,4192107,21884,News,Open
CR08877,05-09-2025,Mizoram,Aizawl,Malware,High,IT,2667426,28221,Organization,Investigating
CR08878,26-02-2024,Mizoram,Aizawl,Identity Theft,Medium,IT,2737844,16971,CERT-In,Investigating
CR08879,06-04-2025,Dadra and Nagar Haveli and Daman and Diu,Daman,Data Breach,Low,Education,2304862,25320,Organization,Open
CR08880,12-06-2024,Odisha,Bhubaneswar,Phishing,Low,Education,3706903,30475,Organization,Investigating
CR08881,30-05-2025,Nagaland,Dimapur,Identity Theft,Low,Government,4839918,6974,News,Investigating
CR08882,05-02-2026,Jharkhand,Jamshedpur,Malware,High,Healthcare,1245843,12153,CERT-In,Open
CR08883,22-01-2025,West Bengal,Kolkata,DDoS,High,Education,1468289,11819,News,Investigating
CR08884,05-07-2024,Uttarakhand,Haridwar,DDoS,Medium,Personal,4607751,43802,User Report,Investigating
CR08885,16-12-2024,Kerala,Thiruvananthapuram,DDoS,Low,E-commerce,3567883,13282,User Report,Resolved
CR08886,27-01-2025,Maharashtra,Pune,Online Fraud,Low,E-commerce,854481,23663,CERT-In,Investigating
CR08887,23-12-2024,Meghalaya,Shillong,Phishing,Medium,Government,272595,1935,News,Open
CR08888,26-04-2024,Manipur,Imphal,Online Fraud,Critical,Government,776109,41916,CERT-In,Investigating
CR08889,24-04-2025,Nagaland,Dimapur,Malware,Critical,Healthcare,2983797,31547,CERT-In,Open
CR08890,29-12-2024,Himachal Pradesh,Dharamshala,Ransomware,High,Healthcare,2094177,45389,News,Open
CR08891,01-08-2025,Dadra and Nagar Haveli and Daman and Diu,Silvassa,Data Breach,Low,Personal,610807,356,User Report,Open
CR08892,17-12-2025,Tamil Nadu,Madurai,Data Breach,High,IT,559739,11269,CERT-In,Open
CR08893,17-04-2025,Punjab,Chandigarh,Ransomware,Medium,E-commerce,4759608,40012,Organization,Resolved
CR08894,31-07-2024,Kerala,Thiruvananthapuram,Ransomware,Low,IT,3110270,25082,User Report,Resolved
CR08895,25-03-2026,Goa,Margao,Ransomware,Critical,Personal,1207476,25079,User Report,Open
CR08896,28-04-2026,Haryana,Panipat,Identity Theft,Critical,Education,4960545,33000,CERT-In,Investigating
CR08897,25-12-2024,Tripura,Agartala,Malware,High,Education,4634482,18190,Organization,Open
CR08898,21-12-2024,Ladakh,Leh,Ransomware,Low,Banking,2464076,4657,CERT-In,Resolved
CR08899,16-05-2025,Manipur,Imphal,Data Breach,Critical,Government,691105,15972,User Report,Investigating
CR08900,16-12-2024,Karnataka,Mysuru,Malware,High,Personal,3261424,44974,News,Open
CR08901,02-06-2025,Bihar,Muzaffarpur,Ransomware,Critical,Education,1109228,23068,CERT-In,Resolved
CR08902,25-09-2024,Jammu and Kashmir,Jammu,DDoS,Medium,Banking,4571695,27315,CERT-In,Open
CR08903,25-10-2024,Assam,Guwahati,Identity Theft,High,Personal,258690,30938,News,Resolved
CR08904,06-08-2025,Tripura,Agartala,Online Fraud,High,Personal,4946000,4107,User Report,Investigating
CR08905,02-01-2025,Chhattisgarh,Bilaspur,Identity Theft,Low,Banking,1238125,15842,News,Investigating
CR08906,29-10-2025,Maharashtra,Pune,Ransomware,Critical,Government,2592532,19515,Organization,Open
CR08907,02-10-2025,Gujarat,Vadodara,Online Fraud,Medium,Corporate,750437,40796,News,Open
CR08908,20-12-2024,Telangana,Warangal,Identity Theft,Critical,Banking,4495998,6398,Organization,Investigating
CR08909,03-05-2024,Gujarat,Vadodara,Online Fraud,Medium,Education,471578,5107,Organization,Open
CR08910,17-09-2025,Madhya Pradesh,Gwalior,Online Fraud,High,Government,1011936,10150,News,Resolved
CR08911,17-10-2024,Bihar,Muzaffarpur,Ransomware,High,Personal,3656316,44884,User Report,Investigating
CR08912,29-05-2026,Tripura,Agartala,Malware,Medium,IT,1827615,20182,News,Investigating
CR08913,08-12-2024,Arunachal Pradesh,Itanagar,Ransomware,Medium,Education,4778559,17034,Organization,Open
CR08914,22-01-2024,Madhya Pradesh,Gwalior,Phishing,High,E-commerce,4563639,38031,News,Resolved
CR08915,21-03-2024,Maharashtra,Nashik,Data Breach,Low,Banking,4570733,796,User Report,Resolved
CR08916,20-01-2025,Chandigarh,Chandigarh,Ransomware,High,Education,4129777,13651,CERT-In,Investigating
CR08917,10-04-2024,Maharashtra,Nashik,Malware,Medium,Corporate,2980986,12715,News,Investigating
CR08918,28-08-2025,West Bengal,Siliguri,Online Fraud,High,Personal,2420578,11217,Organization,Resolved
CR08919,25-01-2025,Maharashtra,Pune,Identity Theft,Low,E-commerce,628900,25235,News,Open
CR08920,11-09-2025,Puducherry,Puducherry,Data Breach,Medium,Banking,4451202,28208,CERT-In,Open
CR08921,17-03-2026,Chhattisgarh,Bilaspur,DDoS,High,E-commerce,4413744,38158,Organization,Investigating
CR08922,15-12-2024,Punjab,Amritsar,Online Fraud,Low,Personal,3679603,15252,CERT-In,Open
CR08923,13-11-2025,Andhra Pradesh,Vijayawada,Ransomware,Critical,E-commerce,3518576,3267,News,Investigating
CR08924,01-01-2024,Maharashtra,Pune,DDoS,High,Corporate,2750351,12194,CERT-In,Investigating
CR08925,18-10-2024,Rajasthan,Udaipur,DDoS,Low,Corporate,410978,20748,User Report,Investigating
CR08926,10-10-2025,Lakshadweep,Kavaratti,Ransomware,Medium,IT,1076993,4075,CERT-In,Investigating
CR08927,24-09-2025,Telangana,Warangal,Data Breach,Medium,Personal,2268966,41389,Organization,Investigating
CR08928,07-02-2024,Himachal Pradesh,Dharamshala,DDoS,Low,E-commerce,3534428,39152,CERT-In,Investigating
CR08929,30-10-2024,Puducherry,Puducherry,Identity Theft,Medium,Government,3384235,35029,CERT-In,Open
CR08930,09-10-2025,Uttarakhand,Haridwar,DDoS,Medium,Corporate,275364,10315,CERT-In,Open
CR08931,10-02-2025,Lakshadweep,Kavaratti,DDoS,High,Government,2441461,24629,Organization,Investigating
CR08932,07-05-2025,Tamil Nadu,Chennai,Ransomware,Low,Personal,3350771,28315,News,Open
CR08933,19-05-2024,Maharashtra,Nagpur,Identity Theft,Low,Corporate,2501573,210,News,Resolved
CR08934,04-06-2026,Puducherry,Puducherry,DDoS,Critical,Government,3575121,21401,Organization,Open
CR08935,02-11-2025,Kerala,Kozhikode,Phishing,Medium,IT,2573710,39298,News,Investigating
CR08936,08-01-2024,Gujarat,Vadodara,Online Fraud,Critical,Government,734187,4618,User Report,Investigating
CR08937,11-02-2025,Assam,Dibrugarh,Malware,Medium,IT,878966,8542,User Report,Investigating
CR08938,03-05-2025,Lakshadweep,Kavaratti,Identity Theft,Medium,Government,4596617,13396,News,Resolved
CR08939,28-07-2026,Chandigarh,Chandigarh,Online Fraud,High,Healthcare,988195,6231,User Report,Investigating
CR08940,18-05-2026,Lakshadweep,Kavaratti,Malware,Critical,E-commerce,839179,12663,Organization,Open
CR08941,01-09-2025,Andhra Pradesh,Visakhapatnam,Phishing,High,Government,3393869,24848,User Report,Open
CR08942,23-09-2024,Karnataka,Mangaluru,Data Breach,Critical,Personal,4515625,48598,News,Open
CR08943,10-06-2025,Tripura,Agartala,Identity Theft,Critical,Healthcare,3075827,6220,Organization,Investigating
CR08944,10-08-2024,West Bengal,Kolkata,Phishing,High,IT,3423000,45334,CERT-In,Open
CR08945,15-01-2025,Andhra Pradesh,Visakhapatnam,Data Breach,High,Banking,258546,14196,User Report,Open
CR08946,31-08-2024,Goa,Panaji,Ransomware,Medium,E-commerce,4255024,42871,User Report,Open
CR08947,03-11-2024,Assam,Silchar,Identity Theft,Medium,E-commerce,764432,9752,News,Open
CR08948,29-07-2025,Madhya Pradesh,Indore,Data Breach,Critical,Government,2834772,10093,News,Open
CR08949,01-09-2025,Kerala,Kochi,DDoS,Low,Corporate,4562490,2751,CERT-In,Investigating
CR08950,05-01-2026,Jammu and Kashmir,Srinagar,Identity Theft,Critical,IT,1495086,16841,CERT-In,Resolved
CR08951,17-10-2024,Puducherry,Puducherry,Ransomware,Low,Government,653374,36998,CERT-In,Investigating
CR08952,30-09-2024,Kerala,Kochi,Online Fraud,Medium,Personal,1356501,559,Organization,Investigating
CR08953,16-02-2024,Sikkim,Gangtok,Online Fraud,Low,Banking,3344306,46601,User Report,Investigating
CR08954,20-06-2026,West Bengal,Siliguri,Identity Theft,High,E-commerce,861148,15606,User Report,Investigating
CR08955,22-01-2025,Himachal Pradesh,Dharamshala,Ransomware,Medium,Personal,765064,2603,News,Open
CR08956,17-10-2025,Ladakh,Leh,Malware,Medium,Education,1727923,16028,CERT-In,Investigating
CR08957,04-07-2026,Dadra and Nagar Haveli and Daman and Diu,Daman,Ransomware,High,Personal,1515947,12815,Organization,Open
CR08958,26-04-2025,Sikkim,Gangtok,Identity Theft,Critical,E-commerce,896830,42052,News,Open
CR08959,15-06-2024,West Bengal,Durgapur,Data Breach,High,Government,1450585,2611,Organization,Investigating
CR08960,11-05-2024,Karnataka,Mangaluru,Identity Theft,Critical,Education,3778433,36589,CERT-In,Investigating
CR08961,19-04-2025,Mizoram,Aizawl,Online Fraud,High,Government,2886351,18776,CERT-In,Investigating
CR08962,24-02-2026,Punjab,Chandigarh,Identity Theft,Medium,Education,294157,1892,CERT-In,Investigating
CR08963,23-01-2024,Jammu and Kashmir,Jammu,Malware,Low,E-commerce,3528863,15966,Organization,Investigating
CR08964,28-06-2026,Kerala,Kozhikode,Ransomware,Critical,E-commerce,2095955,18098,News,Open
CR08965,24-01-2025,Assam,Silchar,Ransomware,High,Government,2069197,30080,Organization,Open
CR08966,29-02-2024,Himachal Pradesh,Shimla,Phishing,Critical,IT,3773567,22853,CERT-In,Investigating
CR08967,10-03-2024,Goa,Margao,Identity Theft,High,E-commerce,4363979,28243,User Report,Investigating
CR08968,18-12-2025,Assam,Guwahati,Data Breach,Medium,IT,4338163,36715,User Report,Investigating
CR08969,21-02-2024,Lakshadweep,Kavaratti,Phishing,High,IT,1907133,6116,Organization,Investigating
CR08970,25-04-2025,Arunachal Pradesh,Naharlagun,Online Fraud,Medium,IT,4116292,20628,CERT-In,Open
CR08971,26-03-2026,Lakshadweep,Kavaratti,Ransomware,Low,Government,2481825,14699,User Report,Open
CR08972,16-11-2025,West Bengal,Siliguri,Data Breach,High,IT,202023,37310,News,Investigating
CR08973,13-11-2025,Puducherry,Puducherry,Online Fraud,High,Corporate,1656271,19649,CERT-In,Open
CR08974,25-03-2026,Himachal Pradesh,Shimla,Malware,Low,E-commerce,3412391,49431,User Report,Resolved
CR08975,08-12-2024,Arunachal Pradesh,Naharlagun,Online Fraud,Critical,Healthcare,1060536,28879,CERT-In,Investigating
CR08976,31-10-2024,Telangana,Hyderabad,DDoS,Medium,Healthcare,2799706,19081,Organization,Open
CR08977,20-03-2024,Chhattisgarh,Bilaspur,DDoS,Low,Banking,1894063,6714,Organization,Open
CR08978,10-07-2025,Nagaland,Dimapur,Malware,Critical,Healthcare,3186380,27862,User Report,Investigating
CR08979,21-01-2026,Haryana,Faridabad,Ransomware,Critical,Education,1669291,10069,CERT-In,Open
CR08980,08-01-2025,Uttar Pradesh,Kanpur,Identity Theft,High,Personal,3617388,26941,News,Resolved
CR08981,03-12-2024,Haryana,Panipat,Malware,Low,Healthcare,1399643,24582,CERT-In,Resolved
CR08982,16-08-2024,Goa,Margao,Identity Theft,Critical,Healthcare,2933152,25037,Organization,Open
CR08983,29-12-2025,Madhya Pradesh,Bhopal,Phishing,High,Banking,901525,28685,Organization,Investigating
CR08984,27-08-2024,Sikkim,Gangtok,Ransomware,Critical,Banking,4900281,34654,CERT-In,Open
CR08985,14-05-2025,Maharashtra,Nashik,Phishing,Low,Personal,3308463,45525,User Report,Open
CR08986,06-09-2025,Uttar Pradesh,Kanpur,DDoS,High,Corporate,316698,12028,CERT-In,Investigating
CR08987,11-03-2026,Rajasthan,Jodhpur,Malware,Critical,Government,2468006,32413,CERT-In,Investigating
CR08988,01-12-2024,Dadra and Nagar Haveli and Daman and Diu,Daman,Ransomware,Critical,Government,595675,29690,User Report,Resolved
CR08989,16-06-2026,Manipur,Imphal,Phishing,Low,Government,2160841,9328,Organization,Resolved
CR08990,17-11-2025,Haryana,Panipat,DDoS,Medium,Personal,2194507,33888,News,Investigating
CR08991,04-02-2024,Karnataka,Mangaluru,Ransomware,Medium,Education,451166,17421,News,Investigating
CR08992,14-08-2025,Haryana,Faridabad,Ransomware,Critical,Personal,4778917,945,Organization,Investigating
CR08993,19-09-2025,Madhya Pradesh,Indore,Ransomware,Medium,Banking,2291535,38315,News,Open
CR08994,05-06-2026,Manipur,Imphal,Ransomware,Critical,IT,3972642,36924,User Report,Investigating
CR08995,24-06-2024,Karnataka,Bengaluru,Identity Theft,Medium,Healthcare,1947201,26686,CERT-In,Resolved
CR08996,16-06-2025,Arunachal Pradesh,Naharlagun,Data Breach,Critical,E-commerce,1813787,24302,CERT-In,Investigating
CR08997,19-09-2024,Kerala,Thiruvananthapuram,Data Breach,High,Banking,3980009,27304,Organization,Open
CR08998,04-02-2025,Delhi,New Delhi,Data Breach,Critical,Healthcare,4998519,19787,User Report,Resolved
CR08999,27-03-2026,Jammu and Kashmir,Jammu,Data Breach,Medium,Education,2167490,25786,News,Open
CR09000,19-09-2025,Assam,Dibrugarh,Data Breach,Critical,Healthcare,2160854,9344,CERT-In,Open
CR09001,14-12-2025,Odisha,Bhubaneswar,Phishing,Low,Education,4648472,22105,CERT-In,Resolved
CR09002,12-08-2024,Meghalaya,Shillong,Identity Theft,Low,Banking,3815914,5303,Organization,Investigating
CR09003,02-04-2026,Himachal Pradesh,Shimla,Malware,Medium,E-commerce,1747084,35350,News,Open
CR09004,19-12-2025,Nagaland,Kohima,Malware,Medium,Personal,3448470,40865,News,Investigating
CR09005,08-07-2024,Manipur,Imphal,DDoS,Critical,Banking,4712284,26751,Organization,Investigating
CR09006,07-09-2024,Himachal Pradesh,Shimla,DDoS,Critical,Education,2565175,10364,News,Investigating
CR09007,14-01-2024,Ladakh,Leh,Phishing,Low,E-commerce,304001,27357,User Report,Open
CR09008,21-06-2026,Bihar,Patna,Data Breach,High,Personal,1787430,21279,Organization,Investigating
CR09009,06-07-2024,Punjab,Chandigarh,Phishing,Critical,Corporate,2297457,23086,CERT-In,Investigating
CR09010,13-07-2024,Uttar Pradesh,Varanasi,Identity Theft,High,E-commerce,117825,36794,News,Investigating
CR09011,10-03-2024,Nagaland,Kohima,DDoS,Low,Healthcare,984054,7825,News,Open
CR09012,16-10-2025,Goa,Margao,Online Fraud,Medium,Banking,536517,33712,News,Investigating
CR09013,04-08-2024,Chhattisgarh,Bilaspur,Data Breach,Medium,Corporate,1983871,15594,User Report,Investigating
CR09014,29-03-2026,Punjab,Amritsar,Data Breach,Critical,Government,4632785,35551,CERT-In,Open
CR09015,06-12-2024,Maharashtra,Mumbai,Data Breach,High,Personal,3696758,27075,CERT-In,Resolved
CR09016,19-02-2026,Uttar Pradesh,Kanpur,Phishing,Medium,Personal,1542442,11071,CERT-In,Resolved
CR09017,01-09-2025,Himachal Pradesh,Shimla,Malware,Critical,Government,2342603,4330,Organization,Investigating
CR09018,15-04-2024,Tripura,Agartala,Malware,Low,Banking,184005,18611,News,Resolved
CR09019,13-10-2024,West Bengal,Kolkata,DDoS,Medium,Personal,2395977,5364,News,Investigating
CR09020,19-02-2025,Tripura,Agartala,Ransomware,Low,IT,338533,7903,News,Resolved
CR09021,27-12-2024,Manipur,Imphal,Data Breach,High,IT,4426313,23001,Organization,Resolved
CR09022,07-04-2024,Chandigarh,Chandigarh,Data Breach,High,IT,1119563,32457,Organization,Open
CR09023,22-12-2025,Telangana,Hyderabad,Ransomware,Critical,Corporate,1121746,23085,News,Investigating
CR09024,03-11-2025,Uttar Pradesh,Kanpur,Identity Theft,High,Banking,2510388,14562,Organization,Open
CR09025,01-01-2025,Himachal Pradesh,Shimla,Data Breach,Critical,Education,170808,41885,CERT-In,Investigating
CR09026,06-04-2026,Chhattisgarh,Bilaspur,Malware,Medium,Banking,3529232,11712,User Report,Resolved
CR09027,30-03-2026,Telangana,Warangal,Data Breach,Medium,Banking,1802727,5702,Organization,Resolved
CR09028,16-08-2025,Bihar,Gaya,DDoS,Medium,Personal,215039,33171,User Report,Investigating
CR09029,17-01-2026,Tripura,Agartala,Online Fraud,Critical,E-commerce,3342975,16154,Organization,Resolved
CR09030,16-03-2025,Delhi,New Delhi,Online Fraud,Medium,IT,788366,38966,User Report,Investigating
CR09031,11-09-2025,Madhya Pradesh,Indore,Data Breach,Medium,Government,2332397,34753,CERT-In,Investigating
CR09032,23-01-2024,Meghalaya,Shillong,Online Fraud,Medium,IT,4545353,46806,CERT-In,Resolved
CR09033,19-06-2025,Bihar,Gaya,Phishing,Low,Healthcare,3304963,38579,Organization,Resolved
CR09034,16-04-2024,Himachal Pradesh,Shimla,DDoS,Medium,Personal,3892374,8638,News,Open
CR09035,28-01-2025,Tripura,Agartala,Phishing,Critical,Corporate,3252731,47273,CERT-In,Open
CR09036,16-06-2025,Chandigarh,Chandigarh,Data Breach,Medium,IT,4181864,26473,CERT-In,Open
CR09037,01-02-2024,Delhi,New Delhi,Data Breach,Medium,IT,357473,33338,News,Investigating
CR09038,06-05-2026,Mizoram,Aizawl,Ransomware,High,Corporate,3806961,7086,User Report,Open
CR09039,01-05-2026,Punjab,Chandigarh,Malware,Critical,Personal,4329688,32785,News,Investigating
CR09040,07-03-2024,Odisha,Bhubaneswar,Identity Theft,Medium,E-commerce,1924790,30892,News,Resolved
CR09041,02-08-2024,Punjab,Ludhiana,DDoS,Critical,IT,3002443,37989,Organization,Open
CR09042,20-04-2025,Puducherry,Puducherry,Malware,High,E-commerce,3480612,36577,News,Resolved
CR09043,10-08-2025,Tripura,Agartala,Identity Theft,Low,Banking,4385304,38303,Organization,Resolved
CR09044,01-07-2025,Telangana,Warangal,DDoS,Critical,Corporate,4969680,33784,Organization,Resolved
CR09045,15-04-2025,Uttar Pradesh,Kanpur,Malware,Medium,E-commerce,4346274,37634,CERT-In,Open
CR09046,09-03-2024,Tripura,Agartala,Online Fraud,Low,Healthcare,4933365,13567,User Report,Resolved
CR09047,18-01-2025,Mizoram,Aizawl,Ransomware,High,Personal,3219319,29973,News,Resolved
CR09048,26-07-2026,Madhya Pradesh,Gwalior,Phishing,Critical,E-commerce,1158811,21847,User Report,Open
CR09049,11-01-2024,Chandigarh,Chandigarh,Malware,Medium,Healthcare,2769383,5422,News,Open
CR09050,31-05-2026,Haryana,Panipat,Data Breach,Medium,Banking,1239430,30508,News,Investigating
CR09051,20-05-2026,Himachal Pradesh,Shimla,Identity Theft,High,Government,1783728,14213,Organization,Open
CR09052,29-12-2025,Bihar,Muzaffarpur,Phishing,Low,E-commerce,1294715,25851,News,Resolved
CR09053,27-11-2025,Himachal Pradesh,Dharamshala,Identity Theft,Critical,Corporate,83379,49858,CERT-In,Open
CR09054,30-05-2024,Karnataka,Mysuru,Online Fraud,Low,Healthcare,1388537,39428,User Report,Resolved
CR09055,04-04-2025,Assam,Silchar,Identity Theft,Medium,Healthcare,1375567,38273,Organization,Open
CR09056,08-03-2025,Uttar Pradesh,Kanpur,Phishing,Medium,Education,4818329,28401,News,Resolved
CR09057,01-08-2024,Chandigarh,Chandigarh,DDoS,Critical,Personal,374345,18970,News,Resolved
CR09058,16-03-2024,West Bengal,Siliguri,DDoS,Critical,E-commerce,3587944,7571,User Report,Resolved
CR09059,19-09-2024,Uttarakhand,Dehradun,Data Breach,Low,Education,3766253,43033,CERT-In,Resolved
CR09060,14-05-2025,Goa,Margao,Ransomware,Critical,Personal,4049012,47322,User Report,Investigating
CR09061,01-10-2025,Uttar Pradesh,Kanpur,Malware,Critical,E-commerce,4567150,32455,User Report,Open
CR09062,28-08-2024,Tripura,Agartala,DDoS,Low,Healthcare,1477759,41503,CERT-In,Investigating
CR09063,05-12-2024,Punjab,Amritsar,Ransomware,Medium,IT,4790315,10044,User Report,Investigating
CR09064,15-04-2026,Uttarakhand,Dehradun,Phishing,High,Healthcare,3990309,41882,Organization,Resolved
CR09065,09-01-2026,Sikkim,Gangtok,Ransomware,Critical,Healthcare,3892298,17499,News,Investigating
CR09066,09-11-2024,Telangana,Warangal,DDoS,Medium,Banking,2499184,1410,News,Investigating
CR09067,13-03-2024,Maharashtra,Mumbai,Online Fraud,Critical,Corporate,4565985,49715,Organization,Investigating
CR09068,13-01-2025,Mizoram,Aizawl,Identity Theft,Medium,IT,1914688,21354,User Report,Investigating
CR09069,15-02-2024,Puducherry,Puducherry,Online Fraud,High,Education,4096540,17166,Organization,Open
CR09070,05-01-2026,Bihar,Gaya,Ransomware,Low,Healthcare,3429922,46023,News,Open
CR09071,16-03-2024,Jammu and Kashmir,Srinagar,Data Breach,Medium,Government,2886888,44586,News,Investigating
CR09072,01-02-2025,Gujarat,Rajkot,DDoS,Medium,Government,3391351,42219,News,Investigating
CR09073,17-06-2025,Tripura,Agartala,Identity Theft,High,Banking,1408792,9882,CERT-In,Open
CR09074,18-01-2025,Bihar,Muzaffarpur,Online Fraud,Medium,Personal,1998433,34770,Organization,Investigating
CR09075,05-06-2025,Arunachal Pradesh,Naharlagun,Malware,High,Personal,4078955,30926,Organization,Open
CR09076,21-07-2026,Gujarat,Rajkot,Online Fraud,Critical,Education,3127819,45508,News,Resolved
CR09077,28-01-2026,Gujarat,Surat,Identity Theft,Low,IT,516752,48934,User Report,Resolved
CR09078,19-03-2024,Assam,Guwahati,Identity Theft,Low,Banking,3363649,9616,CERT-In,Open
CR09079,06-10-2025,Jammu and Kashmir,Srinagar,Ransomware,Critical,IT,519819,7152,CERT-In,Investigating
CR09080,18-04-2026,Nagaland,Dimapur,Ransomware,Medium,Education,3908500,48656,CERT-In,Resolved
CR09081,12-05-2025,Tripura,Agartala,Identity Theft,Medium,Banking,1280778,30486,Organization,Investigating
CR09082,05-02-2025,Madhya Pradesh,Gwalior,Malware,High,Corporate,1639356,46815,Organization,Open
CR09083,20-03-2025,Jammu and Kashmir,Jammu,Online Fraud,Medium,Government,3813300,1448,Organization,Open
CR09084,29-11-2024,Meghalaya,Shillong,Online Fraud,Medium,Government,254712,4025,News,Open
CR09085,09-05-2026,Manipur,Imphal,Online Fraud,Critical,Banking,3261652,4543,News,Open
CR09086,02-05-2026,Chhattisgarh,Raipur,DDoS,Critical,Education,677696,36274,CERT-In,Resolved
CR09087,23-05-2024,Gujarat,Ahmedabad,Online Fraud,Critical,Education,4546666,48140,Organization,Investigating
CR09088,19-10-2025,Bihar,Patna,Phishing,Low,Healthcare,566076,17859,Organization,Open
CR09089,11-11-2024,Sikkim,Gangtok,Malware,Medium,Healthcare,3444684,682,Organization,Investigating
CR09090,25-05-2026,Uttarakhand,Haridwar,Online Fraud,Low,Healthcare,4671589,24992,CERT-In,Open
CR09091,01-05-2025,Lakshadweep,Kavaratti,Identity Theft,Critical,Corporate,4462677,39657,News,Resolved
CR09092,11-08-2025,Andhra Pradesh,Guntur,Identity Theft,Low,Healthcare,4198315,4724,User Report,Open
CR09093,08-01-2025,West Bengal,Durgapur,Malware,Medium,Education,3082902,47797,User Report,Open
CR09094,16-04-2024,Odisha,Bhubaneswar,DDoS,Medium,E-commerce,1892909,9148,User Report,Open
CR09095,14-06-2025,Chhattisgarh,Bilaspur,Ransomware,Critical,Banking,4530953,39264,User Report,Resolved
CR09096,19-08-2025,Ladakh,Leh,Malware,Low,Banking,3128078,19605,News,Open
CR09097,24-09-2024,Bihar,Muzaffarpur,Ransomware,Medium,Banking,4835070,15668,User Report,Investigating
CR09098,05-03-2024,Nagaland,Dimapur,Ransomware,Medium,Banking,91950,39424,User Report,Resolved
CR09099,29-07-2025,Bihar,Gaya,Identity Theft,Low,Corporate,795517,15095,CERT-In,Resolved
CR09100,01-05-2026,Rajasthan,Jaipur,Phishing,Medium,Corporate,2108834,7342,News,Resolved
CR09101,20-02-2024,Meghalaya,Shillong,Malware,Critical,IT,4918987,22211,Organization,Resolved
CR09102,30-01-2026,Puducherry,Puducherry,Phishing,Low,Corporate,4774349,42218,CERT-In,Investigating
CR09103,24-07-2025,Punjab,Ludhiana,Data Breach,Medium,Education,3412986,43110,CERT-In,Resolved
CR09104,28-11-2024,Mizoram,Aizawl,Online Fraud,Low,E-commerce,3793721,28835,News,Investigating
CR09105,02-08-2024,Punjab,Amritsar,Data Breach,High,Banking,3751257,14828,News,Investigating
CR09106,30-06-2026,Karnataka,Bengaluru,DDoS,High,Healthcare,945285,40975,User Report,Open
CR09107,03-07-2024,Andhra Pradesh,Vijayawada,Identity Theft,Critical,IT,4347248,2620,Organization,Investigating
CR09108,17-07-2025,Rajasthan,Jodhpur,Online Fraud,Low,Government,3023834,34170,User Report,Resolved
CR09109,09-04-2024,Madhya Pradesh,Indore,Phishing,Low,E-commerce,263080,45603,User Report,Open
CR09110,24-06-2024,Lakshadweep,Kavaratti,Phishing,High,Healthcare,4425540,34405,News,Open
CR09111,30-11-2024,Ladakh,Leh,Online Fraud,Medium,E-commerce,3276297,49903,Organization,Investigating
CR09112,05-01-2026,Assam,Guwahati,Identity Theft,High,Government,1570005,46599,Organization,Resolved
CR09113,07-07-2024,Chandigarh,Chandigarh,Ransomware,Critical,Healthcare,4373676,25589,News,Resolved
CR09114,21-06-2024,Ladakh,Leh,Phishing,Critical,Personal,3832472,16854,User Report,Resolved
CR09115,26-12-2025,Mizoram,Aizawl,Online Fraud,Low,E-commerce,639479,1159,CERT-In,Resolved
CR09116,03-01-2026,Karnataka,Bengaluru,Phishing,Low,E-commerce,4270355,42607,Organization,Resolved
CR09117,08-01-2025,Rajasthan,Jodhpur,Ransomware,High,IT,716824,37619,Organization,Open
CR09118,26-02-2024,Lakshadweep,Kavaratti,Ransomware,Low,IT,1189054,12522,News,Resolved
CR09119,15-05-2024,Goa,Panaji,Malware,Low,Healthcare,2007741,6094,News,Open
CR09120,12-04-2024,Mizoram,Aizawl,Phishing,Medium,Personal,1453106,21426,CERT-In,Open
CR09121,01-01-2026,Bihar,Muzaffarpur,Ransomware,Low,E-commerce,4763556,13504,Organization,Open
CR09122,05-01-2024,Telangana,Warangal,Data Breach,Low,E-commerce,1712887,24218,CERT-In,Open
CR09123,15-10-2025,Tripura,Agartala,Phishing,Low,E-commerce,3782053,44011,CERT-In,Resolved
CR09124,27-07-2026,Gujarat,Ahmedabad,Online Fraud,Medium,Education,1096840,37812,User Report,Resolved
CR09125,27-07-2024,West Bengal,Kolkata,Identity Theft,Critical,Education,918051,30106,Organization,Resolved
CR09126,16-05-2025,Meghalaya,Shillong,DDoS,High,Banking,2556294,22852,Organization,Open
CR09127,01-05-2024,Uttar Pradesh,Lucknow,Ransomware,Critical,Personal,4435886,25524,News,Open
CR09128,26-07-2025,Uttar Pradesh,Noida,Malware,Critical,Banking,4614616,8566,Organization,Open
CR09129,15-07-2025,Puducherry,Puducherry,Data Breach,High,Personal,995063,15044,News,Investigating
CR09130,15-04-2026,Nagaland,Kohima,Data Breach,High,IT,3579761,23485,Organization,Investigating
CR09131,09-10-2024,Goa,Margao,Identity Theft,Critical,Personal,4751358,46725,Organization,Open
CR09132,02-12-2024,Madhya Pradesh,Bhopal,Online Fraud,Low,Corporate,1503605,21382,CERT-In,Open
CR09133,01-04-2026,Lakshadweep,Kavaratti,DDoS,Medium,Education,2513070,46679,User Report,Resolved
CR09134,16-06-2025,Bihar,Muzaffarpur,Malware,Low,Healthcare,3934673,19695,User Report,Resolved
CR09135,02-10-2025,Uttarakhand,Haridwar,Phishing,Critical,Banking,3955624,13202,User Report,Investigating
CR09136,13-08-2024,Karnataka,Mysuru,Ransomware,Critical,E-commerce,4822674,15795,User Report,Investigating
CR09137,23-03-2026,Kerala,Thiruvananthapuram,Data Breach,Low,Government,3801111,40007,News,Investigating
CR09138,07-01-2026,Haryana,Gurugram,Phishing,Low,Government,294998,16386,CERT-In,Resolved
CR09139,28-06-2026,Andhra Pradesh,Guntur,Phishing,Medium,Healthcare,4845655,6277,News,Investigating
CR09140,23-07-2024,Odisha,Cuttack,Data Breach,Low,Education,1810558,14028,Organization,Investigating
CR09141,08-07-2025,Uttarakhand,Dehradun,Identity Theft,Low,Personal,2575206,45063,News,Investigating
CR09142,18-12-2024,Meghalaya,Shillong,Online Fraud,Low,IT,2795420,3517,CERT-In,Open
CR09143,25-04-2026,Tripura,Agartala,Malware,Low,Banking,755011,34599,Organization,Open
CR09144,20-05-2026,Rajasthan,Jaipur,Ransomware,Critical,Healthcare,3831198,39138,News,Investigating
CR09145,26-06-2026,Andhra Pradesh,Vijayawada,Identity Theft,Low,Banking,3785189,6070,User Report,Open
CR09146,05-08-2025,Andhra Pradesh,Visakhapatnam,Malware,Medium,Government,2539703,25194,Organization,Open
CR09147,12-05-2025,Bihar,Gaya,Online Fraud,Critical,Corporate,4560400,10034,CERT-In,Resolved
CR09148,26-02-2025,Madhya Pradesh,Bhopal,Ransomware,Critical,Government,4803280,40210,News,Resolved
CR09149,23-05-2025,Mizoram,Aizawl,Malware,Low,Corporate,2086853,24594,User Report,Resolved
CR09150,13-07-2024,Punjab,Amritsar,Online Fraud,Critical,Government,1459384,1607,Organization,Resolved
CR09151,08-05-2026,Uttar Pradesh,Lucknow,Malware,Medium,Government,2666963,35444,User Report,Resolved
CR09152,28-11-2024,Rajasthan,Jodhpur,Data Breach,High,Banking,862090,22179,News,Investigating
CR09153,19-01-2025,Punjab,Amritsar,DDoS,Low,Personal,3996323,38824,User Report,Resolved
CR09154,20-07-2024,Gujarat,Rajkot,Phishing,Critical,Banking,3650389,35727,Organization,Open
CR09155,15-11-2025,Dadra and Nagar Haveli and Daman and Diu,Daman,Malware,Low,E-commerce,1232238,6640,CERT-In,Open
CR09156,27-06-2025,Chhattisgarh,Bilaspur,Phishing,Medium,Education,3229212,8262,Organization,Open
CR09157,24-08-2025,Goa,Panaji,Online Fraud,High,Personal,2298170,23234,Organization,Investigating
CR09158,02-05-2026,Delhi,New Delhi,Malware,Medium,Healthcare,4601716,13203,CERT-In,Investigating
CR09159,07-03-2025,Puducherry,Puducherry,Phishing,Low,Healthcare,2416704,23736,User Report,Resolved
CR09160,28-04-2026,Dadra and Nagar Haveli and Daman and Diu,Silvassa,Ransomware,Medium,IT,2711820,34255,Organization,Open
CR09161,31-08-2024,Mizoram,Aizawl,DDoS,High,Corporate,3225721,28278,News,Resolved
CR09162,07-11-2024,Punjab,Ludhiana,Data Breach,Low,Education,645557,30548,User Report,Investigating
CR09163,28-02-2024,Gujarat,Ahmedabad,Ransomware,Critical,Government,1648956,19636,News,Open
CR09164,16-09-2024,Dadra and Nagar Haveli and Daman and Diu,Silvassa,Online Fraud,High,Education,3540438,36374,CERT-In,Open
CR09165,25-01-2025,Sikkim,Gangtok,Malware,Low,IT,3535496,13066,User Report,Investigating
CR09166,11-07-2026,Mizoram,Aizawl,DDoS,Medium,Healthcare,3106946,248,News,Resolved
CR09167,27-12-2024,Nagaland,Dimapur,Identity Theft,Low,E-commerce,2111759,8444,User Report,Resolved
CR09168,16-02-2025,Goa,Panaji,Online Fraud,Low,E-commerce,1865575,11808,Organization,Resolved
CR09169,23-07-2025,Himachal Pradesh,Dharamshala,Ransomware,Critical,IT,1782993,42619,News,Open
CR09170,17-08-2025,Puducherry,Puducherry,DDoS,High,Personal,2740219,44284,User Report,Investigating
CR09171,09-08-2025,Gujarat,Vadodara,Malware,Low,Banking,2731023,35270,User Report,Investigating
CR09172,17-12-2024,Ladakh,Leh,DDoS,Low,Corporate,120282,15046,News,Open
CR09173,29-06-2024,Delhi,New Delhi,Online Fraud,High,Education,4423194,594,Organization,Investigating
CR09174,08-07-2025,Madhya Pradesh,Bhopal,Malware,High,Government,1088965,23343,Organization,Investigating
CR09175,10-01-2025,Nagaland,Dimapur,Online Fraud,Critical,IT,2563653,9270,News,Resolved
CR09176,31-05-2025,Puducherry,Puducherry,Malware,Critical,Personal,2388113,11929,Organization,Open
CR09177,16-08-2025,Ladakh,Leh,Ransomware,Critical,Healthcare,2480753,6803,Organization,Resolved
CR09178,25-04-2024,Ladakh,Leh,Data Breach,Low,Education,1735708,38708,CERT-In,Open
CR09179,30-06-2026,Puducherry,Puducherry,Malware,High,Banking,4372723,9984,Organization,Investigating
CR09180,25-02-2026,Jammu and Kashmir,Srinagar,Ransomware,Medium,Personal,3097643,34742,CERT-In,Resolved
CR09181,14-10-2025,Haryana,Faridabad,Data Breach,High,E-commerce,4734923,49330,CERT-In,Investigating
CR09182,27-11-2025,Bihar,Patna,Online Fraud,High,E-commerce,2695633,21462,User Report,Resolved
CR09183,30-07-2026,Bihar,Patna,Identity Theft,Critical,IT,3265505,46204,News,Investigating
CR09184,02-05-2026,Assam,Dibrugarh,Phishing,High,Banking,4676927,29880,CERT-In,Investigating
CR09185,15-09-2024,Kerala,Kozhikode,DDoS,Medium,Government,4487341,5959,News,Resolved
CR09186,09-06-2025,Jharkhand,Ranchi,Identity Theft,High,E-commerce,4144092,31464,Organization,Resolved
CR09187,17-11-2024,Puducherry,Puducherry,Online Fraud,Low,IT,3152899,36479,CERT-In,Investigating
CR09188,29-04-2025,Ladakh,Leh,Ransomware,High,E-commerce,3252112,22826,News,Open
CR09189,25-11-2024,Chandigarh,Chandigarh,Malware,High,Banking,1348133,38400,News,Open
CR09190,02-03-2025,Odisha,Cuttack,Identity Theft,Critical,Personal,3054843,15755,User Report,Open
CR09191,27-05-2025,Odisha,Bhubaneswar,Ransomware,Critical,IT,3350850,45307,CERT-In,Resolved
CR09192,24-01-2024,West Bengal,Kolkata,DDoS,High,Personal,2464817,47324,News,Investigating
CR09193,07-06-2025,Tamil Nadu,Chennai,Ransomware,Low,Government,2665248,7865,CERT-In,Investigating
CR09194,12-04-2024,Madhya Pradesh,Indore,Identity Theft,Low,Personal,1895345,48700,News,Open
CR09195,02-01-2025,Lakshadweep,Kavaratti,Malware,Medium,Government,235556,25420,Organization,Investigating
CR09196,31-10-2024,Uttar Pradesh,Noida,DDoS,Low,Banking,3186061,2852,Organization,Open
CR09197,21-01-2026,Kerala,Kochi,Data Breach,Medium,Government,3193440,33260,News,Open
CR09198,16-11-2024,Sikkim,Gangtok,Data Breach,High,Government,2580055,25994,User Report,Open
CR09199,03-07-2024,Telangana,Hyderabad,Phishing,Low,Government,2878804,20391,CERT-In,Investigating
CR09200,08-01-2025,Assam,Dibrugarh,DDoS,Low,Personal,447657,32909,Organization,Investigating
CR09201,24-10-2025,Jammu and Kashmir,Srinagar,Identity Theft,Medium,Government,4710095,24486,CERT-In,Investigating
CR09202,12-03-2026,Karnataka,Mangaluru,Identity Theft,Medium,Personal,3477325,18171,News,Open
CR09203,06-02-2024,Punjab,Amritsar,Malware,Low,Banking,2355659,35535,CERT-In,Resolved
CR09204,09-02-2026,Chandigarh,Chandigarh,Malware,Critical,Personal,1013942,48312,News,Resolved
CR09205,04-06-2024,Karnataka,Mysuru,Identity Theft,High,Education,2462478,33573,News,Open
CR09206,20-02-2025,Kerala,Kozhikode,Identity Theft,Critical,Education,4014166,34925,Organization,Open
CR09207,26-04-2024,Tamil Nadu,Madurai,Data Breach,High,Government,423742,35758,User Report,Investigating
CR09208,02-07-2025,Goa,Panaji,DDoS,Critical,Corporate,2229465,36169,CERT-In,Resolved
CR09209,24-01-2026,Tripura,Agartala,DDoS,High,Healthcare,4579773,32387,CERT-In,Resolved
CR09210,19-01-2024,Maharashtra,Nagpur,DDoS,Low,Banking,3964484,16057,News,Resolved
CR09211,02-12-2025,Uttar Pradesh,Kanpur,Malware,High,E-commerce,3800074,9086,News,Open
CR09212,30-07-2025,Tamil Nadu,Chennai,Identity Theft,Low,Corporate,1540721,12867,Organization,Resolved
CR09213,23-08-2024,Haryana,Panipat,Phishing,Medium,Personal,4423939,34785,Organization,Resolved
CR09214,02-07-2024,Andaman and Nicobar Islands,Port Blair,Ransomware,Low,E-commerce,4070526,39544,News,Investigating
CR09215,10-12-2025,Gujarat,Rajkot,Phishing,Critical,IT,1940934,4876,Organization,Open
CR09216,20-11-2024,Punjab,Chandigarh,Phishing,Critical,Education,2935632,39939,User Report,Open
CR09217,28-05-2026,Mizoram,Aizawl,Identity Theft,Medium,Banking,3551571,47525,Organization,Resolved
CR09218,16-12-2025,Jharkhand,Ranchi,Ransomware,Critical,E-commerce,4261091,8361,News,Open
CR09219,23-05-2026,Arunachal Pradesh,Naharlagun,DDoS,Low,Healthcare,1972170,48334,CERT-In,Open
CR09220,28-07-2026,Tripura,Agartala,Phishing,Low,Education,141889,15052,News,Open
CR09221,04-03-2025,Ladakh,Leh,DDoS,Critical,Banking,4727548,41221,News,Resolved
CR09222,16-03-2026,Arunachal Pradesh,Itanagar,DDoS,Medium,Government,2024190,26861,News,Resolved
CR09223,14-11-2025,Gujarat,Surat,Malware,High,Banking,1467007,23999,User Report,Open
CR09224,01-03-2025,Lakshadweep,Kavaratti,Online Fraud,Critical,Corporate,4716611,40975,News,Open
CR09225,28-12-2025,Bihar,Patna,Ransomware,Critical,Healthcare,927942,46936,User Report,Resolved
CR09226,12-11-2024,Punjab,Ludhiana,Data Breach,Critical,Personal,4524270,31376,User Report,Resolved
CR09227,08-05-2024,West Bengal,Durgapur,DDoS,Low,Banking,2936190,17049,CERT-In,Open
CR09228,09-03-2026,Mizoram,Aizawl,Data Breach,Critical,Government,2620789,22057,News,Investigating
CR09229,11-01-2025,Himachal Pradesh,Dharamshala,DDoS,Critical,Government,477055,24772,Organization,Open
CR09230,07-09-2024,Arunachal Pradesh,Naharlagun,Data Breach,Medium,IT,4193303,13130,Organization,Investigating
CR09231,26-10-2024,Odisha,Cuttack,Malware,High,Banking,3129657,8500,News,Resolved
CR09232,04-01-2024,Jharkhand,Jamshedpur,Ransomware,Critical,Healthcare,2874739,1538,Organization,Investigating
CR09233,28-04-2025,Sikkim,Gangtok,Data Breach,Low,Government,1187384,38100,News,Open
CR09234,26-10-2025,Tamil Nadu,Madurai,Phishing,Critical,IT,3834232,42431,CERT-In,Resolved
CR09235,05-03-2024,Himachal Pradesh,Dharamshala,Data Breach,Critical,E-commerce,4987393,821,News,Investigating
CR09236,27-11-2024,Andaman and Nicobar Islands,Port Blair,Malware,Medium,IT,3731187,16183,User Report,Open
CR09237,09-09-2025,Uttarakhand,Haridwar,Online Fraud,Critical,Government,2269687,26800,User Report,Resolved
CR09238,01-02-2026,Uttarakhand,Haridwar,Ransomware,Low,Personal,855624,24153,News,Open
CR09239,11-01-2024,Mizoram,Aizawl,Identity Theft,Critical,Healthcare,2261267,40309,Organization,Open
CR09240,04-01-2026,Odisha,Bhubaneswar,Identity Theft,High,Corporate,3813645,22492,News,Resolved
CR09241,16-05-2024,Jammu and Kashmir,Jammu,DDoS,Medium,Healthcare,1662541,20171,News,Open
CR09242,07-03-2025,Ladakh,Leh,Data Breach,Medium,Healthcare,2863369,1649,Organization,Resolved
CR09243,07-05-2025,Puducherry,Puducherry,DDoS,High,Education,41743,16891,Organization,Resolved
CR09244,15-01-2025,Bihar,Gaya,Data Breach,Medium,Banking,310521,36392,News,Investigating
CR09245,27-10-2025,Rajasthan,Jodhpur,Phishing,High,E-commerce,3176921,24065,Organization,Open
CR09246,10-10-2024,Telangana,Hyderabad,Malware,Low,Banking,4640500,2874,News,Open
CR09247,02-06-2025,Gujarat,Vadodara,DDoS,Critical,Banking,145909,12793,Organization,Open
CR09248,12-11-2025,Gujarat,Ahmedabad,Phishing,Medium,Healthcare,928812,43631,CERT-In,Investigating
CR09249,22-03-2025,Madhya Pradesh,Bhopal,Phishing,High,IT,1178733,12337,Organization,Resolved
CR09250,25-01-2026,Uttar Pradesh,Kanpur,Data Breach,Critical,Government,404235,43444,Organization,Resolved
CR09251,05-03-2025,Tamil Nadu,Madurai,Identity Theft,High,E-commerce,3325467,684,News,Investigating
CR09252,17-01-2026,West Bengal,Siliguri,Data Breach,Critical,Personal,2957714,33348,CERT-In,Investigating
CR09253,28-03-2024,Karnataka,Bengaluru,Malware,Low,Personal,4271613,45911,User Report,Open
CR09254,13-03-2025,Dadra and Nagar Haveli and Daman and Diu,Silvassa,DDoS,Low,Corporate,4635556,8360,Organization,Resolved
CR09255,13-09-2025,Assam,Silchar,Online Fraud,Critical,Education,422026,6258,CERT-In,Open
CR09256,16-07-2025,Tripura,Agartala,Phishing,High,Personal,1364362,10002,News,Open
CR09257,31-07-2025,Punjab,Amritsar,Data Breach,Critical,IT,4077741,37517,CERT-In,Investigating
CR09258,06-08-2025,Telangana,Warangal,Malware,Critical,Corporate,915280,15112,News,Investigating
CR09259,13-05-2026,Mizoram,Aizawl,Online Fraud,Critical,Personal,3637702,34029,User Report,Resolved
CR09260,20-12-2024,Andhra Pradesh,Vijayawada,Identity Theft,Critical,IT,4243566,3911,Organization,Open
CR09261,06-04-2026,Goa,Panaji,Phishing,Medium,Corporate,1660102,7756,User Report,Resolved
CR09262,22-11-2025,Gujarat,Ahmedabad,DDoS,Critical,Healthcare,4750043,14844,Organization,Open
CR09263,21-04-2025,Jharkhand,Ranchi,Ransomware,High,Healthcare,1439327,41688,Organization,Investigating
CR09264,13-02-2026,Uttar Pradesh,Lucknow,Malware,Low,E-commerce,3411971,43460,User Report,Open
CR09265,06-09-2024,West Bengal,Durgapur,Phishing,Low,Government,3232277,21768,CERT-In,Resolved
CR09266,10-03-2026,Tripura,Agartala,Ransomware,Critical,Banking,3668911,36644,CERT-In,Investigating
CR09267,13-07-2024,Gujarat,Vadodara,Ransomware,Low,Banking,1595088,30474,CERT-In,Open
CR09268,23-08-2024,Maharashtra,Mumbai,Malware,Low,IT,3083434,6272,Organization,Open
CR09269,15-03-2025,Gujarat,Rajkot,Identity Theft,Critical,E-commerce,4078432,26827,CERT-In,Investigating
CR09270,14-02-2026,Puducherry,Puducherry,Malware,Medium,Banking,2450822,31025,CERT-In,Open
CR09271,27-07-2024,Dadra and Nagar Haveli and Daman and Diu,Silvassa,Identity Theft,Medium,Personal,4140333,38764,News,Investigating
CR09272,29-05-2025,Madhya Pradesh,Bhopal,Phishing,Medium,Corporate,475670,22257,User Report,Open
CR09273,13-06-2025,Chhattisgarh,Raipur,Malware,Critical,Personal,3744477,13235,CERT-In,Open
CR09274,06-07-2024,Uttar Pradesh,Lucknow,Online Fraud,Low,Government,3493946,2550,User Report,Open
CR09275,29-02-2024,Dadra and Nagar Haveli and Daman and Diu,Daman,Identity Theft,High,Banking,59060,5643,Organization,Open
CR09276,05-02-2026,Dadra and Nagar Haveli and Daman and Diu,Daman,Identity Theft,High,Personal,460617,2992,News,Open
CR09277,07-04-2024,Haryana,Panipat,Ransomware,High,Education,4278505,8299,User Report,Investigating
CR09278,13-01-2026,Lakshadweep,Kavaratti,Malware,Critical,IT,3409758,41805,Organization,Resolved
CR09279,11-03-2025,Andhra Pradesh,Guntur,Online Fraud,Critical,Banking,2552552,20757,Organization,Open
CR09280,01-06-2024,Assam,Guwahati,Phishing,Critical,IT,2377673,23374,Organization,Resolved
CR09281,08-11-2025,Kerala,Thiruvananthapuram,Online Fraud,High,Banking,751669,16975,CERT-In,Investigating
CR09282,22-01-2024,Tripura,Agartala,Ransomware,Low,Healthcare,1955608,19492,News,Open
CR09283,12-12-2024,Rajasthan,Jodhpur,DDoS,Medium,IT,2843574,1888,News,Open
CR09284,07-05-2026,Mizoram,Aizawl,Malware,Critical,Government,1650439,25848,News,Resolved
CR09285,02-07-2025,Himachal Pradesh,Shimla,Online Fraud,High,Healthcare,899111,33131,News,Open
CR09286,12-09-2024,Mizoram,Aizawl,Identity Theft,Medium,Personal,3867190,36030,Organization,Investigating
CR09287,12-08-2025,Haryana,Faridabad,DDoS,Critical,Healthcare,1189276,258,Organization,Resolved
CR09288,27-05-2024,Maharashtra,Nagpur,Malware,Medium,Banking,3271923,35861,News,Investigating
CR09289,08-11-2024,Chandigarh,Chandigarh,Phishing,High,Healthcare,4667227,9616,User Report,Open
CR09290,06-02-2024,Andhra Pradesh,Vijayawada,Data Breach,Critical,Healthcare,858430,21365,News,Resolved
CR09291,07-07-2025,Odisha,Cuttack,Online Fraud,Medium,IT,2214615,1542,CERT-In,Resolved
CR09292,27-03-2025,Uttar Pradesh,Lucknow,Data Breach,High,Personal,2663160,356,Organization,Investigating
CR09293,03-02-2025,Chandigarh,Chandigarh,Online Fraud,Medium,Corporate,3411610,12177,CERT-In,Open
CR09294,09-06-2025,Karnataka,Mysuru,DDoS,Critical,Corporate,3515690,28626,Organization,Resolved
CR09295,09-12-2024,Andhra Pradesh,Guntur,Ransomware,Medium,Government,1768894,29797,Organization,Resolved
CR09296,20-08-2024,Goa,Panaji,Identity Theft,High,Healthcare,1633054,36087,Organization,Investigating
CR09297,10-07-2024,Lakshadweep,Kavaratti,Identity Theft,Medium,Personal,1387555,21394,News,Investigating
CR09298,24-02-2024,Uttarakhand,Dehradun,Identity Theft,Medium,Personal,3002953,3220,Organization,Investigating
CR09299,07-11-2025,Ladakh,Leh,DDoS,Critical,Corporate,4413312,32728,News,Resolved
CR09300,19-03-2026,Mizoram,Aizawl,Data Breach,High,Healthcare,1679942,20274,Organization,Resolved
CR09301,07-07-2026,Arunachal Pradesh,Naharlagun,DDoS,Medium,Banking,4068391,19025,Organization,Open
CR09302,03-09-2024,Tripura,Agartala,DDoS,High,Personal,2838159,48289,CERT-In,Open
CR09303,30-01-2026,Karnataka,Mysuru,Phishing,Medium,Education,1357311,12280,News,Open
CR09304,19-06-2024,Manipur,Imphal,Phishing,Critical,Personal,2787890,27033,Organization,Investigating
CR09305,19-01-2025,Goa,Margao,Identity Theft,Medium,Corporate,3906506,1078,News,Resolved
CR09306,15-02-2025,Kerala,Kochi,Malware,Critical,E-commerce,301724,26300,User Report,Open
CR09307,22-08-2025,Manipur,Imphal,Online Fraud,Critical,Banking,4331121,25872,User Report,Open
CR09308,10-12-2024,Sikkim,Gangtok,Data Breach,High,Government,307977,23171,User Report,Resolved
CR09309,16-02-2026,Tamil Nadu,Coimbatore,Online Fraud,Critical,Corporate,2862775,23025,Organization,Investigating
CR09310,22-04-2026,Jharkhand,Jamshedpur,Identity Theft,Medium,Education,2572388,43086,Organization,Investigating
CR09311,04-12-2024,Meghalaya,Shillong,Identity Theft,Medium,E-commerce,1408678,7411,User Report,Investigating
CR09312,02-07-2025,Mizoram,Aizawl,Data Breach,Critical,IT,3629075,32797,News,Open
CR09313,13-01-2024,Karnataka,Bengaluru,Online Fraud,Critical,E-commerce,4371887,42921,User Report,Open
CR09314,07-03-2026,Mizoram,Aizawl,Online Fraud,Critical,E-commerce,1996197,40984,News,Open
CR09315,22-08-2025,Madhya Pradesh,Gwalior,Phishing,Critical,Government,2664596,36043,Organization,Open
CR09316,15-03-2024,Kerala,Kochi,Identity Theft,Medium,Personal,2626469,3914,User Report,Investigating
CR09317,13-07-2024,Punjab,Chandigarh,Ransomware,Low,Education,3208295,36062,User Report,Resolved
CR09318,14-05-2025,Karnataka,Bengaluru,DDoS,Critical,Personal,2532796,49809,Organization,Resolved
CR09319,30-03-2024,Rajasthan,Jaipur,Ransomware,High,E-commerce,2240052,22252,CERT-In,Resolved
CR09320,02-04-2026,Gujarat,Ahmedabad,Malware,Critical,E-commerce,2019137,18893,Organization,Resolved
CR09321,18-08-2025,Puducherry,Puducherry,DDoS,Medium,IT,1683995,7237,User Report,Open
CR09322,24-05-2024,Rajasthan,Jodhpur,Data Breach,Critical,Healthcare,928885,4547,CERT-In,Investigating
CR09323,12-03-2025,Maharashtra,Nashik,DDoS,Critical,Corporate,3860959,31427,CERT-In,Resolved
CR09324,03-02-2024,Maharashtra,Mumbai,Online Fraud,Medium,Personal,3705265,43342,News,Investigating
CR09325,21-08-2024,Gujarat,Rajkot,Online Fraud,Critical,IT,1887419,26704,User Report,Open
CR09326,08-11-2024,Puducherry,Puducherry,Phishing,Critical,E-commerce,1929086,35836,User Report,Resolved
CR09327,30-07-2025,Kerala,Thiruvananthapuram,Data Breach,Medium,Healthcare,300051,46652,News,Open
CR09328,31-01-2026,West Bengal,Kolkata,Ransomware,Critical,Government,4652588,3124,News,Investigating
CR09329,13-01-2026,Gujarat,Vadodara,Data Breach,Low,Government,146916,9392,News,Resolved
CR09330,16-08-2025,Delhi,New Delhi,Malware,Critical,Personal,3102142,18328,CERT-In,Investigating
CR09331,28-02-2026,Chhattisgarh,Raipur,Malware,Medium,Corporate,1171401,12943,User Report,Resolved
CR09332,19-07-2024,Maharashtra,Nagpur,Malware,High,Personal,983329,34172,News,Investigating
CR09333,16-09-2025,Goa,Margao,Identity Theft,High,Banking,2030026,1806,User Report,Investigating
CR09334,09-08-2024,Dadra and Nagar Haveli and Daman and Diu,Silvassa,Ransomware,Medium,Education,3999759,34368,News,Open
CR09335,14-10-2025,Nagaland,Dimapur,Data Breach,Critical,Healthcare,1209699,40124,User Report,Investigating
CR09336,07-05-2026,Chhattisgarh,Raipur,Phishing,Critical,E-commerce,3212089,21742,News,Open
CR09337,02-05-2026,Telangana,Warangal,Identity Theft,Low,E-commerce,1201336,35883,User Report,Investigating
CR09338,18-09-2024,Uttar Pradesh,Noida,Phishing,Medium,Government,611456,39014,Organization,Resolved
CR09339,17-03-2025,Ladakh,Leh,Ransomware,High,Education,1108433,5790,CERT-In,Investigating
CR09340,20-04-2024,Himachal Pradesh,Shimla,Data Breach,Medium,Personal,2776398,10566,User Report,Resolved
CR09341,15-04-2026,Kerala,Kochi,Malware,Medium,Healthcare,379919,34863,Organization,Investigating
CR09342,04-06-2024,Nagaland,Dimapur,DDoS,Critical,Personal,1347563,27424,CERT-In,Investigating
CR09343,06-11-2024,Chhattisgarh,Raipur,Malware,High,IT,1802427,11129,User Report,Resolved
CR09344,03-02-2025,Gujarat,Vadodara,Identity Theft,Critical,IT,3466342,48453,CERT-In,Resolved
CR09345,31-07-2026,Telangana,Warangal,Online Fraud,Critical,Education,2567714,18536,CERT-In,Open
CR09346,13-05-2024,Karnataka,Mysuru,Data Breach,Critical,E-commerce,1829963,5242,News,Resolved
CR09347,16-07-2025,Dadra and Nagar Haveli and Daman and Diu,Daman,Data Breach,High,Healthcare,4002147,19365,News,Investigating
CR09348,04-06-2024,Jammu and Kashmir,Srinagar,Ransomware,Medium,Banking,3879956,48986,User Report,Open
CR09349,02-07-2026,Arunachal Pradesh,Naharlagun,Data Breach,High,E-commerce,1861044,30191,User Report,Resolved
CR09350,09-03-2025,Maharashtra,Mumbai,Identity Theft,High,IT,1871404,23201,User Report,Open
CR09351,31-10-2025,Tamil Nadu,Madurai,Ransomware,Critical,Government,4586226,12659,User Report,Investigating
CR09352,03-05-2025,Goa,Panaji,Data Breach,High,Healthcare,2689172,5643,Organization,Open
CR09353,13-09-2024,Arunachal Pradesh,Naharlagun,Ransomware,Critical,E-commerce,1712618,35256,CERT-In,Resolved
CR09354,21-03-2025,Delhi,New Delhi,Malware,Critical,IT,268309,48372,CERT-In,Investigating
CR09355,07-12-2024,Ladakh,Leh,Malware,High,Personal,607114,44515,User Report,Resolved
CR09356,03-12-2024,Tamil Nadu,Coimbatore,DDoS,Critical,Education,4755395,9944,Organization,Resolved
CR09357,02-07-2026,Sikkim,Gangtok,Identity Theft,Low,Corporate,1716910,9225,User Report,Open
CR09358,13-06-2026,Meghalaya,Shillong,Data Breach,Critical,Corporate,1499246,43987,User Report,Open
CR09359,25-06-2024,Haryana,Faridabad,DDoS,High,Education,307856,29810,User Report,Resolved
CR09360,01-04-2025,Haryana,Gurugram,Ransomware,Low,IT,488284,37541,News,Open
CR09361,23-07-2024,Assam,Silchar,Malware,Low,IT,3309366,36046,Organization,Resolved
CR09362,28-07-2026,Jharkhand,Ranchi,Data Breach,Low,Education,2998647,4563,User Report,Investigating
CR09363,12-01-2025,West Bengal,Durgapur,Ransomware,Low,E-commerce,3739405,11975,News,Open
CR09364,01-05-2024,Chandigarh,Chandigarh,Phishing,High,E-commerce,3365076,18370,User Report,Investigating
CR09365,23-10-2024,Odisha,Bhubaneswar,Malware,Low,Banking,650736,26712,Organization,Resolved
CR09366,19-04-2024,Assam,Dibrugarh,Malware,Low,Healthcare,4887640,48052,CERT-In,Investigating
CR09367,27-08-2025,Punjab,Ludhiana,Phishing,Medium,E-commerce,548359,24380,User Report,Investigating
CR09368,27-07-2025,Kerala,Kochi,Identity Theft,High,E-commerce,1880041,4916,News,Resolved
CR09369,05-11-2024,Tripura,Agartala,Phishing,Critical,Healthcare,2190236,16951,User Report,Resolved
CR09370,29-07-2026,Gujarat,Surat,Ransomware,Low,Banking,3955706,13250,User Report,Open
CR09371,20-04-2025,Telangana,Hyderabad,Data Breach,High,Personal,3456502,29221,User Report,Open
CR09372,06-03-2025,Manipur,Imphal,Identity Theft,Medium,Healthcare,2095592,5485,News,Open
CR09373,21-02-2026,Odisha,Bhubaneswar,Ransomware,High,IT,2387515,19890,CERT-In,Investigating
CR09374,19-07-2024,Jammu and Kashmir,Srinagar,Identity Theft,Medium,IT,544729,34261,Organization,Resolved
CR09375,05-05-2025,Lakshadweep,Kavaratti,Ransomware,Critical,Education,3271652,17352,User Report,Open
CR09376,23-04-2026,Tripura,Agartala,DDoS,Medium,Corporate,4902109,46512,CERT-In,Investigating
CR09377,03-01-2026,Sikkim,Gangtok,Malware,Medium,Personal,733370,37415,CERT-In,Investigating
CR09378,08-01-2026,Sikkim,Gangtok,Online Fraud,Low,IT,2617640,13442,News,Resolved
CR09379,18-06-2025,Himachal Pradesh,Shimla,Online Fraud,Medium,Government,1815070,42891,Organization,Open
CR09380,08-04-2025,Arunachal Pradesh,Naharlagun,Phishing,Critical,Healthcare,3527902,1263,CERT-In,Open
CR09381,28-05-2026,Nagaland,Kohima,Phishing,High,Banking,720937,5474,User Report,Open
CR09382,28-09-2024,Maharashtra,Nagpur,DDoS,Low,Banking,2626110,3633,CERT-In,Investigating
CR09383,07-05-2025,Nagaland,Dimapur,Phishing,Low,E-commerce,2176283,4531,User Report,Investigating
CR09384,07-08-2025,Assam,Silchar,Data Breach,Low,Corporate,2995741,32578,News,Investigating
CR09385,18-10-2024,Nagaland,Kohima,Phishing,Critical,Banking,837542,23475,Organization,Investigating
CR09386,31-01-2026,Haryana,Panipat,Ransomware,Medium,Banking,4925574,32222,CERT-In,Investigating
CR09387,26-01-2026,Gujarat,Surat,Ransomware,Critical,E-commerce,1249628,36826,News,Open
CR09388,27-04-2025,Dadra and Nagar Haveli and Daman and Diu,Silvassa,Online Fraud,Medium,Personal,2359429,40523,Organization,Investigating
CR09389,09-12-2025,Himachal Pradesh,Shimla,Malware,Low,Banking,1611070,26931,Organization,Open
CR09390,18-04-2025,Meghalaya,Shillong,Phishing,Critical,E-commerce,2128409,47796,Organization,Investigating
CR09391,16-11-2025,Telangana,Warangal,Phishing,Low,Personal,2066747,37882,CERT-In,Investigating
CR09392,07-01-2026,Bihar,Gaya,Data Breach,High,Banking,2557419,45023,User Report,Investigating
CR09393,22-02-2024,Tripura,Agartala,DDoS,Critical,Corporate,1923941,29805,News,Investigating
CR09394,24-06-2025,Maharashtra,Nagpur,Phishing,Medium,Personal,2069315,9621,User Report,Resolved
CR09395,11-03-2026,West Bengal,Kolkata,Online Fraud,Medium,Government,4705219,12080,News,Open
CR09396,10-08-2025,Mizoram,Aizawl,Phishing,Low,Government,2226896,10697,Organization,Open
CR09397,10-06-2025,Madhya Pradesh,Gwalior,Malware,Medium,Education,3523817,30511,News,Resolved
CR09398,18-08-2024,Punjab,Amritsar,Ransomware,Medium,Banking,780670,43825,User Report,Investigating
CR09399,23-07-2025,Manipur,Imphal,Phishing,Medium,Banking,2598498,1917,News,Investigating
CR09400,12-03-2026,Odisha,Bhubaneswar,Ransomware,Medium,E-commerce,1243970,34637,CERT-In,Open
CR09401,16-06-2025,Punjab,Chandigarh,DDoS,High,Education,775209,9907,CERT-In,Open
CR09402,09-01-2026,Madhya Pradesh,Indore,Data Breach,Medium,Corporate,4367055,16741,CERT-In,Resolved
CR09403,16-03-2025,Delhi,New Delhi,Online Fraud,Critical,Education,2768948,24228,News,Resolved
CR09404,25-11-2025,Assam,Dibrugarh,Ransomware,Low,Personal,1189698,24181,Organization,Investigating
CR09405,12-02-2026,Delhi,New Delhi,Online Fraud,Critical,Government,3376684,7183,User Report,Resolved
CR09406,03-12-2025,Meghalaya,Shillong,Data Breach,Critical,Education,3323546,38230,News,Resolved
CR09407,09-03-2025,Gujarat,Vadodara,Identity Theft,Medium,Banking,303446,3391,News,Investigating
CR09408,01-01-2024,Dadra and Nagar Haveli and Daman and Diu,Silvassa,Phishing,Critical,Education,4850560,15277,Organization,Investigating
CR09409,18-09-2025,Odisha,Cuttack,Ransomware,High,Corporate,1113046,29528,CERT-In,Investigating
CR09410,24-06-2024,Nagaland,Dimapur,Malware,Low,Education,1626707,47352,CERT-In,Investigating
CR09411,27-03-2025,Kerala,Thiruvananthapuram,Online Fraud,High,Corporate,3123828,31853,CERT-In,Open
CR09412,24-12-2024,Assam,Guwahati,Ransomware,Low,Education,3785754,43641,Organization,Open
CR09413,22-01-2026,Gujarat,Ahmedabad,DDoS,Medium,Education,2507240,12107,Organization,Open
CR09414,23-02-2026,Ladakh,Leh,Data Breach,Low,Education,4819169,26211,User Report,Resolved
CR09415,28-05-2025,Uttarakhand,Haridwar,Online Fraud,Medium,Personal,3266716,38107,CERT-In,Investigating
CR09416,25-01-2026,Dadra and Nagar Haveli and Daman and Diu,Silvassa,Data Breach,High,Government,1743347,23078,User Report,Open
CR09417,07-05-2026,Punjab,Ludhiana,DDoS,Critical,IT,1655979,7727,Organization,Open
CR09418,29-05-2025,Madhya Pradesh,Indore,Phishing,High,Education,4409445,37726,CERT-In,Resolved
CR09419,20-12-2024,Kerala,Kochi,Online Fraud,Critical,E-commerce,2244072,3714,Organization,Resolved
CR09420,26-07-2024,Uttar Pradesh,Kanpur,Identity Theft,Medium,Healthcare,4255715,47326,Organization,Resolved
CR09421,25-05-2025,Telangana,Warangal,Ransomware,High,Government,843357,31157,CERT-In,Open
CR09422,13-09-2024,Andhra Pradesh,Vijayawada,DDoS,Medium,Corporate,4563576,21213,Organization,Open
CR09423,30-07-2024,Arunachal Pradesh,Itanagar,Ransomware,Low,Banking,216366,23472,CERT-In,Investigating
CR09424,25-12-2025,Tripura,Agartala,Data Breach,Critical,Corporate,377656,32353,User Report,Resolved
CR09425,17-11-2024,Tamil Nadu,Madurai,Phishing,High,Personal,1475730,29514,Organization,Open
CR09426,14-07-2024,Delhi,New Delhi,Malware,Medium,Government,3100266,14244,News,Open
CR09427,21-07-2026,Telangana,Warangal,DDoS,Medium,E-commerce,3640349,16538,News,Open
CR09428,18-02-2026,Chhattisgarh,Raipur,DDoS,High,IT,4722002,35524,News,Investigating
CR09429,22-02-2026,Telangana,Hyderabad,Online Fraud,Low,Banking,3313714,35331,CERT-In,Investigating
CR09430,13-09-2025,Tripura,Agartala,Identity Theft,Critical,Corporate,2031290,9850,News,Resolved
CR09431,03-02-2026,Manipur,Imphal,DDoS,High,Corporate,3052344,40806,Organization,Investigating
CR09432,12-04-2024,Rajasthan,Jodhpur,Phishing,High,Healthcare,1275016,22592,News,Investigating
CR09433,06-06-2025,Mizoram,Aizawl,Phishing,Medium,Healthcare,587825,6891,CERT-In,Open
CR09434,18-11-2024,Karnataka,Bengaluru,Data Breach,Medium,Education,4240681,28467,CERT-In,Investigating
CR09435,06-09-2024,Ladakh,Leh,DDoS,Medium,Personal,1391212,49064,User Report,Open
CR09436,17-05-2026,Haryana,Gurugram,Identity Theft,High,Personal,3370638,23945,CERT-In,Open
CR09437,29-09-2024,Haryana,Faridabad,DDoS,High,Healthcare,4763281,43248,CERT-In,Open
CR09438,10-01-2026,Punjab,Amritsar,DDoS,Critical,Healthcare,4494353,13348,User Report,Open
CR09439,10-03-2026,Karnataka,Mangaluru,Phishing,High,IT,2223194,17796,Organization,Open
CR09440,07-06-2025,Chhattisgarh,Raipur,Identity Theft,Critical,IT,1440659,33512,Organization,Open
CR09441,24-07-2025,Odisha,Cuttack,DDoS,High,Banking,1255814,37655,Organization,Open
CR09442,31-03-2026,Karnataka,Bengaluru,Identity Theft,Medium,Corporate,3118619,33376,News,Open
CR09443,15-08-2025,Delhi,New Delhi,Phishing,Critical,Healthcare,4835344,28615,News,Open
CR09444,11-02-2026,Gujarat,Ahmedabad,DDoS,High,E-commerce,2095682,30665,CERT-In,Resolved
CR09445,06-01-2025,Chhattisgarh,Raipur,Ransomware,High,Government,4869383,41261,News,Resolved
CR09446,19-06-2026,Puducherry,Puducherry,Phishing,Low,Banking,463483,48695,CERT-In,Investigating
CR09447,07-10-2025,Ladakh,Leh,Identity Theft,Critical,Healthcare,3545080,31561,Organization,Investigating
CR09448,01-08-2024,Jharkhand,Ranchi,Data Breach,Low,Corporate,4457865,34665,Organization,Investigating
CR09449,20-03-2025,Himachal Pradesh,Dharamshala,Phishing,Low,Government,1235837,40199,User Report,Resolved
CR09450,13-07-2024,Uttarakhand,Dehradun,Ransomware,Medium,Government,3833042,36071,CERT-In,Investigating
CR09451,28-01-2025,Arunachal Pradesh,Naharlagun,Malware,Low,Healthcare,3660280,7665,Organization,Investigating
CR09452,16-12-2024,Haryana,Faridabad,Ransomware,Medium,Banking,823705,14044,CERT-In,Resolved
CR09453,02-01-2024,Goa,Margao,Identity Theft,Medium,Banking,4831212,28375,CERT-In,Open
CR09454,14-06-2024,Dadra and Nagar Haveli and Daman and Diu,Daman,Identity Theft,Critical,Personal,1286027,31224,CERT-In,Open
CR09455,05-08-2025,Tripura,Agartala,Data Breach,Medium,Government,3496447,7558,News,Investigating
CR09456,12-07-2024,Meghalaya,Shillong,Online Fraud,Low,Banking,1243890,41857,News,Investigating
CR09457,02-01-2024,Delhi,New Delhi,DDoS,Critical,Education,2614737,28745,Organization,Open
CR09458,25-06-2026,Madhya Pradesh,Gwalior,Ransomware,High,Personal,2958241,2198,CERT-In,Open
CR09459,14-09-2024,Karnataka,Mangaluru,Online Fraud,Medium,E-commerce,719933,33329,Organization,Investigating
CR09460,24-07-2024,Assam,Dibrugarh,Identity Theft,Medium,Education,2088000,25246,CERT-In,Open
CR09461,02-03-2026,Ladakh,Leh,Identity Theft,Critical,IT,2677997,34036,Organization,Resolved
CR09462,10-09-2024,Goa,Margao,Identity Theft,Critical,Corporate,2514145,13322,User Report,Resolved
CR09463,31-10-2024,Kerala,Thiruvananthapuram,Data Breach,Critical,Banking,4456790,36086,User Report,Investigating
CR09464,06-06-2026,Goa,Panaji,Online Fraud,Low,E-commerce,4100812,29822,CERT-In,Resolved
CR09465,06-01-2024,Jharkhand,Jamshedpur,Ransomware,Medium,Corporate,261525,13152,User Report,Resolved
CR09466,14-07-2025,Goa,Panaji,Online Fraud,Critical,Personal,2053322,42664,Organization,Investigating
CR09467,17-04-2025,Manipur,Imphal,Malware,High,Banking,1504730,46423,News,Open
CR09468,15-07-2025,Telangana,Hyderabad,Phishing,High,Personal,4221245,25819,CERT-In,Investigating
CR09469,01-08-2025,Andhra Pradesh,Visakhapatnam,Malware,Medium,Banking,516075,33724,Organization,Investigating
CR09470,12-07-2025,West Bengal,Siliguri,Data Breach,High,Government,663465,19187,News,Open
CR09471,22-03-2025,Chandigarh,Chandigarh,Identity Theft,Low,Corporate,1673587,40811,Organization,Open
CR09472,10-06-2025,Andhra Pradesh,Vijayawada,Ransomware,Low,Education,307645,40056,Organization,Investigating
CR09473,30-03-2024,Nagaland,Dimapur,DDoS,Critical,Corporate,3458327,45932,News,Open
CR09474,15-02-2026,Madhya Pradesh,Bhopal,Online Fraud,High,Banking,3260599,43947,News,Resolved
CR09475,30-10-2025,Rajasthan,Jodhpur,Ransomware,High,Corporate,1397921,13919,News,Open
CR09476,03-10-2024,Haryana,Gurugram,Ransomware,High,Corporate,761674,4383,CERT-In,Resolved
CR09477,10-07-2024,Uttar Pradesh,Varanasi,Ransomware,High,Education,4725761,42033,Organization,Open
CR09478,24-01-2025,Bihar,Muzaffarpur,Malware,Low,E-commerce,4530028,48599,Organization,Resolved
CR09479,29-11-2024,Jharkhand,Ranchi,Phishing,Critical,IT,1523464,40604,News,Open
CR09480,07-11-2024,Andhra Pradesh,Guntur,Phishing,Critical,Government,4076928,9700,News,Open
CR09481,08-11-2024,Madhya Pradesh,Gwalior,Online Fraud,High,Personal,2282100,11746,News,Investigating
CR09482,11-11-2025,Madhya Pradesh,Indore,Malware,Medium,Banking,1801547,40453,Organization,Investigating
CR09483,10-07-2025,Kerala,Kochi,Phishing,High,Government,637087,9618,User Report,Open
CR09484,02-01-2026,Himachal Pradesh,Dharamshala,Online Fraud,Low,Government,3990577,11668,Organization,Resolved
CR09485,01-11-2024,Rajasthan,Jodhpur,Ransomware,Low,Personal,4211699,33867,User Report,Resolved
CR09486,12-03-2025,Jammu and Kashmir,Srinagar,Online Fraud,Low,Healthcare,551620,24139,User Report,Open
CR09487,20-06-2026,Haryana,Gurugram,Malware,Critical,E-commerce,1603825,44524,CERT-In,Open
CR09488,13-10-2024,Ladakh,Leh,Identity Theft,Low,Education,4328402,44023,User Report,Resolved
CR09489,20-08-2024,Haryana,Faridabad,Online Fraud,Medium,Government,3025700,13230,News,Investigating
CR09490,19-11-2025,Puducherry,Puducherry,Ransomware,Low,IT,1170237,5240,News,Resolved
CR09491,04-05-2024,Rajasthan,Jaipur,Identity Theft,Medium,Personal,4713841,32887,News,Open
CR09492,17-07-2026,Lakshadweep,Kavaratti,DDoS,High,Corporate,4609496,35700,User Report,Open
CR09493,18-08-2024,Tripura,Agartala,Data Breach,Medium,E-commerce,3384299,18340,User Report,Open
CR09494,14-03-2024,Manipur,Imphal,DDoS,Medium,Healthcare,4750766,16847,News,Investigating
CR09495,26-02-2024,Bihar,Gaya,Phishing,Critical,Education,129638,31961,User Report,Resolved
CR09496,05-08-2025,Tripura,Agartala,DDoS,Medium,Personal,3116747,49004,User Report,Resolved
CR09497,30-08-2024,Lakshadweep,Kavaratti,Phishing,High,IT,1466165,18953,User Report,Resolved
CR09498,26-05-2024,Madhya Pradesh,Indore,Ransomware,Medium,Corporate,477803,24768,News,Resolved
CR09499,08-07-2026,Mizoram,Aizawl,Identity Theft,Low,IT,3814863,44390,News,Investigating
CR09500,22-04-2025,Mizoram,Aizawl,DDoS,Low,Corporate,3796805,45659,User Report,Resolved
CR09501,30-12-2024,Meghalaya,Shillong,Ransomware,High,Healthcare,1569124,10164,User Report,Resolved
CR09502,03-10-2024,Uttar Pradesh,Varanasi,Malware,Low,Education,1260767,9950,Organization,Resolved
CR09503,10-08-2024,Mizoram,Aizawl,DDoS,Medium,Education,3446644,6736,Organization,Open
CR09504,03-04-2024,Assam,Silchar,Malware,Critical,IT,799595,11904,Organization,Resolved
CR09505,28-04-2026,Delhi,New Delhi,Phishing,Medium,Corporate,2663503,34578,User Report,Resolved
CR09506,21-06-2024,Rajasthan,Jodhpur,DDoS,Medium,E-commerce,2985849,43009,Organization,Resolved
CR09507,24-03-2025,Uttar Pradesh,Noida,Phishing,Critical,Corporate,387623,10710,User Report,Investigating
CR09508,29-03-2026,Telangana,Warangal,Online Fraud,Low,Healthcare,99464,45723,CERT-In,Open
CR09509,22-11-2025,Nagaland,Kohima,Ransomware,High,Personal,4432147,26136,CERT-In,Open
CR09510,11-07-2026,Odisha,Cuttack,Data Breach,Low,Government,3207835,14966,User Report,Open
CR09511,02-11-2024,Odisha,Bhubaneswar,Ransomware,Low,Banking,2000587,247,User Report,Investigating
CR09512,18-02-2024,Haryana,Panipat,Identity Theft,High,Corporate,3913700,19110,Organization,Open
CR09513,01-01-2025,Goa,Panaji,Data Breach,Low,Personal,4281639,33521,User Report,Investigating
CR09514,21-06-2026,Delhi,New Delhi,Identity Theft,High,E-commerce,1754989,38160,User Report,Investigating
CR09515,20-08-2025,Odisha,Cuttack,Malware,Low,Government,4558957,45562,User Report,Open
CR09516,15-02-2024,Dadra and Nagar Haveli and Daman and Diu,Daman,Malware,Low,E-commerce,2107700,17062,CERT-In,Resolved
CR09517,12-02-2024,Haryana,Gurugram,Data Breach,Low,Healthcare,2602248,40980,CERT-In,Resolved
CR09518,19-06-2024,Kerala,Thiruvananthapuram,DDoS,Critical,E-commerce,824245,11650,User Report,Open
CR09519,29-01-2024,Nagaland,Kohima,Online Fraud,Critical,Healthcare,1895023,23847,CERT-In,Investigating
CR09520,26-07-2024,Himachal Pradesh,Dharamshala,DDoS,Medium,Corporate,3189357,13970,User Report,Open
CR09521,11-11-2024,Andhra Pradesh,Visakhapatnam,DDoS,Medium,Personal,3749937,46580,CERT-In,Open
CR09522,05-01-2024,Tripura,Agartala,Malware,Low,Education,1110381,26729,User Report,Open
CR09523,25-08-2024,Jharkhand,Ranchi,Data Breach,Low,Education,2158574,12411,User Report,Open
CR09524,23-04-2026,Himachal Pradesh,Shimla,Ransomware,High,Banking,4569957,16740,User Report,Investigating
CR09525,24-08-2025,Goa,Panaji,DDoS,Medium,Government,3032197,31446,News,Resolved
CR09526,05-06-2024,West Bengal,Kolkata,Phishing,Critical,Banking,423376,40949,Organization,Investigating
CR09527,02-06-2024,Chhattisgarh,Bilaspur,Identity Theft,Critical,Government,3963414,35920,User Report,Open
CR09528,18-04-2026,Delhi,New Delhi,Malware,High,IT,1832740,48380,News,Resolved
CR09529,24-03-2025,Odisha,Bhubaneswar,Phishing,Medium,Banking,4741907,24785,News,Resolved
CR09530,27-06-2026,Punjab,Ludhiana,Data Breach,Medium,Healthcare,4748579,36271,CERT-In,Resolved
CR09531,29-05-2024,Mizoram,Aizawl,Data Breach,Low,Education,3397469,39380,User Report,Investigating
CR09532,04-12-2024,West Bengal,Durgapur,Data Breach,Low,Healthcare,4968409,30720,CERT-In,Open
CR09533,08-07-2026,Odisha,Bhubaneswar,Phishing,Low,Government,2061127,31789,Organization,Investigating
CR09534,21-06-2024,Assam,Dibrugarh,Malware,High,IT,3256612,23889,News,Resolved
CR09535,10-08-2025,Dadra and Nagar Haveli and Daman and Diu,Silvassa,Identity Theft,High,Corporate,2091021,30417,Organization,Resolved
CR09536,13-02-2026,Manipur,Imphal,DDoS,Critical,Government,998367,4062,Organization,Resolved
CR09537,18-02-2026,Kerala,Kozhikode,Malware,Low,Corporate,2968015,28761,Organization,Investigating
CR09538,03-02-2024,Manipur,Imphal,Online Fraud,Critical,Government,2234813,29624,Organization,Resolved
CR09539,16-07-2026,Punjab,Chandigarh,Phishing,Low,Banking,3060292,1214,Organization,Investigating
CR09540,14-01-2024,Puducherry,Puducherry,DDoS,Medium,Government,2386144,12101,Organization,Open
CR09541,23-05-2024,Jammu and Kashmir,Jammu,Online Fraud,High,Government,4286778,2526,News,Investigating
CR09542,30-04-2025,Manipur,Imphal,DDoS,Critical,Healthcare,4174261,46860,CERT-In,Open
CR09543,11-02-2026,Maharashtra,Mumbai,DDoS,Medium,Healthcare,4942792,8786,User Report,Open
CR09544,19-06-2026,Chhattisgarh,Bilaspur,Ransomware,Medium,Education,2371277,39436,News,Resolved
CR09545,27-09-2025,Nagaland,Kohima,Online Fraud,Low,Banking,1799139,17973,Organization,Resolved
CR09546,20-04-2024,Dadra and Nagar Haveli and Daman and Diu,Silvassa,Malware,High,Banking,1247776,44517,User Report,Resolved
CR09547,20-03-2025,Telangana,Warangal,Identity Theft,Medium,Banking,2229013,16417,User Report,Investigating
CR09548,18-06-2026,Karnataka,Mysuru,Phishing,Low,Personal,4633243,26623,Organization,Investigating
CR09549,02-02-2024,Arunachal Pradesh,Itanagar,Ransomware,Critical,IT,3451616,9202,Organization,Resolved
CR09550,29-08-2024,Andhra Pradesh,Visakhapatnam,Online Fraud,Medium,Banking,2850732,33495,News,Open
CR09551,24-05-2026,Lakshadweep,Kavaratti,Identity Theft,High,Government,1592356,37629,CERT-In,Resolved
CR09552,07-02-2024,Himachal Pradesh,Dharamshala,Data Breach,High,Healthcare,591359,49408,Organization,Investigating
CR09553,15-06-2025,Lakshadweep,Kavaratti,Malware,Low,Corporate,2040983,47100,User Report,Open
CR09554,24-06-2024,Mizoram,Aizawl,Online Fraud,Medium,IT,179875,902,News,Resolved
CR09555,18-03-2025,Uttarakhand,Haridwar,Identity Theft,High,Banking,1802185,28820,Organization,Investigating
CR09556,29-05-2025,Assam,Guwahati,Phishing,Low,Corporate,2644976,34110,Organization,Resolved
CR09557,25-07-2026,Meghalaya,Shillong,Data Breach,High,Corporate,2036453,2447,CERT-In,Investigating
CR09558,02-03-2026,Chhattisgarh,Bilaspur,DDoS,Medium,Healthcare,941687,40371,Organization,Open
CR09559,04-05-2025,Uttar Pradesh,Varanasi,Phishing,High,Banking,128627,47337,User Report,Investigating
CR09560,14-05-2025,Haryana,Faridabad,Identity Theft,High,IT,2185810,33769,News,Resolved
CR09561,13-09-2024,West Bengal,Kolkata,Malware,Critical,Healthcare,3040477,1759,CERT-In,Investigating
CR09562,19-05-2026,Kerala,Kochi,Ransomware,Low,Education,3675713,8226,User Report,Open
CR09563,25-06-2024,Rajasthan,Udaipur,Online Fraud,High,Healthcare,4881932,34058,News,Investigating
CR09564,23-01-2026,Gujarat,Ahmedabad,Data Breach,Low,Personal,3993417,30318,Organization,Investigating
CR09565,20-04-2025,Tripura,Agartala,DDoS,Low,Personal,1167068,14896,CERT-In,Investigating
CR09566,10-05-2024,Puducherry,Puducherry,Malware,High,Banking,178374,27892,Organization,Investigating
CR09567,06-04-2026,Chandigarh,Chandigarh,Phishing,High,Education,278690,34600,News,Open
CR09568,03-06-2024,Meghalaya,Shillong,Identity Theft,High,Government,3436083,14010,Organization,Open
CR09569,21-04-2026,Lakshadweep,Kavaratti,Malware,Critical,Banking,3763376,40856,User Report,Resolved
CR09570,10-08-2025,Ladakh,Leh,DDoS,Low,Healthcare,3956313,34515,User Report,Open
CR09571,14-07-2026,Lakshadweep,Kavaratti,Online Fraud,Medium,Government,4903263,40517,CERT-In,Resolved
CR09572,13-03-2026,Odisha,Cuttack,Identity Theft,Critical,E-commerce,2621618,7509,CERT-In,Investigating
CR09573,28-07-2025,Chhattisgarh,Bilaspur,DDoS,Low,Education,4618277,33194,News,Investigating
CR09574,06-02-2024,Karnataka,Bengaluru,Online Fraud,Low,Banking,3368323,14094,User Report,Resolved
CR09575,21-07-2024,Chhattisgarh,Raipur,Ransomware,Low,Banking,1590261,3496,User Report,Resolved
CR09576,27-03-2024,Lakshadweep,Kavaratti,Identity Theft,Medium,Corporate,3044417,45384,News,Investigating
CR09577,12-01-2026,Kerala,Kochi,Online Fraud,Medium,Healthcare,1597056,3314,CERT-In,Open
CR09578,16-12-2024,Dadra and Nagar Haveli and Daman and Diu,Silvassa,DDoS,High,E-commerce,1089153,3232,User Report,Resolved
CR09579,23-06-2026,Haryana,Panipat,Data Breach,Critical,Corporate,383105,32462,News,Resolved
CR09580,08-05-2025,Meghalaya,Shillong,Data Breach,Critical,Healthcare,4211679,26991,CERT-In,Investigating
CR09581,29-10-2025,Uttar Pradesh,Varanasi,Identity Theft,Low,IT,419723,41138,User Report,Resolved
CR09582,31-10-2025,Sikkim,Gangtok,Malware,Low,IT,713877,14368,Organization,Resolved
CR09583,20-09-2025,Mizoram,Aizawl,Malware,Low,Corporate,4047143,7212,CERT-In,Open
CR09584,06-02-2024,Tripura,Agartala,DDoS,High,Healthcare,883632,19834,User Report,Resolved
CR09585,14-12-2025,Andaman and Nicobar Islands,Port Blair,Malware,Critical,Healthcare,4631754,37127,News,Resolved
CR09586,14-01-2026,Bihar,Gaya,DDoS,Low,Corporate,2278122,3911,News,Investigating
CR09587,27-08-2024,Kerala,Kochi,Identity Theft,Low,IT,4046823,9089,User Report,Resolved
CR09588,15-04-2024,Karnataka,Mangaluru,Ransomware,Low,Government,4702390,38583,User Report,Resolved
CR09589,08-06-2026,Sikkim,Gangtok,Data Breach,Critical,Government,1583433,10973,Organization,Investigating
CR09590,19-01-2024,Nagaland,Kohima,Online Fraud,Low,IT,3639580,5180,News,Investigating
CR09591,20-12-2025,West Bengal,Siliguri,Data Breach,Critical,IT,3456019,45600,Organization,Open
CR09592,23-06-2025,Haryana,Faridabad,Identity Theft,Medium,Government,4990918,49857,News,Resolved
CR09593,19-08-2025,Rajasthan,Jaipur,Data Breach,Critical,Corporate,3833081,26122,User Report,Investigating
CR09594,26-03-2024,Manipur,Imphal,Data Breach,Low,E-commerce,1279599,7554,User Report,Resolved
CR09595,27-06-2026,West Bengal,Durgapur,Ransomware,Medium,Personal,1025470,14482,User Report,Resolved
CR09596,13-11-2024,Sikkim,Gangtok,Online Fraud,Low,E-commerce,4085064,11702,Organization,Resolved
CR09597,17-10-2024,Assam,Silchar,DDoS,Critical,E-commerce,2812195,6663,User Report,Resolved
CR09598,10-03-2025,Manipur,Imphal,DDoS,High,Personal,3021207,13752,User Report,Open
CR09599,23-09-2025,Uttarakhand,Dehradun,DDoS,Critical,Corporate,722823,12977,News,Investigating
CR09600,19-09-2025,Kerala,Kozhikode,Malware,Medium,Healthcare,3939482,12648,CERT-In,Open
CR09601,08-01-2026,Rajasthan,Jodhpur,Data Breach,Low,Corporate,4083712,13618,News,Open
CR09602,17-02-2025,Himachal Pradesh,Shimla,Malware,Medium,Healthcare,3229035,20698,User Report,Investigating
CR09603,15-07-2024,Delhi,New Delhi,Online Fraud,Critical,Personal,3105062,49206,User Report,Investigating
CR09604,17-06-2024,Punjab,Amritsar,DDoS,Medium,Education,4741303,20217,User Report,Open
CR09605,03-07-2024,Sikkim,Gangtok,Online Fraud,High,Government,2631262,39665,User Report,Investigating
CR09606,26-03-2025,Uttar Pradesh,Kanpur,DDoS,High,Education,2525346,11829,Organization,Investigating
CR09607,07-04-2025,Jharkhand,Ranchi,Malware,Critical,Banking,3941777,39883,Organization,Investigating
CR09608,05-05-2026,Bihar,Gaya,Online Fraud,Critical,Healthcare,300246,1574,CERT-In,Open
CR09609,05-02-2026,Ladakh,Leh,Malware,Critical,Education,2263262,9462,User Report,Resolved
CR09610,24-06-2025,Sikkim,Gangtok,Data Breach,Medium,IT,2640034,514,Organization,Resolved
CR09611,07-05-2024,Telangana,Warangal,Data Breach,Medium,Corporate,3376093,36049,User Report,Investigating
CR09612,24-04-2025,Himachal Pradesh,Dharamshala,DDoS,Medium,E-commerce,4962151,30098,CERT-In,Investigating
CR09613,13-08-2025,Gujarat,Rajkot,Malware,High,E-commerce,1097631,31608,User Report,Investigating
CR09614,04-01-2026,Uttar Pradesh,Noida,Malware,Critical,Banking,59217,15589,News,Resolved
CR09615,01-12-2025,Assam,Guwahati,Ransomware,Critical,Education,647799,14352,CERT-In,Open
CR09616,29-06-2025,Jharkhand,Ranchi,Online Fraud,Critical,Government,2158332,40308,Organization,Open
CR09617,13-05-2024,Goa,Margao,Ransomware,Medium,Banking,1000652,21392,User Report,Investigating
CR09618,29-01-2026,Gujarat,Vadodara,Online Fraud,Low,Personal,4841394,22280,Organization,Investigating
CR09619,25-02-2026,Arunachal Pradesh,Itanagar,Phishing,Medium,E-commerce,2180858,42266,CERT-In,Open
CR09620,23-03-2025,Jammu and Kashmir,Srinagar,Ransomware,Low,Government,659789,13053,News,Open
CR09621,20-12-2025,Rajasthan,Jodhpur,DDoS,High,Healthcare,1044429,22557,News,Investigating
CR09622,27-06-2024,Sikkim,Gangtok,DDoS,Critical,E-commerce,2218018,36375,CERT-In,Resolved
CR09623,12-01-2025,Himachal Pradesh,Shimla,Identity Theft,Medium,E-commerce,4590108,7751,CERT-In,Open
CR09624,28-03-2026,Sikkim,Gangtok,Ransomware,Critical,Healthcare,2106381,7582,Organization,Investigating
CR09625,23-11-2025,Nagaland,Kohima,Online Fraud,Medium,Banking,466298,3892,CERT-In,Investigating
CR09626,22-06-2025,Tripura,Agartala,Malware,High,Personal,4305329,9,CERT-In,Resolved
CR09627,20-05-2025,Himachal Pradesh,Dharamshala,Identity Theft,High,Corporate,1255017,37393,User Report,Open
CR09628,14-03-2024,Nagaland,Kohima,Phishing,Low,Corporate,1346122,39478,CERT-In,Open
CR09629,03-01-2025,Bihar,Patna,Malware,High,Education,600903,16472,Organization,Resolved
CR09630,01-09-2025,Sikkim,Gangtok,Phishing,Low,Banking,4828394,16998,User Report,Open
CR09631,10-01-2024,Mizoram,Aizawl,Malware,Low,Education,1242114,11515,Organization,Resolved
CR09632,08-10-2024,Jammu and Kashmir,Jammu,Identity Theft,Critical,Banking,2486986,37836,CERT-In,Resolved
CR09633,18-01-2025,Goa,Margao,Online Fraud,Medium,E-commerce,2492768,18557,CERT-In,Resolved
CR09634,26-07-2024,Haryana,Faridabad,DDoS,Low,Healthcare,1936955,2303,User Report,Investigating
CR09635,28-12-2024,Karnataka,Mangaluru,Identity Theft,Low,Corporate,4344089,11833,Organization,Resolved
CR09636,03-07-2024,Nagaland,Dimapur,Phishing,High,Banking,631064,25715,Organization,Investigating
CR09637,14-10-2024,Telangana,Warangal,Data Breach,Low,Government,4254096,13771,CERT-In,Investigating
CR09638,31-07-2026,West Bengal,Kolkata,Identity Theft,Critical,E-commerce,4606975,48071,User Report,Resolved
CR09639,24-02-2024,Dadra and Nagar Haveli and Daman and Diu,Daman,Data Breach,Critical,Banking,2204825,41011,CERT-In,Open
CR09640,20-03-2025,Jammu and Kashmir,Srinagar,Online Fraud,High,IT,3372742,8551,News,Investigating
CR09641,06-10-2025,Karnataka,Mangaluru,Identity Theft,High,Corporate,147669,33126,Organization,Open
CR09642,10-06-2024,Lakshadweep,Kavaratti,Phishing,Critical,Government,2575952,23653,User Report,Open
CR09643,27-02-2026,Puducherry,Puducherry,Data Breach,Medium,Banking,1372786,7006,Organization,Open
CR09644,18-06-2024,Goa,Margao,DDoS,Medium,Banking,3893005,36574,News,Resolved
CR09645,13-03-2024,Puducherry,Puducherry,Online Fraud,High,Education,2063821,7614,User Report,Open
CR09646,21-10-2025,Assam,Guwahati,Data Breach,Low,Personal,217807,6401,News,Investigating
CR09647,26-02-2025,Uttar Pradesh,Noida,Data Breach,Low,Banking,2531790,23099,News,Investigating
CR09648,11-06-2024,Delhi,New Delhi,Online Fraud,Low,Healthcare,4218036,3143,Organization,Open
CR09649,09-04-2025,Puducherry,Puducherry,Online Fraud,Low,Corporate,3030178,1764,News,Open
CR09650,02-01-2026,Lakshadweep,Kavaratti,Identity Theft,High,Education,1111427,35906,User Report,Investigating
CR09651,18-09-2025,Haryana,Gurugram,Identity Theft,Medium,Banking,3185118,36880,News,Resolved
CR09652,05-08-2024,Tamil Nadu,Madurai,Identity Theft,Critical,Corporate,4247760,18981,News,Resolved
CR09653,02-02-2024,Punjab,Amritsar,Data Breach,Low,Education,3422784,46572,CERT-In,Investigating
CR09654,02-10-2024,Delhi,New Delhi,Phishing,Low,Healthcare,1226457,3678,CERT-In,Open
CR09655,11-05-2025,Uttar Pradesh,Noida,Ransomware,Medium,Corporate,3430712,18074,Organization,Investigating
CR09656,10-08-2024,Manipur,Imphal,Identity Theft,High,Healthcare,4763930,40872,Organization,Open
CR09657,01-03-2026,Sikkim,Gangtok,Ransomware,High,Corporate,1454611,40874,CERT-In,Investigating
CR09658,27-08-2024,West Bengal,Durgapur,Online Fraud,Critical,Corporate,3592928,45510,News,Resolved
CR09659,28-01-2026,Himachal Pradesh,Shimla,Online Fraud,High,IT,2112914,43606,Organization,Resolved
CR09660,08-11-2025,Nagaland,Dimapur,Phishing,Low,Personal,1405942,8554,CERT-In,Open
CR09661,15-02-2024,Andaman and Nicobar Islands,Port Blair,Ransomware,High,E-commerce,3553758,11954,News,Open
CR09662,16-08-2025,Uttar Pradesh,Varanasi,Online Fraud,Low,Government,2446154,10183,CERT-In,Investigating
CR09663,17-01-2025,Himachal Pradesh,Shimla,Phishing,Medium,Government,4370270,23311,CERT-In,Investigating
CR09664,18-07-2024,Uttar Pradesh,Varanasi,Phishing,Medium,Education,1825193,10240,Organization,Open
CR09665,05-04-2026,Uttarakhand,Dehradun,Phishing,High,E-commerce,3116619,27411,Organization,Investigating
CR09666,15-06-2024,Puducherry,Puducherry,DDoS,Low,IT,4267290,17365,Organization,Investigating
CR09667,10-04-2026,Kerala,Kochi,Data Breach,Critical,Corporate,3645757,13131,Organization,Resolved
CR09668,26-06-2025,Karnataka,Bengaluru,Data Breach,Low,Government,1700979,39321,News,Investigating
CR09669,16-06-2026,Maharashtra,Nashik,Online Fraud,Critical,E-commerce,1551822,18255,User Report,Open
CR09670,05-05-2026,Bihar,Patna,Ransomware,Critical,Banking,4149589,21591,News,Investigating
CR09671,11-07-2024,Chandigarh,Chandigarh,Identity Theft,Medium,IT,2986630,6387,Organization,Open
CR09672,27-02-2026,Nagaland,Dimapur,Online Fraud,High,Personal,4338769,49623,Organization,Resolved
CR09673,29-10-2025,West Bengal,Durgapur,DDoS,Critical,Personal,1036122,32051,User Report,Resolved
CR09674,05-08-2024,Odisha,Bhubaneswar,Malware,Medium,Government,1728413,31631,News,Resolved
CR09675,15-04-2025,Maharashtra,Nashik,Malware,Critical,Healthcare,1085674,28683,News,Resolved
CR09676,22-10-2025,Sikkim,Gangtok,Data Breach,Low,Education,2141376,14860,Organization,Resolved
CR09677,29-11-2024,Haryana,Gurugram,DDoS,Medium,IT,2857146,28864,News,Investigating
CR09678,16-01-2026,Gujarat,Surat,Data Breach,Critical,Education,133567,37014,CERT-In,Investigating
CR09679,20-04-2025,Uttarakhand,Dehradun,DDoS,High,Corporate,927531,36704,News,Resolved
CR09680,02-10-2025,Jharkhand,Ranchi,Phishing,Low,IT,904464,36500,Organization,Resolved
CR09681,20-01-2026,Punjab,Chandigarh,Data Breach,Low,E-commerce,3257651,17588,News,Investigating
CR09682,18-01-2025,Assam,Dibrugarh,Ransomware,Low,Banking,128165,33343,CERT-In,Open
CR09683,10-12-2024,Uttar Pradesh,Noida,Data Breach,High,Government,434084,1368,News,Resolved
CR09684,11-06-2025,Nagaland,Dimapur,Ransomware,Critical,Banking,891691,28455,User Report,Open
CR09685,23-02-2025,Tripura,Agartala,Malware,Critical,Personal,1002806,11091,Organization,Investigating
CR09686,11-02-2026,Chandigarh,Chandigarh,Ransomware,Low,Corporate,2922982,4507,News,Open
CR09687,07-03-2024,Manipur,Imphal,Phishing,Medium,Personal,1185726,24109,Organization,Open
CR09688,20-10-2025,Delhi,New Delhi,Identity Theft,Low,Education,3876792,34943,User Report,Resolved
CR09689,25-02-2026,Chhattisgarh,Raipur,Data Breach,Low,Education,1811513,6267,Organization,Open
CR09690,24-07-2025,Andaman and Nicobar Islands,Port Blair,Online Fraud,Critical,Banking,1153625,18415,News,Investigating
CR09691,04-10-2025,Delhi,New Delhi,Malware,Medium,Banking,1809411,7467,CERT-In,Open
CR09692,22-05-2024,Telangana,Warangal,Ransomware,High,Banking,579762,44929,CERT-In,Open
CR09693,02-04-2024,Odisha,Cuttack,Ransomware,Low,E-commerce,3744452,11759,CERT-In,Investigating
CR09694,24-08-2024,Lakshadweep,Kavaratti,Identity Theft,Medium,Banking,466079,25301,News,Investigating
CR09695,08-06-2024,Maharashtra,Pune,Identity Theft,Low,E-commerce,3403762,6129,Organization,Investigating
CR09696,19-01-2024,Gujarat,Vadodara,Malware,Critical,Government,1824316,31663,CERT-In,Investigating
CR09697,27-01-2026,Lakshadweep,Kavaratti,Data Breach,Medium,Corporate,552559,32631,News,Open
CR09698,07-03-2025,Madhya Pradesh,Gwalior,Online Fraud,Medium,Personal,4108690,24212,Organization,Resolved
CR09699,28-12-2025,Punjab,Amritsar,Data Breach,Critical,Personal,3268561,41805,CERT-In,Open
CR09700,31-01-2024,Andhra Pradesh,Visakhapatnam,Phishing,Medium,Education,2564673,10015,Organization,Investigating
CR09701,26-03-2024,Andhra Pradesh,Visakhapatnam,Online Fraud,Critical,Corporate,1628036,16632,News,Resolved
CR09702,12-07-2025,Mizoram,Aizawl,Phishing,Medium,E-commerce,402258,39137,News,Resolved
CR09703,30-07-2025,Andhra Pradesh,Vijayawada,Malware,Medium,Banking,595671,47952,Organization,Open
CR09704,25-08-2025,Uttar Pradesh,Noida,Ransomware,Low,Banking,1359212,28409,CERT-In,Resolved
CR09705,24-03-2026,Dadra and Nagar Haveli and Daman and Diu,Daman,Online Fraud,Low,Government,1642503,3208,CERT-In,Open
CR09706,28-07-2025,Tripura,Agartala,Ransomware,Medium,Banking,3296067,26434,News,Open
CR09707,22-05-2026,Manipur,Imphal,Identity Theft,Low,Corporate,1539824,37812,News,Open
CR09708,27-07-2026,Dadra and Nagar Haveli and Daman and Diu,Daman,Online Fraud,Medium,E-commerce,4658875,38674,User Report,Open
CR09709,15-06-2025,Bihar,Gaya,Phishing,Medium,IT,4564272,7905,Organization,Open
CR09710,27-08-2025,Andaman and Nicobar Islands,Port Blair,Phishing,Medium,Banking,1019983,37094,Organization,Investigating
CR09711,03-10-2025,Odisha,Bhubaneswar,Phishing,High,Corporate,4253863,44496,User Report,Resolved
CR09712,25-05-2024,Arunachal Pradesh,Naharlagun,Data Breach,Medium,Personal,1858536,18766,User Report,Investigating
CR09713,26-11-2024,Lakshadweep,Kavaratti,Data Breach,High,E-commerce,2808947,22184,CERT-In,Open
CR09714,23-05-2024,Meghalaya,Shillong,Data Breach,Low,Government,1818470,15280,Organization,Resolved
CR09715,16-09-2025,Haryana,Faridabad,Ransomware,Medium,Education,4971742,9972,News,Investigating
CR09716,06-06-2024,Tamil Nadu,Chennai,Identity Theft,High,Education,3279497,25693,CERT-In,Investigating
CR09717,21-12-2024,Nagaland,Kohima,Data Breach,Low,Education,4632632,28396,News,Resolved
CR09718,26-09-2025,Jharkhand,Ranchi,Phishing,Critical,Education,95117,24316,News,Investigating
CR09719,17-07-2025,Jharkhand,Jamshedpur,Identity Theft,Critical,Corporate,2314611,22247,CERT-In,Investigating
CR09720,21-04-2025,Maharashtra,Pune,Ransomware,Medium,Corporate,2215319,85,User Report,Resolved
CR09721,31-05-2024,Tripura,Agartala,Data Breach,High,IT,1067348,33229,User Report,Investigating
CR09722,11-05-2024,Meghalaya,Shillong,Ransomware,Medium,Healthcare,4404297,20286,News,Investigating
CR09723,05-01-2026,Chandigarh,Chandigarh,Identity Theft,Medium,Government,2497405,26036,Organization,Resolved
CR09724,25-06-2024,Maharashtra,Nagpur,Malware,Low,Education,691617,37161,Organization,Investigating
CR09725,06-02-2024,Chandigarh,Chandigarh,Identity Theft,Medium,IT,3256808,10244,News,Resolved
CR09726,28-10-2025,Jharkhand,Ranchi,Ransomware,High,Personal,4687641,33553,Organization,Open
CR09727,12-03-2026,Rajasthan,Jodhpur,DDoS,Medium,Personal,3206165,4382,News,Open
CR09728,02-03-2025,Tamil Nadu,Madurai,Ransomware,Critical,Education,1994682,5987,Organization,Investigating
CR09729,26-03-2026,Karnataka,Mangaluru,Online Fraud,Low,Corporate,3933633,38082,News,Open
CR09730,31-05-2024,Mizoram,Aizawl,Malware,Medium,Corporate,1212575,36252,CERT-In,Open
CR09731,24-02-2025,Andhra Pradesh,Vijayawada,Ransomware,Medium,Corporate,531892,41014,News,Open
CR09732,09-03-2024,Maharashtra,Nashik,Phishing,Low,Banking,1134423,33202,User Report,Resolved
CR09733,13-12-2025,Karnataka,Mangaluru,DDoS,Medium,IT,1964422,21871,User Report,Open
CR09734,20-01-2024,Goa,Panaji,DDoS,Low,IT,3728906,3619,CERT-In,Resolved
CR09735,18-09-2024,Jharkhand,Jamshedpur,Online Fraud,High,IT,1444570,13362,Organization,Resolved
CR09736,27-05-2024,Mizoram,Aizawl,Identity Theft,High,Healthcare,1262915,23978,User Report,Resolved
CR09737,06-06-2024,Odisha,Bhubaneswar,Ransomware,Medium,Banking,1057277,25916,News,Resolved
CR09738,26-06-2024,Gujarat,Rajkot,Phishing,Critical,Healthcare,3766327,16250,User Report,Investigating
CR09739,05-01-2025,Arunachal Pradesh,Naharlagun,Ransomware,Low,E-commerce,4956256,39591,News,Open
CR09740,26-11-2024,Uttarakhand,Dehradun,Malware,Medium,Personal,941196,2628,Organization,Investigating
CR09741,03-09-2024,Chandigarh,Chandigarh,Identity Theft,High,Government,3028076,11635,CERT-In,Investigating
CR09742,08-02-2024,Himachal Pradesh,Shimla,Malware,Low,IT,467621,5287,CERT-In,Investigating
CR09743,08-03-2024,Tamil Nadu,Madurai,Online Fraud,Critical,Government,1347898,30804,User Report,Resolved
CR09744,20-09-2025,Andhra Pradesh,Vijayawada,Malware,Low,Banking,1875483,33822,CERT-In,Investigating
CR09745,25-08-2024,Delhi,New Delhi,Data Breach,High,Personal,2443721,1512,Organization,Open
CR09746,25-02-2024,Arunachal Pradesh,Itanagar,Online Fraud,High,Corporate,3309504,44546,CERT-In,Resolved
CR09747,28-09-2024,Manipur,Imphal,Data Breach,Medium,IT,829903,25507,CERT-In,Investigating
CR09748,27-08-2025,Kerala,Kochi,Identity Theft,Critical,E-commerce,2089899,3959,CERT-In,Open
CR09749,21-06-2024,Punjab,Chandigarh,DDoS,Medium,Corporate,3845927,3027,CERT-In,Investigating
CR09750,05-01-2024,Delhi,New Delhi,Data Breach,Low,Corporate,1468754,38247,News,Investigating
CR09751,07-01-2026,Rajasthan,Udaipur,Phishing,High,Corporate,4546717,4680,User Report,Resolved
CR09752,04-07-2026,Goa,Margao,DDoS,Low,Personal,560345,32326,User Report,Resolved
CR09753,16-03-2025,Punjab,Ludhiana,Data Breach,Critical,Government,616374,37679,CERT-In,Open
CR09754,21-01-2025,Haryana,Faridabad,Online Fraud,Critical,E-commerce,2635137,11044,User Report,Open
CR09755,11-05-2025,Haryana,Gurugram,Malware,Low,E-commerce,2983239,48277,User Report,Resolved
CR09756,08-12-2024,Ladakh,Leh,Data Breach,High,Education,129376,11203,User Report,Investigating
CR09757,29-05-2024,Kerala,Thiruvananthapuram,DDoS,Critical,Education,1721126,45397,User Report,Open
CR09758,23-01-2025,Meghalaya,Shillong,Ransomware,Low,IT,3885501,27422,User Report,Investigating
CR09759,14-11-2025,Tripura,Agartala,Online Fraud,High,IT,984306,41847,News,Resolved
CR09760,30-08-2025,Tripura,Agartala,Malware,Critical,Education,3549771,22350,CERT-In,Resolved
CR09761,01-01-2025,Kerala,Kochi,Data Breach,Medium,Corporate,4176865,33917,Organization,Investigating
CR09762,01-08-2025,Odisha,Bhubaneswar,Phishing,Critical,Education,195461,465,News,Resolved
CR09763,24-12-2024,Uttarakhand,Dehradun,DDoS,Critical,Education,2133470,29174,User Report,Open
CR09764,11-12-2025,Ladakh,Leh,Ransomware,Low,Education,1736931,5736,CERT-In,Investigating
CR09765,28-08-2024,Kerala,Thiruvananthapuram,Phishing,Medium,Education,1172179,15370,Organization,Resolved
CR09766,19-09-2024,Uttarakhand,Dehradun,Malware,High,Government,1327589,17996,CERT-In,Open
CR09767,05-09-2025,Andaman and Nicobar Islands,Port Blair,Ransomware,Low,E-commerce,939112,24654,Organization,Investigating
CR09768,30-04-2025,Puducherry,Puducherry,Online Fraud,Critical,Education,3834369,23828,CERT-In,Resolved
CR09769,16-08-2024,Tamil Nadu,Madurai,Ransomware,High,Personal,1139285,28356,User Report,Investigating
CR09770,10-07-2025,Punjab,Ludhiana,Identity Theft,Critical,IT,2802477,38508,CERT-In,Investigating
CR09771,28-06-2025,Maharashtra,Nagpur,Data Breach,High,Education,3033802,30391,User Report,Investigating
CR09772,08-01-2026,Meghalaya,Shillong,Identity Theft,Low,Corporate,705477,13656,User Report,Resolved
CR09773,19-07-2025,Ladakh,Leh,Online Fraud,Medium,E-commerce,4953897,2814,User Report,Open
CR09774,04-01-2024,Andaman and Nicobar Islands,Port Blair,Identity Theft,High,E-commerce,4331939,39261,Organization,Investigating
CR09775,10-04-2024,Andhra Pradesh,Visakhapatnam,Data Breach,Low,IT,2896377,17986,Organization,Resolved
CR09776,11-04-2024,Puducherry,Puducherry,Ransomware,Medium,Banking,973851,12945,CERT-In,Open
CR09777,04-04-2026,Maharashtra,Pune,Malware,High,Corporate,1869954,18872,News,Investigating
CR09778,04-02-2025,Chandigarh,Chandigarh,Malware,Low,Banking,3001231,34781,User Report,Resolved
CR09779,13-05-2025,Goa,Margao,Online Fraud,Critical,E-commerce,1021189,29711,CERT-In,Investigating
CR09780,15-02-2024,Telangana,Warangal,Ransomware,Medium,Corporate,3393110,16935,News,Investigating
CR09781,09-04-2024,Kerala,Thiruvananthapuram,Data Breach,High,Government,4267240,44057,User Report,Investigating
CR09782,29-10-2024,Tamil Nadu,Madurai,Identity Theft,Critical,Corporate,3854934,26497,CERT-In,Open
CR09783,26-03-2026,Himachal Pradesh,Shimla,Malware,High,Education,1281684,21074,News,Resolved
CR09784,18-02-2025,Arunachal Pradesh,Itanagar,Phishing,Medium,IT,4934909,43957,CERT-In,Open
CR09785,16-09-2025,West Bengal,Durgapur,Data Breach,Medium,IT,2954816,40457,CERT-In,Open
CR09786,18-01-2024,Rajasthan,Udaipur,DDoS,Medium,Corporate,559721,36708,News,Resolved
CR09787,16-04-2025,Karnataka,Mangaluru,Online Fraud,Medium,Corporate,3574623,35936,News,Investigating
CR09788,05-10-2024,Tamil Nadu,Madurai,Ransomware,Critical,IT,1517108,8332,News,Resolved
CR09789,16-11-2024,Rajasthan,Udaipur,Online Fraud,Medium,Government,773848,34671,Organization,Open
CR09790,09-04-2026,Jharkhand,Ranchi,Data Breach,Low,E-commerce,4340865,346,News,Resolved
CR09791,03-01-2026,Nagaland,Kohima,Ransomware,Critical,Government,3356269,17299,CERT-In,Open
CR09792,20-04-2026,Maharashtra,Mumbai,Identity Theft,Critical,IT,2456050,15990,News,Resolved
CR09793,16-05-2024,Dadra and Nagar Haveli and Daman and Diu,Daman,DDoS,Critical,Banking,4432388,19729,Organization,Open
CR09794,26-07-2025,Odisha,Bhubaneswar,Phishing,Critical,Education,932992,27402,CERT-In,Resolved
CR09795,05-05-2026,Karnataka,Mysuru,Phishing,Critical,Education,2558154,44992,CERT-In,Investigating
CR09796,20-08-2025,Tripura,Agartala,Ransomware,Critical,Education,215285,29050,Organization,Investigating
CR09797,26-09-2025,Chandigarh,Chandigarh,Identity Theft,Critical,Education,3749301,15287,News,Investigating
CR09798,06-08-2025,Haryana,Faridabad,Ransomware,Medium,Education,4038074,6489,Organization,Investigating
CR09799,15-02-2026,Ladakh,Leh,DDoS,Critical,Banking,76862,29784,Organization,Resolved
CR09800,02-03-2026,Chandigarh,Chandigarh,Online Fraud,Critical,Personal,3291382,26779,News,Open
CR09801,20-07-2025,Assam,Guwahati,Phishing,High,Healthcare,3532391,1571,CERT-In,Investigating
CR09802,04-11-2024,Andaman and Nicobar Islands,Port Blair,Identity Theft,Low,Corporate,3512214,20203,CERT-In,Open
CR09803,02-05-2025,Punjab,Chandigarh,Online Fraud,Medium,Personal,2577000,39990,Organization,Investigating
CR09804,08-09-2025,Kerala,Kozhikode,DDoS,Medium,Banking,3377481,21265,News,Open
CR09805,03-10-2025,Punjab,Chandigarh,Malware,Low,Personal,2566643,40381,News,Resolved
CR09806,22-08-2025,Kerala,Kochi,Ransomware,Low,Healthcare,333416,18072,Organization,Resolved
CR09807,06-08-2024,Arunachal Pradesh,Itanagar,Phishing,Low,Personal,175001,13625,User Report,Resolved
CR09808,04-09-2024,Andhra Pradesh,Vijayawada,Data Breach,Low,Corporate,4119207,8304,CERT-In,Investigating
CR09809,06-07-2025,Meghalaya,Shillong,Online Fraud,Medium,E-commerce,3454458,24239,Organization,Investigating
CR09810,20-07-2026,Delhi,New Delhi,Data Breach,Critical,Banking,3976223,49574,CERT-In,Open
CR09811,30-05-2025,Delhi,New Delhi,Phishing,Critical,Corporate,3442071,40262,Organization,Resolved
CR09812,12-12-2024,Telangana,Warangal,DDoS,High,Government,2762966,28704,User Report,Open
CR09813,31-10-2024,Odisha,Bhubaneswar,Identity Theft,Critical,Corporate,2731885,49208,CERT-In,Investigating
CR09814,20-01-2024,Jammu and Kashmir,Srinagar,DDoS,Low,Government,2323413,32423,News,Resolved
CR09815,08-03-2025,Kerala,Kochi,Data Breach,High,IT,1554642,49223,User Report,Resolved
CR09816,22-10-2024,Jammu and Kashmir,Jammu,DDoS,Low,Corporate,3751601,29804,Organization,Open
CR09817,18-10-2024,Bihar,Patna,DDoS,Medium,Healthcare,2339141,30203,News,Investigating
CR09818,03-11-2025,Chandigarh,Chandigarh,Online Fraud,Medium,Education,3736553,2161,CERT-In,Resolved
CR09819,16-02-2026,Nagaland,Dimapur,Ransomware,Low,Government,4491194,45075,News,Resolved
CR09820,07-02-2024,Nagaland,Dimapur,Phishing,Low,IT,4858287,38317,Organization,Open
CR09821,18-07-2026,Delhi,New Delhi,Online Fraud,High,Healthcare,850184,34137,News,Investigating
CR09822,07-07-2024,Himachal Pradesh,Dharamshala,DDoS,High,Corporate,4528691,29969,Organization,Investigating
CR09823,08-01-2024,Maharashtra,Nashik,Data Breach,Critical,IT,3611127,11356,News,Investigating
CR09824,19-11-2025,Jharkhand,Ranchi,Identity Theft,High,E-commerce,1791460,34591,Organization,Resolved
CR09825,13-03-2024,Rajasthan,Jaipur,Online Fraud,High,IT,2157777,37061,Organization,Investigating
CR09826,08-07-2024,Ladakh,Leh,Phishing,Critical,Personal,4784860,21183,User Report,Resolved
CR09827,29-08-2024,Haryana,Faridabad,Ransomware,High,Healthcare,3212236,49674,User Report,Open
CR09828,10-11-2025,Nagaland,Dimapur,Data Breach,Low,Corporate,4404891,25279,Organization,Resolved
CR09829,22-03-2024,Telangana,Warangal,Phishing,Low,Banking,3045862,40290,Organization,Open
CR09830,17-02-2024,Uttarakhand,Dehradun,Malware,Medium,Education,263035,40440,Organization,Resolved
CR09831,22-09-2024,Odisha,Bhubaneswar,Phishing,High,Corporate,2085292,40777,User Report,Resolved
CR09832,03-02-2025,West Bengal,Siliguri,Ransomware,High,Government,4951589,38401,CERT-In,Investigating
CR09833,01-07-2024,Dadra and Nagar Haveli and Daman and Diu,Daman,DDoS,Critical,E-commerce,3684246,40328,Organization,Resolved
CR09834,02-01-2025,Mizoram,Aizawl,Phishing,Critical,Corporate,3326143,23229,News,Investigating
CR09835,08-07-2025,Lakshadweep,Kavaratti,Malware,Critical,Education,1383291,44892,News,Investigating
CR09836,16-04-2024,Jammu and Kashmir,Srinagar,Phishing,High,Banking,4811844,7341,Organization,Investigating
CR09837,11-07-2025,Uttarakhand,Haridwar,Online Fraud,Low,Education,3118584,25264,Organization,Resolved
CR09838,04-12-2025,Odisha,Cuttack,Identity Theft,Medium,Healthcare,1018147,44757,News,Resolved
CR09839,06-08-2024,Tamil Nadu,Chennai,Malware,High,Corporate,1863431,5289,News,Open
CR09840,01-05-2025,Himachal Pradesh,Dharamshala,DDoS,High,Healthcare,3272407,45527,Organization,Investigating
CR09841,17-02-2025,Punjab,Ludhiana,Online Fraud,Medium,Government,1641192,7841,User Report,Investigating
CR09842,07-01-2024,Telangana,Warangal,Phishing,Medium,Education,489862,26027,CERT-In,Resolved
CR09843,08-08-2025,Goa,Margao,Data Breach,Critical,E-commerce,3089771,16250,CERT-In,Open
CR09844,26-10-2024,Assam,Silchar,Identity Theft,High,E-commerce,1599456,43079,CERT-In,Open
CR09845,19-10-2024,Tripura,Agartala,Malware,Low,Banking,191319,35069,News,Resolved
CR09846,02-08-2025,Tripura,Agartala,Identity Theft,Low,Education,4916087,31632,News,Open
CR09847,21-04-2024,Puducherry,Puducherry,Phishing,High,Corporate,2714253,2265,CERT-In,Investigating
CR09848,14-01-2025,Puducherry,Puducherry,Data Breach,Critical,Corporate,2615698,17033,User Report,Open
CR09849,10-12-2025,Lakshadweep,Kavaratti,Online Fraud,Critical,Personal,1035648,35101,Organization,Open
CR09850,08-05-2026,West Bengal,Kolkata,DDoS,Critical,E-commerce,2701224,26284,CERT-In,Open
CR09851,05-12-2024,Jammu and Kashmir,Jammu,Malware,Critical,Corporate,844794,28357,Organization,Investigating
CR09852,22-08-2025,Gujarat,Ahmedabad,Data Breach,Critical,Government,4042474,34670,News,Open
CR09853,21-01-2026,Nagaland,Dimapur,DDoS,Critical,Banking,4258641,28707,User Report,Open
CR09854,08-04-2026,Maharashtra,Pune,Ransomware,Medium,Government,2355877,3307,CERT-In,Resolved
CR09855,16-05-2024,Lakshadweep,Kavaratti,DDoS,Low,Banking,2649241,34678,CERT-In,Resolved
CR09856,27-03-2026,Dadra and Nagar Haveli and Daman and Diu,Silvassa,Malware,Medium,E-commerce,1520440,40514,News,Open
CR09857,25-05-2025,West Bengal,Durgapur,Identity Theft,High,Government,108764,48375,CERT-In,Resolved
CR09858,13-07-2026,Tamil Nadu,Madurai,DDoS,Critical,IT,2874259,11050,Organization,Resolved
CR09859,01-10-2024,Maharashtra,Nagpur,Phishing,Low,E-commerce,553759,2251,News,Resolved
CR09860,03-03-2026,Haryana,Faridabad,Online Fraud,High,Banking,392153,25639,User Report,Investigating
CR09861,07-09-2024,Maharashtra,Nashik,Online Fraud,Critical,IT,4621889,48487,Organization,Investigating
CR09862,18-03-2026,Ladakh,Leh,Phishing,Low,Corporate,3089887,42283,Organization,Investigating
CR09863,26-07-2026,Assam,Silchar,DDoS,High,IT,2751026,1262,Organization,Resolved
CR09864,19-02-2025,Bihar,Gaya,Online Fraud,High,Government,3290874,15076,Organization,Investigating
CR09865,21-10-2025,Dadra and Nagar Haveli and Daman and Diu,Daman,Identity Theft,Medium,IT,1271901,6389,Organization,Resolved
CR09866,11-07-2026,Uttar Pradesh,Kanpur,Online Fraud,Medium,E-commerce,4267176,47774,User Report,Investigating
CR09867,22-07-2025,Telangana,Warangal,Malware,Medium,Corporate,2386125,13348,Organization,Investigating
CR09868,05-02-2025,Jammu and Kashmir,Jammu,Phishing,Medium,IT,2220394,43946,News,Resolved
CR09869,31-01-2026,West Bengal,Kolkata,Identity Theft,Critical,Education,1993190,21429,Organization,Investigating
CR09870,05-09-2024,Ladakh,Leh,Online Fraud,Medium,Corporate,2129155,20038,Organization,Open
CR09871,03-03-2026,Karnataka,Bengaluru,Identity Theft,Critical,IT,4623312,46347,User Report,Open
CR09872,04-01-2026,Tripura,Agartala,Identity Theft,Low,Government,2524584,15724,News,Resolved
CR09873,17-12-2025,Madhya Pradesh,Bhopal,Data Breach,Medium,Education,918665,13884,News,Open
CR09874,07-06-2025,Tamil Nadu,Coimbatore,Malware,Medium,Banking,3891375,39489,Organization,Open
CR09875,11-05-2024,Gujarat,Rajkot,DDoS,Medium,Banking,4544935,15058,News,Investigating
CR09876,02-08-2024,Lakshadweep,Kavaratti,Online Fraud,Low,Banking,1083839,49058,News,Investigating
CR09877,25-03-2026,Uttarakhand,Dehradun,DDoS,High,Government,2652470,9654,User Report,Investigating
CR09878,25-11-2024,Haryana,Gurugram,Identity Theft,Critical,Banking,2963297,30081,User Report,Investigating
CR09879,17-09-2024,Odisha,Bhubaneswar,Online Fraud,Critical,Corporate,362126,19431,Organization,Resolved
CR09880,09-03-2024,Tripura,Agartala,Ransomware,Medium,E-commerce,2257769,35462,News,Investigating
CR09881,17-08-2025,Jharkhand,Jamshedpur,Phishing,Low,Banking,2895241,1349,Organization,Investigating
CR09882,28-05-2025,Jharkhand,Jamshedpur,Malware,Critical,Personal,329431,10348,User Report,Investigating
CR09883,17-06-2024,Dadra and Nagar Haveli and Daman and Diu,Daman,DDoS,Medium,IT,4638320,24979,News,Investigating
CR09884,09-04-2026,Nagaland,Kohima,Identity Theft,Low,Education,3000829,23794,Organization,Investigating
CR09885,26-01-2024,Haryana,Panipat,Malware,High,Banking,1722184,1163,News,Open
CR09886,05-06-2026,Ladakh,Leh,Phishing,Low,Personal,1077105,29036,News,Open
CR09887,23-07-2025,Rajasthan,Udaipur,Online Fraud,Medium,IT,4747151,43502,User Report,Investigating
CR09888,29-12-2025,Chhattisgarh,Raipur,Ransomware,Medium,Corporate,2248351,20956,CERT-In,Investigating
CR09889,02-02-2025,Nagaland,Kohima,Malware,Critical,Personal,1325327,6738,User Report,Open
CR09890,23-01-2026,Haryana,Gurugram,Identity Theft,Low,Government,2054337,42874,Organization,Investigating
CR09891,26-02-2026,Delhi,New Delhi,Data Breach,High,Banking,2020496,45448,CERT-In,Resolved
CR09892,28-10-2024,Punjab,Chandigarh,Ransomware,Low,IT,341077,29666,User Report,Open
CR09893,02-08-2024,Odisha,Bhubaneswar,Phishing,Low,Banking,1635672,33369,Organization,Investigating
CR09894,09-03-2025,Arunachal Pradesh,Itanagar,DDoS,Critical,Personal,2687858,29860,CERT-In,Resolved
CR09895,26-01-2024,Ladakh,Leh,Malware,High,Education,2963704,3666,CERT-In,Open
CR09896,28-04-2024,Punjab,Chandigarh,Online Fraud,High,Banking,2258012,25397,Organization,Investigating
CR09897,12-07-2026,Lakshadweep,Kavaratti,Online Fraud,Critical,Personal,2196110,13087,News,Open
CR09898,22-04-2025,Assam,Dibrugarh,Malware,High,E-commerce,2504766,20328,CERT-In,Open
CR09899,21-11-2024,Uttar Pradesh,Noida,Identity Theft,Critical,Education,511965,2239,CERT-In,Investigating
CR09900,03-11-2025,Andaman and Nicobar Islands,Port Blair,Data Breach,Medium,Healthcare,3881361,42552,User Report,Resolved
CR09901,28-02-2024,Nagaland,Kohima,Malware,Medium,Government,2931610,33195,CERT-In,Resolved
CR09902,08-05-2025,Tripura,Agartala,DDoS,Low,Personal,4932315,31416,User Report,Open
CR09903,05-01-2026,Telangana,Warangal,Identity Theft,High,Education,3271510,43439,CERT-In,Resolved
CR09904,31-03-2026,Rajasthan,Jaipur,DDoS,Critical,Corporate,2062255,48872,News,Investigating
CR09905,27-05-2024,Maharashtra,Nashik,Data Breach,High,IT,4933230,21402,Organization,Resolved
CR09906,06-05-2024,Meghalaya,Shillong,Identity Theft,High,Government,2335569,33670,News,Investigating
CR09907,31-05-2026,Meghalaya,Shillong,Identity Theft,High,E-commerce,1089808,168,CERT-In,Investigating
CR09908,10-03-2025,Meghalaya,Shillong,Online Fraud,Medium,Government,4670344,45760,News,Investigating
CR09909,16-09-2025,Punjab,Chandigarh,Malware,Critical,Education,2077280,44760,News,Open
CR09910,24-07-2025,Chandigarh,Chandigarh,DDoS,Medium,Government,3208522,27001,News,Open
CR09911,02-05-2025,Himachal Pradesh,Shimla,DDoS,Low,E-commerce,981519,5605,CERT-In,Resolved
CR09912,13-06-2025,Himachal Pradesh,Shimla,Data Breach,High,IT,4412173,5568,Organization,Resolved
CR09913,13-02-2025,Assam,Silchar,Online Fraud,High,Banking,1667577,11547,Organization,Resolved
CR09914,30-06-2025,Jharkhand,Ranchi,Identity Theft,Critical,Government,1747370,48149,News,Resolved
CR09915,11-03-2025,Haryana,Panipat,Identity Theft,Critical,Education,789235,19192,Organization,Resolved
CR09916,19-07-2026,Chhattisgarh,Bilaspur,Phishing,Medium,Healthcare,4617749,550,News,Open
CR09917,17-10-2025,Gujarat,Vadodara,Ransomware,Critical,Banking,3315198,2822,Organization,Resolved
CR09918,21-12-2025,Himachal Pradesh,Dharamshala,Ransomware,Critical,Banking,600921,14032,Organization,Open
CR09919,06-11-2024,Madhya Pradesh,Indore,Malware,Critical,IT,4330344,47807,CERT-In,Investigating
CR09920,11-01-2026,Maharashtra,Pune,Data Breach,Low,Personal,2937122,32714,CERT-In,Investigating
CR09921,21-01-2026,Ladakh,Leh,Phishing,Critical,E-commerce,3396326,19507,News,Investigating
CR09922,04-06-2026,Andaman and Nicobar Islands,Port Blair,Malware,High,E-commerce,1302508,7106,User Report,Resolved
CR09923,09-05-2024,Lakshadweep,Kavaratti,Identity Theft,Low,Government,2437289,38414,CERT-In,Resolved
CR09924,25-07-2026,Manipur,Imphal,Phishing,High,Education,4595974,9186,User Report,Resolved
CR09925,04-10-2025,West Bengal,Kolkata,Ransomware,Low,Banking,3941978,11462,Organization,Open
CR09926,18-06-2026,Rajasthan,Jaipur,Ransomware,High,E-commerce,4075080,36854,News,Resolved
CR09927,26-08-2024,Chhattisgarh,Raipur,Identity Theft,Critical,Education,2629606,3792,User Report,Investigating
CR09928,04-07-2024,Tamil Nadu,Madurai,Malware,Medium,Education,2628413,31776,CERT-In,Investigating
CR09929,21-09-2024,West Bengal,Kolkata,DDoS,High,Education,2267431,9615,User Report,Resolved
CR09930,09-01-2026,Himachal Pradesh,Dharamshala,Phishing,High,IT,4210673,43598,CERT-In,Resolved
CR09931,16-10-2025,Karnataka,Mangaluru,DDoS,High,Corporate,3637688,33369,CERT-In,Investigating
CR09932,13-03-2025,Tamil Nadu,Coimbatore,Online Fraud,Low,Government,1721821,30786,News,Open
CR09933,25-02-2024,Chandigarh,Chandigarh,Ransomware,Critical,Personal,4269302,47940,Organization,Investigating
CR09934,25-03-2026,Madhya Pradesh,Bhopal,Data Breach,Critical,E-commerce,32597,9861,News,Open
CR09935,05-11-2025,Arunachal Pradesh,Itanagar,Malware,Low,E-commerce,2315902,20254,User Report,Resolved
CR09936,13-12-2024,Andhra Pradesh,Visakhapatnam,DDoS,Critical,Banking,3065331,36359,User Report,Open
CR09937,09-10-2024,Haryana,Gurugram,Malware,Critical,Education,3124710,20080,CERT-In,Resolved
CR09938,12-01-2026,Punjab,Ludhiana,Malware,Critical,Education,1666702,38960,News,Open
CR09939,18-11-2024,Nagaland,Kohima,Malware,Low,Education,743416,45920,News,Investigating
CR09940,20-05-2024,Punjab,Amritsar,DDoS,Low,IT,4985830,922,News,Resolved
CR09941,18-11-2025,Andhra Pradesh,Visakhapatnam,Identity Theft,Critical,Corporate,3951224,36536,Organization,Resolved
CR09942,11-06-2026,Assam,Silchar,Phishing,Critical,Government,1255431,43207,CERT-In,Investigating
CR09943,21-03-2024,Uttar Pradesh,Kanpur,Identity Theft,Low,Government,3676745,32373,CERT-In,Open
CR09944,22-04-2026,Chandigarh,Chandigarh,Data Breach,High,IT,1430370,5347,News,Open
CR09945,08-10-2025,Gujarat,Surat,Online Fraud,Low,IT,2034753,35700,News,Resolved
CR09946,25-12-2025,Arunachal Pradesh,Itanagar,Malware,High,Banking,2458619,34570,User Report,Open
CR09947,06-01-2025,Chandigarh,Chandigarh,Data Breach,High,Banking,4790960,29952,Organization,Open
CR09948,20-02-2025,Maharashtra,Mumbai,DDoS,High,Government,29735,3455,News,Resolved
CR09949,29-11-2025,Bihar,Patna,Data Breach,Critical,Personal,3610394,16327,CERT-In,Investigating
CR09950,21-02-2024,Puducherry,Puducherry,Online Fraud,Low,Banking,3554982,19501,News,Resolved
CR09951,08-03-2026,Punjab,Chandigarh,Data Breach,Critical,Banking,253728,42527,User Report,Resolved
CR09952,07-02-2024,Nagaland,Kohima,DDoS,High,Corporate,427315,42253,CERT-In,Open
CR09953,21-07-2024,West Bengal,Durgapur,Ransomware,High,Healthcare,283635,6536,User Report,Resolved
CR09954,25-03-2024,Bihar,Gaya,Data Breach,Medium,IT,2335900,2282,User Report,Resolved
CR09955,10-12-2024,Andhra Pradesh,Visakhapatnam,Malware,Medium,Government,1126996,44249,News,Open
CR09956,31-05-2026,Odisha,Bhubaneswar,Ransomware,High,Government,3611145,34840,CERT-In,Resolved
CR09957,20-12-2025,Manipur,Imphal,Identity Theft,Medium,Personal,4267520,5060,News,Open
CR09958,03-01-2025,Tripura,Agartala,Malware,Critical,IT,1775225,37265,CERT-In,Open
CR09959,23-05-2025,Punjab,Chandigarh,Ransomware,Low,Personal,4579841,36974,News,Investigating
CR09960,07-12-2025,Meghalaya,Shillong,Online Fraud,Critical,Banking,673749,518,CERT-In,Open
CR09961,25-09-2025,Tripura,Agartala,Ransomware,Medium,Personal,1185552,22792,User Report,Open
CR09962,20-04-2025,Meghalaya,Shillong,Data Breach,Medium,IT,2058777,10920,User Report,Investigating
CR09963,15-09-2024,Rajasthan,Jodhpur,Ransomware,Critical,Banking,2152273,37025,CERT-In,Resolved
CR09964,22-04-2025,Jharkhand,Jamshedpur,Data Breach,Critical,Healthcare,3230371,32822,User Report,Open
CR09965,26-03-2025,Sikkim,Gangtok,Malware,Low,Government,249951,38816,News,Open
CR09966,29-03-2025,Punjab,Ludhiana,Online Fraud,Low,Education,1288956,20867,User Report,Resolved
CR09967,05-03-2024,Uttar Pradesh,Kanpur,Phishing,High,IT,77214,9168,CERT-In,Investigating
CR09968,03-01-2025,Telangana,Warangal,Phishing,High,IT,848114,2292,News,Investigating
CR09969,27-08-2025,Kerala,Thiruvananthapuram,Identity Theft,Medium,Corporate,3897355,49800,News,Investigating
CR09970,08-12-2024,Kerala,Kochi,Malware,Critical,IT,2797309,20691,Organization,Investigating
CR09971,06-03-2024,Madhya Pradesh,Bhopal,Data Breach,Low,Healthcare,2455434,19036,CERT-In,Open
CR09972,10-07-2024,Ladakh,Leh,Malware,Critical,E-commerce,920995,32246,Organization,Resolved
CR09973,28-02-2025,Uttarakhand,Dehradun,Data Breach,Low,Healthcare,4066898,47408,Organization,Investigating
CR09974,03-09-2024,Chhattisgarh,Raipur,Malware,Medium,Personal,3839423,6446,Organization,Investigating
CR09975,28-01-2024,Madhya Pradesh,Indore,Online Fraud,Medium,Education,4224405,44364,User Report,Resolved
CR09976,07-04-2025,Dadra and Nagar Haveli and Daman and Diu,Daman,Data Breach,High,Banking,758138,29999,Organization,Open
CR09977,16-06-2025,Manipur,Imphal,Online Fraud,Medium,E-commerce,1341917,5383,CERT-In,Investigating
CR09978,05-01-2026,Gujarat,Surat,Data Breach,Low,Government,4354838,31652,User Report,Resolved
CR09979,14-03-2024,Delhi,New Delhi,Phishing,Low,Corporate,3519972,47424,User Report,Resolved
CR09980,15-06-2025,Delhi,New Delhi,Online Fraud,Critical,IT,3046516,29823,CERT-In,Investigating
CR09981,15-02-2025,West Bengal,Kolkata,Data Breach,Critical,E-commerce,3989406,4892,CERT-In,Open
CR09982,16-06-2026,Ladakh,Leh,DDoS,Critical,Healthcare,3633323,4851,Organization,Open
CR09983,16-04-2025,Andaman and Nicobar Islands,Port Blair,Data Breach,Critical,E-commerce,386270,26500,CERT-In,Resolved
CR09984,21-03-2026,Gujarat,Vadodara,Malware,High,Government,1710978,21555,Organization,Investigating
CR09985,11-04-2024,Chhattisgarh,Bilaspur,Ransomware,Low,E-commerce,2401147,46609,News,Resolved
CR09986,17-07-2026,Tamil Nadu,Coimbatore,Online Fraud,Critical,Healthcare,3131606,11098,User Report,Investigating
CR09987,08-06-2025,Uttarakhand,Dehradun,Ransomware,Low,Healthcare,2081315,34010,User Report,Resolved
CR09988,09-06-2024,Madhya Pradesh,Bhopal,Data Breach,Medium,Healthcare,1507277,28334,CERT-In,Investigating
CR09989,18-04-2024,Uttar Pradesh,Varanasi,Identity Theft,Medium,Banking,3647869,24569,News,Investigating
CR09990,30-08-2024,Manipur,Imphal,DDoS,Critical,Education,2236525,17884,News,Open
CR09991,23-02-2026,Haryana,Gurugram,DDoS,Medium,Banking,4853023,32305,CERT-In,Open
CR09992,15-01-2024,Tripura,Agartala,Online Fraud,Medium,Banking,4835624,34246,User Report,Resolved
CR09993,03-08-2025,Ladakh,Leh,Online Fraud,Low,Banking,2732940,36218,News,Investigating
CR09994,05-05-2025,Tamil Nadu,Coimbatore,Data Breach,Medium,Corporate,476144,39378,Organization,Open
CR09995,26-12-2024,West Bengal,Kolkata,Phishing,High,Banking,745136,7202,User Report,Investigating
CR09996,26-05-2026,Himachal Pradesh,Shimla,Identity Theft,Critical,Banking,4787566,47601,User Report,Open
CR09997,21-01-2024,Andaman and Nicobar Islands,Port Blair,Ransomware,High,Education,634968,9305,CERT-In,Open
CR09998,15-03-2025,Himachal Pradesh,Dharamshala,Data Breach,Low,Government,1286208,13767,User Report,Open
CR09999,09-05-2025,Karnataka,Mysuru,Identity Theft,Low,Healthcare,4395936,32380,User Report,Investigating
CR10000,26-09-2025,West Bengal,Siliguri,Data Breach,Critical,Government,2786315,10899,User Report,Open
LIVE-7800122691371206049,2026-08-08,Unknown,Unknown,Other,Medium,General,0,0,The Hacker News,Active
LIVE-4326037419981165707,2026-08-08,Unknown,Unknown,Data Breach,Critical,General,0,0,The Hacker News,Active
LIVE-9025559812905952078,2026-08-08,Unknown,Unknown,Vulnerability,Critical,General,0,0,The Hacker News,Active
LIVE-3726437705175960932,2026-08-08,Unknown,Unknown,Vulnerability,Critical,General,0,0,The Hacker News,Active
LIVE-1196852292988543567,2026-08-08,Unknown,Unknown,Vulnerability,Critical,General,0,0,The Hacker News,Active
LIVE-2137067636076799488,2026-08-08,Unknown,Unknown,Malware,High,General,0,0,The Hacker News,Active
LIVE-3920862976023090043,2026-08-07,Unknown,Unknown,Malware,High,Banking,0,0,The Hacker News,Active
LIVE-5485827692578255435,2026-08-07,Unknown,Unknown,Phishing,High,General,0,0,The Hacker News,Active
LIVE-2377588597466542809,2026-08-07,Unknown,Unknown,Vulnerability,Critical,General,0,0,The Hacker News,Active
LIVE-1980256485593875042,2026-08-07,Unknown,Unknown,Other,Medium,General,0,0,The Hacker News,Active
LIVE-342230615682527384,2026-08-07,Unknown,Unknown,Other,Medium,General,0,0,The Hacker News,Active
LIVE-3731067970755674720,2026-08-07,Unknown,Unknown,Other,Medium,General,0,0,The Hacker News,Active
LIVE-1647227401079733931,2026-08-07,Unknown,Unknown,Phishing,High,Banking,0,0,The Hacker News,Active
LIVE-2717354605771857769,2026-08-07,Unknown,Unknown,Vulnerability,Critical,General,0,0,The Hacker News,Active
LIVE-5166995877698402864,2026-08-07,Unknown,Unknown,Malware,High,General,0,0,The Hacker News,Active
LIVE-3199833087754989901,2026-08-07,Unknown,Unknown,Other,Medium,General,0,0,The Hacker News,Active
LIVE-4019154230106726867,2026-08-07,Unknown,Unknown,Malware,High,General,0,0,The Hacker News,Active
LIVE-3229581893013183099,2026-08-06,Unknown,Unknown,Vulnerability,Critical,General,0,0,The Hacker News,Active
LIVE-8859720573952456007,2026-08-06,Unknown,Unknown,Other,Medium,General,0,0,The Hacker News,Active
LIVE-8256811199935406072,2026-08-06,Unknown,Unknown,Other,Medium,General,0,0,The Hacker News,Active
LIVE-5402558435573253296,2026-08-06,Unknown,Unknown,Other,Medium,General,0,0,The Hacker News,Active
LIVE-3357580189892946816,2026-08-06,Unknown,Unknown,Other,Medium,General,0,0,The Hacker News,Active
LIVE-4560271536267968135,2026-08-06,Unknown,Unknown,Other,Medium,Banking,0,0,The Hacker News,Active
LIVE-5993044984051795482,2026-08-06,Unknown,Unknown,Other,Medium,General,0,0,The Hacker News,Active
LIVE-2684492678653041642,2026-08-06,Unknown,Unknown,Malware,High,General,0,0,The Hacker News,Active
LIVE-8199136865573141392,2026-08-06,Unknown,Unknown,Vulnerability,Critical,General,0,0,The Hacker News,Active
LIVE-87448006002543301,2026-08-06,Unknown,Unknown,Other,Medium,E-Commerce,0,0,The Hacker News,Active
LIVE-6833330850247674952,2026-08-06,Unknown,Unknown,Other,Medium,General,0,0,The Hacker News,Active
LIVE-5676275293294702361,2026-08-06,Unknown,Unknown,Ransomware,Critical,General,0,0,The Hacker News,Active
LIVE-5675773033648779199,2026-08-06,Unknown,Unknown,Vulnerability,Critical,General,0,0,The Hacker News,Active
MAN-20260808210141305480,2026-08-08,Gujarat,Surat,Ransomware,Medium,CA,100000,2,Manual Entry,Active
